Index,Energy,BoundaryWeight,CornerWeight,IPR,MeanBoundaryDistance
3211,-3.141568105769214,0.19824489138409657,0.013851711170296691,0.0016257219884983172,4.844101541455865
1108,-3.140899332200622,0.07276588656324495,0.01119733453920923,0.002161043371338253,6.510883964671791
621,-3.139554867567324,0.17745391142386718,0.010601796298249585,0.0016517193580080209,5.2293957408737874
1794,-3.138241435886683,0.13378881748394317,0.023862344061073112,0.002020046489835433,5.607578239267799
1595,-3.1371241096713,0.14690872909933245,0.03268460617303447,0.0015559597737831328,5.653881361933591
3742,-3.1369482896819934,0.1987213639916704,0.02977748976067079,0.0016406389836498916,4.646345351665636
3423,-3.1366441601584625,0.16825607018059435,0.02542565937253577,0.0016682681666419564,5.357679195951273
3806,-3.1353575243729024,0.1844167902738951,0.023841056012033283,0.002043521407745066,5.2650166814493975
3702,-3.133732635872306,0.2155873892456054,0.028104704930698114,0.0018355908366762216,4.485806332124876
2739,-3.1328409159353887,0.17351709136666632,0.015779772821481852,0.001507216787907263,5.491199627094881
2291,-3.1324510068174507,0.16340425343150536,0.014955130547967094,0.0014434400377233308,5.625079746084328
1908,-3.132277977595313,0.19528348926264172,0.02376483068391909,0.001621966413466858,5.284540813517795
2381,-3.132120340538813,0.20577127776987883,0.020121211450349872,0.0017698957234627158,4.843359811767928
1596,-3.131022332511229,0.2323375691981937,0.026260865839707038,0.0017955277812179522,5.390941877046401
237,-3.1299960213491205,0.23595182334745912,0.017787631124769977,0.0019817088019107466,5.411728030699768
101,-3.1295640106056397,0.23139611041520597,0.04719945396190864,0.0017035808437511736,4.753814095895608
3382,-3.128244241911321,0.22672633132061504,0.024150482149613097,0.0019174994995177583,5.11560938773051
2950,-3.1261856654758087,0.22841181688403772,0.012418231728035873,0.0017610020698563427,5.017103241154661
2308,-3.126021522697631,0.22207399460644522,0.02703580693557286,0.0019062551957369572,5.04597645561693
398,-3.1253541166115446,0.200310254801848,0.03137039296076942,0.001584779894099429,5.301526484722761
2829,-3.1251051366040246,0.20865225361203948,0.03170438950412893,0.0015712951092461428,5.173173243951866
655,-3.123864694610803,0.23963894136533867,0.02387208404895208,0.001977153660347816,4.898420307410197
1289,-3.120452628109099,0.19513550047881711,0.01894981043382378,0.0018353333222609733,5.529499172898004
1364,-3.1202902034228366,0.20428281061876258,0.014762094573748191,0.001912768054176371,5.4051835031422595
1503,-3.1201084388079487,0.22345344485655888,0.036793512980311645,0.0015855636586831019,4.677603418275068
515,-3.1199193832287757,0.22038462284477572,0.02872500928404193,0.001671309879633744,4.817494862956995
1472,-3.1191151196995075,0.2672987143635261,0.021393591304747543,0.001938075834234689,4.596983094503475
1321,-3.1146233329739816,0.3146915275080114,0.01361498340634879,0.0026221626776127046,4.031331282064907
2685,-3.1125806608013886,0.23197142904788864,0.030878342839604136,0.0017323233022439406,4.802481771358323
864,-3.112528458217865,0.22400258688696567,0.037917561006707415,0.0016595811403296054,4.797277091950285
3736,-3.110536288858789,0.1893458442335995,0.010278285322833066,0.0017384785977492359,5.278840937532613
3624,-3.110515561429852,0.17330168702701412,0.008876961009450098,0.001763428382695657,5.351905810616412
568,-3.1099438927539236,0.3314479107908838,0.017332534224918088,0.002378341172674455,3.790917854123533
276,-3.105903045073063,0.35365532069355043,0.02956206822655102,0.00219110687173142,3.597984013619834
1290,-3.1047317487924264,0.21789555517617898,0.021376875590895156,0.001514452655198199,4.93794855982116
2334,-3.104595402071031,0.1888668947965601,0.01042706212544071,0.0016041143325228088,5.205825925704703
1765,-3.103119264758121,0.3237095870190001,0.05347569280993757,0.001563151607102929,3.505699589510087
3569,-3.1018521630102307,0.17196480503741746,0.04052643484760341,0.0015261853739690684,5.265975499716001
3320,-3.1018100073387487,0.187307175989479,0.03983145549898129,0.001517921137382714,5.146756329867842
3642,-3.1015614174039206,0.2811487613294916,0.009870295813653862,0.0022186091256315046,4.080378011043409
3232,-3.1011997521381756,0.28129592658925273,0.04611622966911882,0.0018685778176881515,3.7919925601792572
3260,-3.0985684853503694,0.20543526307994522,0.010346600994441624,0.001966464185784025,5.043886869181112
1880,-3.0984831692319545,0.21261642557433363,0.017329992240979072,0.0017378187428793868,4.980458288282893
2458,-3.0974388340237127,0.30104806276092916,0.026359661271510404,0.0018163262187521683,3.8024708616981986
1831,-3.0972818457585616,0.2716905329385513,0.04354893996890518,0.0018521649754483095,3.8762359662171786
2632,-3.0959996212389576,0.18024085573172013,0.013864378448394391,0.0015976874503657074,5.6181635378729995
836,-3.095866028300153,0.18149897990464323,0.012031007829739841,0.0015774949114931935,5.549016448439655
3344,-3.093021528300659,0.23540579599130157,0.01493528452365238,0.0016327410075737793,4.803156380748645
2580,-3.0930052561756813,0.2207440711443762,0.015940951283944568,0.0016220058005059312,5.078444850529373
2442,-3.0927217770131223,0.2414151925077723,0.03746097814768855,0.0010405827263267429,4.6774193548391185
1395,-3.092331793262669,0.3476429444136905,0.06567074578137015,0.0016470931992959735,3.1414845161510563
925,-3.0922009801301202,0.2697573605378983,0.042982117603785494,0.0017891587635137786,4.158857511320543
797,-3.0920365629760194,0.2745099549750015,0.028555207206324745,0.00193943236431439,4.426206637119911
2740,-3.091171688737598,0.36788976198185014,0.06060660919595696,0.00172895494481189,4.143524997045128
1239,-3.0895466399840936,0.3948891908785953,0.09200703464858422,0.002123732794190104,3.793951907670984
1135,-3.0878631793622313,0.20644776969318784,0.013963797649893726,0.0016099744294496864,4.897448601222415
2864,-3.0878540625166764,0.24043398836509233,0.027278796440987366,0.001622504096312177,4.760705271551928
502,-3.087419782068148,0.3848941383090246,0.1333500425160561,0.0022401191676691768,3.693347780355069
102,-3.086189232414571,0.28854342560350693,0.015633561151108102,0.001793245541527546,3.812071682876567
3778,-3.0861027725640375,0.2784765505093456,0.01850431191387187,0.0018114910913131887,4.0879586969089345
1713,-3.084995163009907,0.41796846792871806,0.15717635086227572,0.0026221526331209532,3.4127678982849012
865,-3.081954618166991,0.381810701198559,0.11628976673423581,0.002253773302436804,3.8435476369517128
1960,-3.079713635781296,0.2220489444220352,0.02545234312584067,0.0015300844879373536,4.834116723751052
837,-3.07944142562126,0.19866710863577317,0.023408154546022745,0.0015321729067993227,5.095882481371392
899,-3.0793722198318783,0.2576742197271806,0.04105187525477223,0.0019133052988596151,4.50283791225579
2728,-3.0790411921015926,0.2788910937251843,0.03551705172270263,0.0017055709816329052,4.047311232038387
1016,-3.0774402371443905,0.3661919681575182,0.10814505628617059,0.002178222054166349,3.6776061508674758
2022,-3.0749873094118207,0.20607198472649693,0.028270991278482736,0.001685402844208581,4.901239254860121
2633,-3.0748429345092534,0.22178213746329123,0.03185165815375448,0.0016599028391371016,4.845709177641343
972,-3.0739268930845074,0.3554200132093488,0.11433757604905874,0.002189340623294875,3.8479607110751433
3046,-3.071032592344442,0.2745175137187067,0.04465284725298026,0.0018183339177073813,4.085980336522347
328,-3.069750544888056,0.26087482362301356,0.037308360444010674,0.001546807856813101,4.218299804533292
346,-3.068923500075246,0.30863075856036065,0.06672370656427103,0.0017573384960472137,4.299378035219872
1266,-3.067792830554405,0.21574849448791925,0.04610455795383042,0.0015939257207778557,5.073316759066865
724,-3.067629246167355,0.25358638949554146,0.06025263620940959,0.0016627561810565474,4.8475861892516035
3531,-3.065379865697593,0.18898161508832562,0.01269741664891569,0.0015299953823853106,5.405306679119697
3098,-3.065344826887294,0.18922666539422642,0.014996398581553803,0.0015407246902511803,5.360987928731992
439,-3.064712235097243,0.28419487041440833,0.051643073976779,0.0018248111131741191,4.533041501617974
1291,-3.0636095000365335,0.22618707286986994,0.025126352945104454,0.0014859755914699109,5.0003311212371715
1207,-3.0631832288576484,0.26828448543501066,0.05022013366916822,0.001512015113305278,4.7522283378933725
2258,-3.061083929416321,0.26681223919316294,0.03694969160949375,0.0016630429734826604,4.066953203118976
2182,-3.060438183056867,0.2910877826548064,0.045402081913914434,0.001679817825101287,3.9335317176617393
2069,-3.0578814686417823,0.33659227396834634,0.07980927545149293,0.0018100236467802266,4.05289965460922
2399,-3.053987299694167,0.2616381971141411,0.051786267062322054,0.0018005622229650222,4.335710880746652
2127,-3.053510900675629,0.22294614215309577,0.035508523364316334,0.0015153867114628846,4.946091226569053
1017,-3.0527379105379326,0.23867274906074726,0.021776205022521415,0.0015895782545361744,4.516652095741474
639,-3.051502774262937,0.27957293595066135,0.04003097989705534,0.0016000691035305398,3.91845020501255
3152,-3.050082578906703,0.3410426979890979,0.07229305129063855,0.0016671799647304643,3.950822002690632
2042,-3.0455032742419723,0.32994821946061725,0.085453262571681,0.002299389483531626,3.8421725548362233
882,-3.0419300819923287,0.26085200033366207,0.041474397816841174,0.0015650698778332034,4.321692751926966
38,-3.0415641673778455,0.27659756775868855,0.04376100922707039,0.0015840837983874167,4.455142590153573
60,-3.0406778399484566,0.20663649266704898,0.03119037685537775,0.0015983175261281373,5.100611435692044
159,-3.0405500485767396,0.2061720084488083,0.018267563044183633,0.001696637227865035,5.0416627462871375
1110,-3.0383732682279216,0.2537294080844609,0.05956299529972649,0.0016802825282968951,4.6132335969879
2594,-3.037000753503974,0.21379624901317976,0.04708442428661998,0.0016318182961849981,5.05774744945303
2559,-3.0365787153808377,0.29924092818606335,0.07508408180516556,0.0017250460824118341,4.36436889755506
1240,-3.033055975729097,0.2034486300616279,0.009726811705300747,0.0016509581428223283,5.331542229376598
1051,-3.032819855685951,0.19711318368130323,0.006429221238907495,0.0016865559419270717,5.440867439417026
329,-3.0299957500177235,0.3079975220108462,0.09241430599156364,0.0020403162104647692,3.8352965015136276
2487,-3.0285161871724067,0.2537316675565345,0.05628332442297822,0.0015094410949165146,4.592626389808717
78,-3.0273180011280107,0.2889025046611399,0.054435245810549926,0.001543082834609554,4.521685035384082
1069,-3.0247382518570434,0.23715870737777042,0.01445041235641136,0.00146026261580156,4.3910404557480796
1473,-3.0243644115955997,0.2405240186621238,0.01757067219972261,0.0014265942178565282,4.396518647924061
2620,-3.01996491739776,0.3503488039138564,0.11521082994093225,0.0023907306229577698,3.628908852013575
79,-3.0152769029188957,0.24957732563000062,0.04557401881223085,0.001458133120889605,4.817362812345827
1070,-3.015101290703991,0.23303399692998333,0.05432539632762291,0.0015536626266163586,4.9000141565083295
61,-3.0117461649991495,0.2839947831728835,0.04792377193241493,0.001784426757790928,4.102694798222029
1425,-3.010795907564786,0.23826511869437822,0.008190536322597641,0.0015363045773133307,4.4307033567057
973,-3.009201806908556,0.3313518169794124,0.0854357226523572,0.0019756137073604968,3.8112591086113516
2414,-3.002450462863435,0.17503315992863927,0.0080983704158499,0.0016005793503183535,5.954742139604622
3329,-3.0024144800584645,0.19122307838748254,0.0075221048691403196,0.00149631658740214,5.654792369296917
3728,-3.0019455039250516,0.22200867490665427,0.0438937767553907,0.0014445373690998302,4.843180412520103
2548,-3.001790331634518,0.2266263809221574,0.058859886005201804,0.001373721936527551,4.72293890925304
3779,-2.9999567066915716,0.352206662566424,0.1036870487309528,0.0023088909941871363,3.784571631189637
109,-2.99495320278032,0.2587658915555374,0.01772522058853752,0.001433445962923943,4.18297531722877
412,-2.994250203144054,0.2670076352148929,0.019006079020185824,0.001360419123724382,4.206283766012176
3800,-2.9884547947414095,0.3767829541875986,0.12161274261725176,0.002450058183378023,3.491062202171925
2128,-2.9825667266691966,0.17709652584716737,0.044875460376448004,0.0016213261316553624,5.526989104726116
1267,-2.9823841236005935,0.1909169627581449,0.034011681839387124,0.0015315702445605273,5.425310378939623
3402,-2.9796869807725304,0.23723394990178048,0.0533564925116999,0.0013797895398595852,4.546026553936812
2973,-2.979484495033729,0.2491998259727652,0.027914847995879566,0.0013963163217153365,4.414370086285784
2647,-2.976427862696712,0.37850005383473534,0.12047174814955824,0.0023658242884865783,3.4638852975627428
2024,-2.970371624177877,0.18396719292891783,0.010542077454698673,0.001540838399624483,5.530869402492346
974,-2.97033365865526,0.18337570104041534,0.012826819026822825,0.0015450678922847038,5.541049463201184
2292,-2.965555351150455,0.3404939588271766,0.10276207009427846,0.002069531636131999,3.6301570950324904
1426,-2.9637208408902906,0.24595473658072858,0.020850115837330267,0.0013905497380930104,4.3366812712668725
3517,-2.962569767680764,0.2904409586466437,0.049693442192803715,0.0014375458548653948,4.128252205990629
3123,-2.95197724748404,0.36910553530398527,0.11939338285006951,0.0024257103867804286,3.506547853693741
2324,-2.947556929197666,0.2297838780539784,0.009493261860594867,0.001415111149496744,4.40747236035747
3261,-2.947068856268593,0.2472674912939592,0.019863253753195698,0.0013835253522754007,4.3082195648951505
657,-2.942991449631745,0.16048571530153494,0.03627159900376675,0.0017380432751725066,6.204329217438314
1136,-2.942594917573291,0.16915035226131492,0.03757597321010613,0.0016650080121616566,6.1610511177144485
3652,-2.9379501548565816,0.3799913641409122,0.13503188516146838,0.0024820316983527077,3.4110316753599976
3213,-2.9288085001994837,0.2181362011967239,0.04037891285891414,0.0013725098166487242,4.731642088356708
3124,-2.928732602629348,0.2097694506705663,0.034181484611673425,0.001394415611020473,4.861587281885253
1795,-2.9240245351263834,0.37616978566464476,0.12761833358654343,0.0024318125669452414,3.5235274233925606
193,-2.91279476391365,0.21258421231170876,0.0199436979007936,0.0014661279780521768,4.848956509743046
725,-2.912310030889484,0.19951418699405365,0.009647601317540125,0.001521164780763234,4.961270401232972
20,-2.9092289764917916,0.3698582335025269,0.12483031551866305,0.0023209360889689897,3.5609437592609874
1856,-2.894851780913554,0.37854959888619644,0.13498923405498883,0.0025595219234128084,3.530567451340569
3582,-2.8886169683285114,0.169819716913772,0.03346699869206763,0.0016677585542571745,5.842613786671408
3606,-2.888107823798968,0.17360132117165492,0.037520851417969424,0.0017065294573330452,5.785455410072833
1598,-2.8791887346288494,0.3821389363191323,0.13987949999244176,0.002562641849955557,3.486237922970611
3634,-2.8637621422856703,0.383112962419255,0.14130281408433434,0.0026195100536014317,3.4937146540695103
903,-2.847872166878722,0.38240548451896017,0.14189756286395816,0.002616139618374015,3.508341478080718
2758,-2.8319393879614183,0.38230050120439885,0.14220044804377005,0.002620346152087246,3.5152148558885754
2382,-2.8158787202135587,0.38230050120439507,0.14220044804376217,0.0026203461520870387,3.5152148558885687
1716,-2.7999459412962513,0.38240548451895634,0.14189756286395805,0.0026161396183740126,3.508341478080756
659,-2.7840559658893107,0.3831129624192593,0.1413028140843384,0.0026195100536015497,3.493714654069481
2460,-2.7686293735461263,0.3821389363191116,0.13987949999242968,0.002562641849955175,3.486237922970833
2889,-2.759710284376007,0.17360132117164245,0.03752085141796368,0.0017065294573331486,5.785455410073016
2671,-2.7592011398464633,0.16981971691375408,0.033466998692061704,0.001667758554257299,5.842613786671652
3011,-2.752966327261431,0.37854959888618545,0.13498923405498095,0.0025595219234126575,3.5305674513406613
2249,-2.7385891316831876,0.3698582335025342,0.12483031551866688,0.0023209360889689763,3.560943759260864
2811,-2.7355080772854974,0.19951418699405438,0.009647601317541513,0.0015211647807632232,4.96127040123301
2045,-2.7350233442613328,0.21258421231172514,0.019943697900806683,0.001466127978052121,4.848956509742925
1692,-2.7237935730486003,0.3761697856646449,0.12761833358653762,0.002431812566945097,3.523527423392491
1035,-2.7190855055456296,0.20976945067057784,0.03418148461167181,0.0013944156110204874,4.861587281884983
1996,-2.7190096079754977,0.21813620119666038,0.04037891285889237,0.0013725098166487697,4.731642088357572
3233,-2.7098679533184034,0.3799913641408981,0.13503188516146197,0.002482031698352338,3.4110316753600554
2702,-2.7052231906016924,0.16915035226128997,0.03757597321010769,0.0016650080121617377,6.161051117714632
2906,-2.704826658543233,0.1604857153015365,0.0362715990037691,0.0017380432751726248,6.204329217438287
641,-2.7007492519063887,0.24726749129386139,0.01986325375313769,0.0013835253522754359,4.308219564895939
784,-2.70026117897731,0.22978387805397607,0.009493261860588329,0.0014151111494968348,4.407472360357426
1741,-2.69584086069094,0.3691055353038709,0.11939338284999262,0.002425710386779378,3.5065478536945207
3669,-2.685248340494213,0.290440958646751,0.04969344219288986,0.0014375458548658551,4.128252205990037
2759,-2.6840972672846877,0.24595473658071912,0.020850115837330773,0.001390549738093031,4.33668127126699
2954,-2.6822627570245285,0.3404939588271452,0.10276207009424214,0.002069531636131859,3.6301570950327506
2610,-2.6774844495197216,0.18337570104043377,0.012826819026830206,0.0015450678922845783,5.541049463200956
2185,-2.6774464839971066,0.18396719292892635,0.01054207745470308,0.0015408383996244228,5.5308694024920175
3737,-2.671390245478271,0.37850005383471785,0.12047174814954839,0.0023658242884863636,3.463885297562837
2326,-2.668333613141253,0.24919982597277318,0.027914847995866566,0.0013963163217153537,4.41437008628561
3287,-2.668131127402453,0.23723394990170565,0.05335649251169749,0.001379789539859575,4.54602655393784
2980,-2.665433984574388,0.19091696275809514,0.034011681839404465,0.0015315702445607778,5.425310378940248
3247,-2.6652513815057857,0.17709652584717334,0.04487546037648609,0.0016213261316555282,5.5269891047259945
519,-2.659363313433573,0.37678295418765234,0.12161274261730474,0.002450058183378877,3.4910622021714053
3229,-2.653567905030927,0.26700763521488813,0.019006079020192607,0.0013604191237243607,4.206283766012298
3140,-2.6528649053946634,0.2587658915555292,0.01772522058854369,0.0014334459629239626,4.182975317228931
1088,-2.6478614014834063,0.35220666256648236,0.10368704873100834,0.002308890994188078,3.7845716311887876
1220,-2.6460277765404716,0.22662638092235332,0.05885988600530542,0.0013737219365275225,4.722938909250105
1221,-2.6458726042499294,0.2220086749066639,0.04389377675541147,0.0014445373690998285,4.843180412520255
1181,-2.6454036281165214,0.19122307838762992,0.007522104869199668,0.0014963165874014753,5.654792369293913
1052,-2.645367645311548,0.17503315992850682,0.008098370415920713,0.0016005793503193178,5.954742139606314
3257,-2.6386163012664214,0.3313518169794145,0.08543572265234177,0.001975613707360252,3.8112591086112984
2131,-2.637022200610197,0.2382651186943849,0.008190536322600906,0.0015363045773132888,4.430703356705678
1448,-2.6360719431758297,0.28399478317278337,0.04792377193233824,0.0017844267577908164,4.102694798223206
728,-2.6327168174709894,0.23303399692996385,0.054325396327616425,0.0015536626266164195,4.900014156509064
2704,-2.632541205256083,0.24957732563005142,0.04557401881224344,0.0014581331208893427,4.817362812345662
3522,-2.627853190777219,0.35034880391391326,0.11521082994093276,0.002390730622957896,3.6289088520132307
3303,-2.6234536965793795,0.24052401866206294,0.017570672199696862,0.001426594217856548,4.3965186479245375
2430,-2.623079856317937,0.23715870737770817,0.01445041235638576,0.0014602626158015202,4.391040455748679
3640,-2.62050010704697,0.28890250466132017,0.05443524581063802,0.001543082834610174,4.5216850353828875
3526,-2.619301921002577,0.2537316675565536,0.0562833244230099,0.001509441094916571,4.592626389808515
3566,-2.617822358157258,0.30799752201106134,0.09241430599167456,0.002040316210466741,3.835296501511391
1884,-2.614998252489032,0.19711318368127376,0.006429221238885436,0.0016865559419271356,5.440867439417307
3173,-2.6147621324458843,0.20344863006162314,0.009726811705300261,0.0016509581428224543,5.331542229376584
3047,-2.6112393927941464,0.29924092818591785,0.07508408180511797,0.0017250460824110192,4.364368897556632
3578,-2.6108173546710014,0.21379624901319128,0.047084424286582646,0.0016318182961846612,5.0577474494527905
1575,-2.609444839947058,0.2537294080842661,0.05956299529961312,0.0016802825282959376,4.613233596989952
1963,-2.6072680595982427,0.20617200844880001,0.018267563044163018,0.0016966372278650291,5.041662746287333
2784,-2.6071402682265203,0.20663649266703615,0.03119037685534345,0.001598317526128351,5.100611435692252
2186,-2.6062539407971395,0.27659756775871464,0.04376100922706872,0.001584083798387554,4.455142590152388
1268,-2.605888026182654,0.2608520003334531,0.041474397816735356,0.0015650698778323677,4.321692751928456
1648,-2.602314833933011,0.32994821946062225,0.08545326257169461,0.0022993894835317465,3.842172554836286
2216,-2.597735529268273,0.3410426979890659,0.07229305129061402,0.0016671799647300669,3.9508220026909804
624,-2.59631533391205,0.2795729359506078,0.04003097989699955,0.001600069103530421,3.918450205012861
1742,-2.5950801976370474,0.23867274906076327,0.021776205022541337,0.0015895782545359844,4.516652095741401
3759,-2.5943072074993507,0.22294614215297687,0.035508523364218274,0.0015153867114631764,4.946091226569327
1799,-2.5938308084808166,0.26163819711425557,0.05178626706235979,0.0018005622229658915,4.335710880745173
484,-2.5899366395332035,0.3365922739684243,0.07980927545154007,0.0018100236467810617,4.0528996546087
2622,-2.5873799251181224,0.29108778265498547,0.04540208191401354,0.0016798178251017115,3.933531717660363
2276,-2.5867341787586584,0.26681223919320707,0.03694969160953098,0.0016630429734828048,4.066953203118958
2937,-2.5846348793173393,0.26828448543524086,0.05022013366929278,0.0015120151133057348,4.752228337891751
905,-2.5842086081384448,0.22618707286974113,0.02512635294504011,0.0014859755914698595,5.000331121238895
452,-2.583105873077739,0.28419487041446156,0.051643073976808326,0.0018248111131741697,4.533041501617367
2561,-2.582473281287686,0.18922666539411553,0.01499639858153681,0.001540724690251218,5.3609879287335
2187,-2.5824382424773895,0.18898161508833228,0.012697416648896516,0.0015299953823856786,5.4053066791199
2072,-2.580188862007628,0.2535863894953647,0.060252636209289986,0.00166275618105622,4.847586189253188
994,-2.580025277620581,0.21574849448786665,0.04610455795379978,0.001593925720778032,5.073316759067731
1743,-2.578894608099735,0.3086307585606603,0.066723706564366,0.0017573384960473826,4.299378035216926
3238,-2.5780675632869237,0.26087482362284653,0.037308360443918484,0.0015468078568131166,4.218299804535192
3507,-2.5767855158305397,0.274517513718614,0.04465284725289546,0.0018183339177067451,4.085980336522705
351,-2.57389121509048,0.3554200132092128,0.11433757604903219,0.002189340623294159,3.8479607110758014
1159,-2.572975173665729,0.2217821374631893,0.031851658153738104,0.0016599028391374047,4.845709177641682
3404,-2.572830798763164,0.20607198472647176,0.028270991278504434,0.0016854028442081206,4.901239254860982
493,-2.570377871030589,0.36619196815752525,0.10814505628619886,0.002178222054165456,3.6776061508681153
199,-2.5687769160733844,0.27889109372538856,0.03551705172275133,0.0017055709816331077,4.047311232035896
399,-2.5684458883431045,0.2576742197270897,0.04105187525478043,0.0019133052988589833,4.502837912256762
1428,-2.5683766825537204,0.19866710863604609,0.0234081545460648,0.0015321729067992455,5.095882481367694
40,-2.5681044723936837,0.22204894442196815,0.025452343125840503,0.001530084487937034,4.834116723751634
1649,-2.5658634900079904,0.3818107011986181,0.11628976673425775,0.002253773302437196,3.8435476369512767
3056,-2.562822945165078,0.41796846792886955,0.15717635086235301,0.0026221526331227296,3.4127678982838288
927,-2.5617153356109403,0.27847655050936554,0.018504311913848798,0.0018114910913132035,4.087958696909334
1054,-2.561628875760411,0.28854342560351154,0.015633561151115406,0.0017932455415274958,3.812071682876687
2349,-2.5603983261068346,0.3848941383090503,0.13335004251604332,0.0022401191676692258,3.693347780355367
3533,-2.5599640456583113,0.24043398836519964,0.027278796441045933,0.0016225040963123933,4.760705271551368
2517,-2.5599549288127537,0.20644776969319886,0.01396379764988979,0.0016099744294499623,4.897448601222481
7,-2.558271468190887,0.39488919087863444,0.09200703464857482,0.0021237327941901613,3.793951907670518
867,-2.5566464194373846,0.3678897619816719,0.060606609195897665,0.0017289549448113591,4.143524997046935
1036,-2.555781545198961,0.2745099549760326,0.028555207206591354,0.0019394323643201533,4.426206637111106
1021,-2.555617128044858,0.26975736053807703,0.04298211760399757,0.0017891587635151627,4.158857511317818
2260,-2.5554863149123106,0.3476429444143667,0.06567074578153373,0.0016470931992940393,3.141484516146824
2443,-2.5550963311618595,0.24141519250769575,0.037460978147731826,0.0010405827263267429,4.67741935483922
688,-2.554812851999302,0.22074407114443573,0.015940951283936834,0.0016220058005052857,5.0784448505285695
852,-2.5547965798743215,0.23540579599144046,0.014935284523590027,0.001632741007573703,4.8031563807456905
1269,-2.5519520798748303,0.18149897990463376,0.012031007829728256,0.0015774949114932214,5.549016448439695
3697,-2.551818486936027,0.1802408557317078,0.013864378448380725,0.0015976874503659713,5.618163537873186
365,-2.550536262416416,0.2716905329384637,0.04354893996882627,0.0018521649754471702,3.8762359662187706
1112,-2.550379274151271,0.3010480627609645,0.02635966127149363,0.0018163262187526662,3.802470861697635
2963,-2.549334938943023,0.2126164255743504,0.017329992240993016,0.0017378187428789544,4.980458288282659
538,-2.5492496228246098,0.20543526307999255,0.010346600994451761,0.001966464185784604,5.043886869180355
2518,-2.546618356036805,0.28129592658921965,0.04611622966910105,0.0018685778176882426,3.791992560180499
2295,-2.5462566907710595,0.28114876133001254,0.009870295813680327,0.002218609125631436,4.0803780110381105
785,-2.5460081008362287,0.187307175989171,0.03983145549892649,0.0015179211373827239,5.146756329871542
2938,-2.545965945164761,0.17196480503737688,0.04052643484759137,0.0015261853739685601,5.265975499717371
232,-2.544698843416862,0.32370958701899727,0.05347569280987732,0.0015631516071025506,3.5056995895105016
1270,-2.5432227061039487,0.1888668947965776,0.010427062125454037,0.0016041143325228565,5.205825925704402
2563,-2.543086359382556,0.21789555517675796,0.0213768755909922,0.0015144526551969894,4.937948559815206
3164,-2.54191506310192,0.3536553206940429,0.02956206822666002,0.0021911068717348097,3.5979840136146137
222,-2.537874215421065,0.3314479107916144,0.017332534224975476,0.0023783411726846274,3.790917854117633
2188,-2.53730254674513,0.17330168702704518,0.008876961009443953,0.0017634283826958746,5.351905810616457
2233,-2.537281819316192,0.18934584423426523,0.010278285322859237,0.0017384785977471973,5.278840937527407
3495,-2.5352896499571225,0.22400258688697414,0.03791756100668174,0.0016595811403293914,4.797277091950398
3698,-2.5352374473735924,0.23197142904787954,0.03087834283962555,0.0017323233022442381,4.80248177135803
3518,-2.533194775200999,0.3146915275079095,0.013614983406342693,0.002622162677611799,4.031331282066052
3551,-2.528702988475476,0.26729871436352004,0.021393591304750437,0.0019380758342338715,4.596983094503896
278,-2.527898724946206,0.22038462284462826,0.02872500928403974,0.0016713098796333453,4.817494862958883
1939,-2.5277096693670353,0.2234534448563635,0.036793512980326806,0.0015855636586833938,4.677603418277157
84,-2.527527904752142,0.20428281061864287,0.014762094573757378,0.0019127680541760489,5.405183503143249
2386,-2.5273654800658827,0.19513550047917338,0.01894981043382852,0.001835333322261242,5.529499172894624
1450,-2.5239534135641812,0.23963894136528324,0.023872084048952993,0.0019771536603476695,4.898420307410734
703,-2.5227129715709538,0.20865225361218567,0.03170438950416658,0.0015712951092468207,5.173173243949795
248,-2.522463991563442,0.20031025480189296,0.031370392960802705,0.0015847798940999097,5.301526484721991
1524,-2.521796585477353,0.22207399460649593,0.027035806935592238,0.001906255195736786,5.045976455615989
1183,-2.521632442699178,0.2284118168841321,0.012418231728077449,0.0017610020698560838,5.017103241152927
3341,-2.5195738662636624,0.22672633132062325,0.02415048214960145,0.0019174994995189753,5.115609387730084
157,-2.518254097569347,0.23139611041518554,0.04719945396190573,0.0017035808437493888,4.753814095895039
366,-2.517822086825857,0.23595182334747633,0.01778763112476283,0.0019817088019109283,5.4117280306998286
1113,-2.516795775663755,0.23233756919823184,0.02626086583983375,0.0017955277812147566,5.390941877040249
3799,-2.5156977676361656,0.20577127776989798,0.020121211450379695,0.0017698957234631718,4.843359811767794
3072,-2.5155401305796627,0.19528348926234934,0.02376483068383207,0.001621966413464472,5.284540813521868
2103,-2.5153671013575285,0.163404253431489,0.014955130547941993,0.001443440037723582,5.625079746084408
3073,-2.514977192239593,0.17351709136640298,0.015779772821405497,0.001507216787905507,5.4911996270986965
3472,-2.5140854723026753,0.2155873892456962,0.028104704930746686,0.001835590836676924,4.485806332123707
2974,-2.512460583802082,0.18441679027383967,0.02384105601201725,0.002043521407744996,5.26501668145037
23,-2.51117394801652,0.16825607018134048,0.025425659372532838,0.001668268166644924,5.357679195938809
233,-2.5108698184929894,0.19872136399213192,0.029777489760661423,0.0016406389836540636,4.6463453516582724
1451,-2.510693998503687,0.14690872909935168,0.03268460617304366,0.0015559597737831634,5.653881361933429
1602,-2.5095766722882984,0.1337888174838991,0.023862344061061344,0.0020200464898361896,5.607578239268788
367,-2.508263240607659,0.17745391142390782,0.010601796298251429,0.001651719358007718,5.229395740872626
2635,-2.506918775974359,0.07276588656321566,0.011197334539161557,0.00216104337133841,6.510883964672956
885,-2.50625000240577,0.19824489138406648,0.013851711170267882,0.0016257219884984037,4.8441015414573245
339,-2.5052336285194556,0.028353061540462327,0.0034871828297293322,0.002463176011263286,8.573174945868224
185,-2.5043209699658426,0.2135530341113882,0.02875638791096751,0.0017132761799723275,4.570502198554108
603,-2.502198642667008,0.20689620909151255,0.024523644759779688,0.0017019232619318865,4.597354635569937
868,-2.4999199403327714,0.429916632787109,0.06841591849746008,0.004724441880776639,2.1023222199545217
2327,-2.4997942928661376,0.4473755173930738,0.06952851947264879,0.005490654326853804,1.8338416208135573
261,-2.4992993289529872,0.2341304677877603,0.016228508011622532,0.0017288433687872428,4.05512188593948
2074,-2.4958530931982743,0.19113493875818538,0.03048847681109522,0.0017192693880344354,5.102841622338222
2662,-2.4956564248418394,0.18607858440912595,0.025790934541611577,0.0016310321527376655,5.240356787556955
3369,-2.4951316727676485,0.19559543337851687,0.015327970787344445,0.0016683922119556985,5.025975464765897
1940,-2.4945576926228523,0.19352544520354475,0.01134136335292297,0.001791553247483746,5.497101367003775
539,-2.4937949921139015,0.17961171641843832,0.007601756177240012,0.0015955352619978138,5.08458408003855
3479,-2.4893418157797584,0.16976054454929512,0.012719929525678717,0.0018831716899942,4.527999113983511
2939,-2.487904168766793,0.18527974201353,0.024740593038418957,0.001800143988602309,5.175208231414247
2431,-2.487627146692028,0.18922772245102698,0.019700604793507055,0.0017024731752744336,5.199791961934198
1475,-2.4851979769269397,0.19094903946473746,0.009321399358425547,0.0019481238139289795,4.476227900240946
1114,-2.4850108429763735,0.17662129510905444,0.017372444185030558,0.0014800861452434447,5.4762976429580315
1400,-2.484774567622896,0.16971647957099484,0.013520536578798585,0.0014830995723914679,5.563193050575436
549,-2.482869297663384,0.21230318910242718,0.015991893161220128,0.001643968953639208,4.627763655331411
1452,-2.4818782480383987,0.1825503435667599,0.010700473938110737,0.0017437171465282278,5.373024186631447
1768,-2.481387167376151,0.17951545297327687,0.024304394508280893,0.0016827066006946832,5.3195067634760465
13,-2.4805433275747624,0.15578838055109323,0.01279433342113873,0.0016853008544073852,5.713305153056369
948,-2.48052737189672,0.1489202345357734,0.01592632565629986,0.0017737131358946162,5.538861075274911
431,-2.4800627248596636,0.1768622116643378,0.02058378515446696,0.001656591461728942,5.030086007006905
3619,-2.4795593867430235,0.1392575331853762,0.023020188797214673,0.0018382355834904095,5.625288045275331
1222,-2.4783231265428034,0.1678925153117803,0.029728517801334925,0.0016498493909044467,5.067991428462952
1673,-2.477538534971719,0.14408663705655167,0.01706991971140017,0.0018291282246025923,4.901871738138946
625,-2.4768280375220146,0.07566413010325472,0.01067069249687528,0.0020041434581830444,6.2222149254287515
293,-2.4764849981967894,0.2029543104842347,0.023354336982842706,0.0020822827859026897,5.4308667298178435
2310,-2.475975086495311,0.18944928376540146,0.025936883704174817,0.0016756402791527028,5.152950508524166
249,-2.4742405908083485,0.20729677219237275,0.024255482509936106,0.0017289316353329063,5.752661689259792
2907,-2.47387698724579,0.780968330015467,0.20882588909363636,0.01297745156695589,0.8714695115560893
3760,-2.4738760314905015,0.7804970965028861,0.20866233648314247,0.01296185545299688,0.8739454877146535
3679,-2.471804044097455,0.18599638058365603,0.033647073081277935,0.0016333983708241714,5.484639658240709
3330,-2.4716299840474756,0.19059947988270778,0.0349311945862697,0.0016251298481849284,5.468739386972317
928,-2.4711671332172793,0.20153184632857302,0.035649793257652745,0.001982597789931534,4.315810415484026
929,-2.4663905297255475,0.17991611289854495,0.016535107184138014,0.00177058880983337,4.6721589773275625
1504,-2.463798726095385,0.3988117615637088,0.005870765941166343,0.0038742389093971968,2.4140596592522376
1022,-2.463509912433394,0.421691649737994,0.007614030002833252,0.00465997024983205,2.1044155690974042
98,-2.4619520263940142,0.21305254659685513,0.018174942956115613,0.001834870806614305,4.22376130247406
2675,-2.458490752699301,0.1979146090564699,0.026731945249734854,0.0018635645346999662,4.429340863519759
1401,-2.456480367744973,0.17835313435467393,0.009920336366799029,0.0015239743197181664,5.579527597425898
3165,-2.456443968661124,0.17931413609069072,0.011616897531541475,0.00156995942925142,5.609769709652044
3248,-2.4547297745057257,0.17873293423146927,0.013924439714270542,0.0016231251240356559,5.264758121933893
1453,-2.4543322309295745,0.18079791587387717,0.021505549102839094,0.0017697813590602937,5.412849341248737
1477,-2.4531290369658785,0.17055602427152305,0.029055384584090155,0.0018765941509400706,4.835194102172349
1603,-2.450743515054248,0.1495029162660337,0.018107493005246705,0.001626923951568971,5.638462714616972
3514,-2.449811455155183,0.14217719706398715,0.008471465722803518,0.0018590002470126774,5.7271234433381935
3249,-2.4474479363272517,0.14495316359652816,0.017908954174067574,0.0018420615342563602,5.029047946025955
2490,-2.446887953406718,0.1594578395903013,0.005353229659761229,0.0015636787461008334,5.725499886837277
2387,-2.4468312600135733,0.15766106931350993,0.007078082437447746,0.0015638480930449815,5.685880134321353
2267,-2.445538256252977,0.1855987170133862,0.044390502578818075,0.0015878929873515207,4.908526149919542
626,-2.445021714723096,0.17705117712740004,0.03638913136107603,0.001552663919376015,4.990226529146729
1349,-2.4422671527318798,0.14492362462222325,0.010972883167773262,0.001843497928361583,5.114693653750687
3041,-2.4406241773407724,0.2038706340239356,0.02108796881791295,0.0015981490761704997,4.837072107455077
3020,-2.4388212863399534,0.20857496359017472,0.030915279553628508,0.0016102562806617313,5.09912250663143
416,-2.4379010030138724,0.1438667981636987,0.010403944168101417,0.0017268463200274039,5.677192458999375
3773,-2.437850032315857,0.2601676689994698,0.020530897184231837,0.0016935352919441526,3.9854059578139562
817,-2.437562354334978,0.5005405684952744,0.006386062846534887,0.005463863002412031,1.719061870367779
996,-2.4373561527750502,0.4192449667461009,0.01247303932090851,0.003623308722791852,2.4681447833057275
1604,-2.4353406647162705,0.158549086464419,0.02554549042262416,0.0018070216477201534,4.580019599185855
3087,-2.434463552142263,0.07104169159918858,0.006721958985959072,0.0021324746641581,6.362738221485207
1886,-2.431395220656845,0.17974913222109357,0.0175116917799947,0.001568917608527859,5.532533004884043
2261,-2.4313265319092885,0.1768621889128766,0.021369577745010294,0.0015577901816933824,5.484486244431216
3321,-2.4306700532517835,0.17795153574314856,0.028790767093840167,0.0016865008305523119,5.35410923903633
3074,-2.4298453201276087,0.1731146184700146,0.014655099357048994,0.0016936978503118434,5.470101672607717
1023,-2.4271297428687486,0.16948198889141328,0.03274508620540621,0.0016259275996083195,5.399227188959454
1350,-2.42632333045499,0.16944187550948547,0.018979250652749705,0.0018062564114187502,5.678366174586867
2874,-2.423214047492485,0.187669197757529,0.043280500434228784,0.001854865575236946,5.206904803437723
1720,-2.422583598654056,0.18969871918778028,0.004315688747868799,0.0025501066395579607,6.45607991875549
10,-2.4207279403515596,0.9353937613022822,0.3769377807152909,0.01987801868831669,0.5542108203011866
572,-2.420727937649696,0.9354060563900413,0.37694405953022325,0.019878711373738263,0.5541485446966468
2027,-2.4204464928048144,0.31569383318923144,0.028013268451248675,0.002202072488267849,3.084109308007104
3643,-2.4201002757257375,0.3483610441302635,0.014162050923538472,0.003096051272578613,2.641182953987829
1801,-2.4177982880435587,0.22397327254554877,0.036128830743043794,0.0017660571115008389,4.280740385943414
3629,-2.4160435354621654,0.1649029570046217,0.00920809641860347,0.0015163097741620782,5.513519300694535
3141,-2.4159994302247827,0.16366446681707036,0.009411950604614838,0.0015487625449512733,5.519375731061424
1769,-2.4149841306164133,0.16778119930572288,0.023082507056812415,0.001493507890538815,5.256453908231183
2133,-2.4139323694281485,0.16151590225482038,0.012848131690321611,0.0016301315491479703,5.470707856634572
2908,-2.4107879904240406,0.18206998754258483,0.02640392137734105,0.0015424404526549627,4.948541911991658
1674,-2.4106493743132544,0.1699004151692065,0.008151900451989541,0.0016491948684104502,5.512526154362917
1297,-2.410549075046137,0.17119881360947184,0.012724124990840985,0.0015752194579708868,5.360844727198943
2664,-2.4097988185870665,0.14941140105851908,0.02540667903815922,0.0017211530667896751,5.66448207375483
1834,-2.4097173830265657,0.15156027693790913,0.021510292264081708,0.0017937152244430338,5.672895731654283
3784,-2.4070783357681105,0.19703081518667281,0.04938569253649411,0.0016947069847015309,4.717146773724082
2990,-2.4008273822046537,0.566403180335955,0.037196305938868926,0.006132019114474601,1.4943108624221668
262,-2.400807517530035,0.5793582682959635,0.03718188960931302,0.006532315753532016,1.3897049020978853
1624,-2.400302167019354,0.19447909541853092,0.032282312391365885,0.0018487013338459566,4.59166341490742
2991,-2.395781860142813,0.13222204667097073,0.020930469027228837,0.0019362391425975065,5.385811472574922
2705,-2.3935988095437635,0.31546391845282007,0.008694072388415802,0.002071541995431815,3.3188520195102704
46,-2.3931580718321683,0.3776761571232242,0.0038193769561652656,0.003299595760794268,2.4848492881787445
3396,-2.392685773026817,0.22056396044944948,0.010345719966508692,0.0013991709573765961,4.904790824946243
767,-2.392596902551798,0.18554594903079946,0.021316231134723224,0.0017437630557227122,5.503290743664795
2374,-2.392021962488315,0.19970384540119898,0.017674216031842528,0.0015388994303362734,4.906563622605318
2277,-2.389345161377792,0.1709621415408008,0.02404775092557396,0.0015115438878883388,5.131561114114339
2832,-2.388923470862045,0.15521174801447857,0.012068784456255395,0.0015781210836948321,5.459477011458548
1368,-2.388222805090548,0.1820606042320116,0.018516569478114062,0.0014452037271356958,5.281462461660107
2278,-2.387168320640467,0.15354401366177128,0.02813589136910572,0.001583828790145008,5.518795576214439
1802,-2.3865365960894778,0.13038515684822713,0.006364470082874516,0.0019224617672694618,5.645744157669149
3166,-2.38621645282091,0.18327381435584253,0.034327853009317046,0.00176415518910446,4.811663856959431
2159,-2.3830445464375853,0.1832821045747717,0.03135226279128048,0.0017548309802081878,4.47689285593037
388,-2.382464964110359,0.08696117394227876,0.007916539074814894,0.0020907328040066977,6.401446308022447
2311,-2.3791485003780815,0.1812282360958397,0.02911574220148476,0.0019428061971313705,5.4497763667604655
886,-2.378526014240544,0.18163989830831795,0.02029774795975541,0.0017768333627994227,5.493514406149955
1055,-2.3768617671323002,0.1567110880718658,0.005308175102434418,0.0015502697823537774,5.6811889617974884
1505,-2.37679042339212,0.15831001028761266,0.0027840041099310045,0.0015784771600804942,5.725506555073416
887,-2.375840407872515,0.1608958882477031,0.039628308221633414,0.0016416506660117429,5.3153638315526
803,-2.3752014918661306,0.1773473144877393,0.04565171562118657,0.0016291273510702106,5.120192984716757
949,-2.36927683016001,0.17062763341227033,0.025360074267575416,0.002140468462549482,5.638917228552785
2706,-2.3689412704291124,0.18990931168839548,0.020132618368705443,0.0018083404438252264,5.485648100585417
2744,-2.367494312758972,0.1543255016113234,0.010461809865703702,0.0016204838415951528,5.490208568831894
2583,-2.366724010442856,0.14357775099979245,0.023031785287983685,0.001701297884142136,5.55080587412014
1351,-2.365424797510336,0.24942070972159586,0.019157468382402672,0.001677903468757437,4.181889181151935
1998,-2.364407131529172,0.17512824102060104,0.035926362486892786,0.00200277678885492,5.282228061053667
2251,-2.3639251604551115,0.1741140637024215,0.011379709380404356,0.0020205994454591115,5.902150223074561
1454,-2.3636523755265766,0.21495593480189876,0.014274898904041442,0.0016888539988738638,5.130845776524425
1298,-2.3631737472663823,0.2567621591303982,0.012198023098041615,0.001710820299894345,4.061332469439224
1139,-2.3614382626636994,0.23719153085066136,0.04106884098998942,0.0015982922277510965,4.319850484643707
2715,-2.3590422527211334,0.4259745611120167,0.0017724962241187539,0.003649703714872239,2.085191226895247
1478,-2.359033498644424,0.4223273012680552,0.004670025923944686,0.0035596142929340694,2.1307214463039688
786,-2.3524771041007444,0.23697212123937222,0.038153941324541286,0.00244578256353397,4.1964700392091965
218,-2.349696748773454,0.15078376394854076,0.02114453134586641,0.001765683384880592,5.532212263658042
90,-2.3491790544573043,0.6493569796197334,0.11836788829636005,0.0074848747330211185,1.2157542890166053
356,-2.3491771604140346,0.6493046426741274,0.11835496112862604,0.007478625516545839,1.2157507779509644
1274,-2.3489795170799126,0.1334427494045188,0.012973082959209414,0.0018410300578599675,5.718880263970284
3220,-2.3473251383911786,0.15709369861208108,0.018421352731464287,0.001483707284574823,5.4863530359071095
1403,-2.3468174976977223,0.15534101324133887,0.020940085677086627,0.0015266943252863355,5.426544543160823
1999,-2.3448108192359993,0.16909929593008977,0.012657749248410226,0.0015242205209977714,5.555366009469707
3155,-2.344692784959318,0.17681919525110767,0.022297838127746012,0.0014157752359368993,5.3948656931559835
3593,-2.343559618269632,0.19206604412652906,0.02335537298674593,0.0015644043530232245,5.1843938419795315
1455,-2.342038255731682,0.19143605743073644,0.027388803575623556,0.0016382437402844966,5.16559555134943
2444,-2.3393866147464655,0.18000833337864958,0.018439893680426207,0.0013723094080058628,5.182836146431121
729,-2.3391652714207827,0.17506633983513353,0.02503332646382453,0.0014028233804936991,5.278431302682597
2415,-2.3369494426934168,0.19321045486862132,0.010854469463925629,0.001508364020448632,4.85076699187056
1506,-2.336382651614942,0.13304342360245844,0.029547808924622374,0.0020032240394053254,5.542365876461828
1887,-2.3335545422506407,0.30361884336577094,0.024646972586664696,0.0018726975064133203,3.378197954567173
2403,-2.333512052614076,0.2390933069761963,0.018178209942350747,0.0015736776052124046,4.3063346092496575
787,-2.330499485588929,0.23563526615223684,0.018316416641876266,0.0017235197774348313,4.513830697472797
662,-2.3275071946525854,0.16729713873809782,0.039600850053727134,0.0018257799426556309,5.148144259451585
2362,-2.3269897710275402,0.10985154543004913,0.012786616395291587,0.002187519723296155,5.902428097874197
2199,-2.3261569562855633,0.18774621667391017,0.02028745511993799,0.0015249271344798337,5.248436445119962
1370,-2.324097313020059,0.12581006396197675,0.013937537413806881,0.0017795035429534814,6.094651900398993
1300,-2.323501477679802,0.17316026840835796,0.020674679783312618,0.0016284654364632104,5.4054306902569085
804,-2.321821518642656,0.16582602116786277,0.022849303328308358,0.001502919079648529,5.392932196145118
2500,-2.3217231004369254,0.15711020089332242,0.02466297651473625,0.0015691958392077684,5.39250476043074
689,-2.3171188842989716,0.19229878702007205,0.022558731041428724,0.0013813783407819352,5.120365882633828
2000,-2.3167964936440586,0.17106528448316177,0.025761253550799047,0.0016253784593001832,5.39129081695682
37,-2.315950874489593,0.950933067792121,0.4967174027660229,0.02720933726016283,0.38632375153264975
1186,-2.3159508735549936,0.9509233298434506,0.49673786327360686,0.027210355555861307,0.386325133950426
3,-2.31591111701519,0.4629319353814143,0.018378869546629203,0.0037845107294256736,1.9899159724404136
888,-2.31591111380155,0.45332996128868586,0.018589225506118173,0.003590397426762,2.0975412825352078
977,-2.314939035556103,0.23013808776487815,0.014083491589096032,0.0015032083392595521,4.47777594169973
677,-2.3134180139716687,0.1875638960507771,0.024326588486810206,0.0017270932683003048,5.077878957181574
1371,-2.312185455746434,0.19652048627249533,0.022191553651936806,0.001693970142693149,5.1738900668146
2880,-2.30702328315774,0.18562687723254379,0.0241395621371198,0.0014873534243539349,5.117908203087751
250,-2.305935541128712,0.1644940728153171,0.023136675085317263,0.0014451955015440045,5.393420828836865
1429,-2.3051191236264756,0.1733544568414657,0.028801249430128482,0.001760590053168891,5.360970377704618
1542,-2.3051172034353615,0.17244924792561678,0.00979882344644858,0.0016207701884997261,5.65448204912739
417,-2.3043435116989426,0.1736251428675452,0.01637844184909294,0.001566617966266753,5.477218374286314
1223,-2.30386084046995,0.1871689708698599,0.022070039501836454,0.0014147404412699384,5.154825715875735
805,-2.3018858622599354,0.1672760371005479,0.021043645123145053,0.0015789264561337018,5.377675323005286
2388,-2.301122198568666,0.15745515758297507,0.019707455708250093,0.0015952111580535768,5.460980144091558
2218,-2.300725754125999,0.19220741696454968,0.02582340768845941,0.0015520137300024351,4.917380501725609
1325,-2.300600579173183,0.15030552743894582,0.0064918227629940425,0.002103951463103232,6.463877130687356
2336,-2.2971145858406508,0.319751590387275,0.012419420816440943,0.0019292387274657831,3.3092940145818748
3701,-2.296495343050545,0.32984179469748565,0.01828869629826344,0.002004525181953631,3.1286248050299053
2049,-2.2947425450843064,0.19816144090492177,0.022796915903309775,0.0015260500014082237,4.966369325156171
2337,-2.2931466383781425,0.21385763199306562,0.022302229017752327,0.0014849542878922412,4.734487614700565
2404,-2.2894844270150365,0.21205567160057284,0.014735200388392357,0.0014891887687253334,4.735378034668425
1163,-2.2865717531416263,0.23630902380187352,0.04543174258859182,0.001661099793314082,4.324272698863092
978,-2.285033554940653,0.23225734620195715,0.018537523429892292,0.001957354309232412,4.612775267039586
906,-2.28396924531077,0.15592209578988064,0.028555743903326537,0.0017020218694104498,5.466194267515158
3270,-2.281456152503073,0.19131129521113782,0.015404722256003648,0.001550146736618853,5.013237953959488
2134,-2.2768284417557516,0.6836694769866312,0.17406899536492265,0.007789311165670726,1.170341970944436
3523,-2.276828190117661,0.6845015883226517,0.17429167725669925,0.007810737161533938,1.1641703583080583
1352,-2.2765712232093827,0.16611827293073161,0.01831013836145787,0.0014293222117250995,5.40439165769102
251,-2.2764611846279155,0.18830102850161598,0.030766844521180614,0.001397572737434639,5.019480711340794
2279,-2.273658030161868,0.17470195791320042,0.025154612415887272,0.0015783032168545054,5.311425052785677
2445,-2.2732599375969444,0.17426819623978046,0.009264396840019073,0.0016491323940216404,5.467488552436759
1115,-2.272751869549562,0.17421303074736647,0.013352851279067846,0.0014959028939175384,5.415545890662438
1965,-2.271724203864239,0.18140718922812218,0.019467464862135367,0.0015691789061963836,5.218527996585266
63,-2.271534265543149,0.16647682044620932,0.03725267272183634,0.0016861953077172787,5.196438471459382
2104,-2.2712360746685962,0.16871325477176707,0.024272139106173644,0.001581308139612151,5.2898218361564435
279,-2.267017016592696,0.16990967884761934,0.013917724239515546,0.001380397001728774,5.409418132627637
1744,-2.2667700613259543,0.17757130740154564,0.015640704723407197,0.001418641030397485,5.2587537407572125
2160,-2.2649287279428663,0.18466778375492202,0.03809223512387265,0.00173446802636438,5.101380816276163
704,-2.264010601227937,0.12642672560741858,0.024284460081541368,0.0020338777411964075,5.662973061075613
442,-2.2624776929089654,0.4948269781296799,0.061435667915761105,0.003757300502694755,1.9725915213773326
3832,-2.262423996872209,0.4891265835123865,0.0597626283547009,0.0036636780463891487,2.049023492834729
2564,-2.2618752741573327,0.20795507361678767,0.010355215391431253,0.0018772217808059074,5.132494545784727
3788,-2.2614928758074986,0.1545219732463431,0.014318069184377577,0.0017651003620814717,5.854845068035189
1431,-2.259624184692338,0.20563078475813484,0.030886940849063307,0.001552401345308839,5.053518974831828
3110,-2.2556983100450174,0.2746456572358813,0.024560806106609052,0.0015060596975201314,4.131573816150136
3347,-2.2546317080408613,0.3596964040382187,0.012333052676095234,0.002181104028178441,2.9787887079121407
1606,-2.2544141344443287,0.28175680004616077,0.013771276756911786,0.0015513445122981762,4.007915085159931
2161,-2.2535553701820175,0.1791777481063615,0.018038722814798527,0.0015554251698738912,5.1478667583319435
605,-2.252786377975812,0.19758449744801387,0.027499334174235213,0.0014436852161897737,4.9968453427459245
1073,-2.251151479064179,0.20994309474027123,0.029640370422213604,0.0015430873941035292,4.972552784169854
3012,-2.2471913128149903,0.2381371512601628,0.02678482736854348,0.0015631398874852002,4.288509622444506
170,-2.245710125112961,0.16422778756051007,0.02715196073985456,0.001828476732853055,5.437855982451303
613,-2.244989058103083,0.23409576297157172,0.011824873964025321,0.002064527298494933,4.477975700501996
1507,-2.244694841766028,0.19485341794716413,0.01729111180750316,0.0015570918423056428,5.069919057691046
931,-2.243212414519714,0.16547803767164526,0.022839083977453167,0.0018157058338312095,5.5491315732448445
1772,-2.242228370914535,0.21105712936555426,0.025344665748039084,0.0016070891040343702,4.813922959840906
2857,-2.237742976931694,0.1585324461193825,0.008938614498646255,0.0018770686259834489,5.73807726695108
3174,-2.2362496972003627,0.17359394684335538,0.015157491475889455,0.001920384547262831,5.832726116251566
730,-2.2340574457147535,0.17319580974003618,0.026785971867518122,0.0014200953859904632,5.294730355583162
2471,-2.2335306826056933,0.18334002265907987,0.03239906447581588,0.0013961425110210238,5.084768529465434
186,-2.233299719759735,0.21021176758829135,0.021445097108963453,0.0015478787887105848,4.714297170640137
2472,-2.23285514383952,0.21084503790216488,0.01921191132664717,0.0014664281621147956,4.849776425803119
3125,-2.2318221754418377,0.17044842909824348,0.020796754353558634,0.00163580243883714,5.444627323374752
3597,-2.2316143579990664,0.1799920499233476,0.023411331045957686,0.0015076994043432665,5.2662243777186415
2867,-2.2306657297077703,0.16732071309912516,0.011949128597462777,0.0014447364768613487,5.442321162029033
104,-2.2304359115991965,0.17514559535644358,0.016332102696826323,0.001384859790663342,5.289458812042474
443,-2.222285675331507,0.18259311121335028,0.02114092983565605,0.001487940210114383,5.17717598002878
1745,-2.2220732386748017,0.18809764414260283,0.025920428259160074,0.0014701451392672568,5.243523566416505
3397,-2.220730965545343,0.2297151724917073,0.004680319431612093,0.0019141245734141418,4.7225237210832205
1164,-2.217400361236084,0.17821776838395542,0.032690496414381445,0.0016672832849727473,5.250066164641582
3315,-2.214103678592511,0.21342592883571324,0.03729329410572029,0.0014634485758966307,4.928524301278497
2461,-2.2132317538922175,0.22837281009244054,0.022984815322810763,0.0015130578560561571,4.513065902079158
3751,-2.211555376091283,0.21281897465748675,0.028481145069590274,0.0015728260262078788,4.965682311582061
81,-2.2102831544882946,0.2604977492211584,0.03149150980545668,0.001629643569710027,4.22163972367437
2075,-2.2083103557398056,0.2873319704144478,0.020073126098159946,0.0020775668121837407,4.002800113713597
2817,-2.207693767821815,0.34300318410164876,0.032467170022153165,0.0019911734872047116,3.433252577841304
1479,-2.2073046196862287,0.34299891842292574,0.03204211197669395,0.001948372364409316,3.2656429587427587
1187,-2.204184493466256,0.1725817338181287,0.022823606962387017,0.0015818358253246072,5.351639222913763
2135,-2.2040971366149287,0.15485901508905364,0.02051860029784543,0.0019100299577671231,5.514400474043383
3021,-2.203525176163616,0.2056391597954355,0.03470304516890681,0.0015667761778547526,4.922308272506026
280,-2.2015614089048,0.1803900670771545,0.01819149131827146,0.001737259576233,5.353476901949998
806,-2.2009337848724337,0.1931862052815319,0.01535416218654679,0.0014305983934722484,5.189523408264579
2029,-2.2002918752290714,0.17606393348626928,0.010191598698206676,0.0015818535599332146,5.391364055215043
3064,-2.200204992761426,0.43885711950866646,0.07721124799842802,0.0028185521753481854,2.610533656753115
2268,-2.2000464118094136,0.463995859352199,0.08404987637341148,0.003191721627945984,2.325255890856366
768,-2.197909399769436,0.19123733115306768,0.02918256251426263,0.0013909381225672421,5.019588618361763
2746,-2.1975769667360168,0.19028723080624887,0.03478711410719515,0.001484107212133599,5.062287461995046
2772,-2.196964665983059,0.20696009488868267,0.04249960866484585,0.0015130721627384003,4.533987398029827
1835,-2.1968920636558837,0.1326600010274912,0.0025466180121310965,0.0022388359937767235,6.586109308400575
2550,-2.193472252599532,0.2440098159578407,0.022930266274253448,0.0017332213469665257,4.376163819422534
1188,-2.1926968573399224,0.18268125720769152,0.02459439822914942,0.0013215293591035725,5.197802315170306
3013,-2.192667148294449,0.17998036066720416,0.018709635549570502,0.001374142053367114,5.24465176362783
3294,-2.187609386785476,0.20676085107246545,0.012510345035692002,0.0014108198586881083,4.990441951332739
3420,-2.1870939309218786,0.19314086850908352,0.024975310856754203,0.001546062482931388,5.166328816296368
3215,-2.1846684653816406,0.5822933195224997,0.1264354358557274,0.0058909574524369,1.5130944564013833
376,-2.184654776917931,0.5833145182652764,0.12680592777121477,0.00592537149525671,1.5027780143841138
1651,-2.181461633123406,0.1950712174115776,0.021035180335887492,0.00152697823387676,5.301757300953258
1578,-2.181238054791574,0.20045777140557358,0.01827239770006027,0.00149905069442362,5.023174395137225
1804,-2.1801689069358208,0.19092271217866752,0.026835480610683627,0.0014909620426222148,5.090750694099009
731,-2.17965994977849,0.23084967058198022,0.0055710607308089004,0.0015281866123791881,4.7753026882842375
586,-2.1788020734229208,0.26316997560481986,0.04810628899133792,0.001585066204869692,4.573298276608824
3076,-2.174016577378413,0.18699905336893696,0.02110264478442493,0.0015352316694595969,5.282364039821364
2964,-2.173686587882178,0.1638390196648441,0.025520602351383672,0.0017715983031053213,5.372083953735217
2417,-2.172110697062729,0.1860938051833374,0.028111494901288725,0.0014735765131758734,5.141117266729939
2760,-2.1721067182971274,0.19543835277144783,0.02628948375649017,0.001477100362325947,5.000052099106339
1480,-2.1696249770418095,0.15336211996401572,0.03083059826204504,0.0018336153937985374,5.485176869012075
2846,-2.1682576129331173,0.25598068830590304,0.00853429884065663,0.001955139521199566,4.429539333554025
3126,-2.1677170166047857,0.13571034073122673,0.00541626171862145,0.0022014482726448086,6.552475012343766
1189,-2.1663882084549866,0.22768951249939445,0.025229606016541114,0.001506853271622476,4.763585936123167
3738,-2.1643355426225046,0.2743342303658227,0.029726072663102034,0.0015306462690488772,4.125745615114562
705,-2.1621361941154693,0.25905248540891695,0.03247168858674181,0.0016732740876902424,4.289505482452894
2446,-2.161576557744062,0.2971030729466988,0.058938596972526555,0.0016771143296499895,4.020732474635416
587,-2.1595740515396695,0.17155042078686272,0.010221986704831498,0.0015797006970562715,5.467210511901829
2105,-2.1593942609349397,0.17084221782340325,0.01005392461985861,0.00159049795950718,5.5131202901567455
2773,-2.158032149483403,0.19543928228028754,0.025863784079135158,0.0015997553386132202,5.188210505613647
1276,-2.1575769837175844,0.22702022049531267,0.03801241460138836,0.0017747504838095394,4.1926756727407355
311,-2.1572474685166805,0.20910367575807545,0.021801298085899038,0.0014610732224429196,4.808439163247945
706,-2.155112262937332,0.21462664467015066,0.04809097718882539,0.001480358000063562,4.588754108126965
3205,-2.1551047082042154,0.19642265828713237,0.032625175335650715,0.0014007873191088276,5.108234695611915
979,-2.1506971833115953,0.2759061760673867,0.020560362367164898,0.0018566602063028364,4.045018113816647
1805,-2.14847909629001,0.5654632007637672,0.16941519830345234,0.006255327573093895,2.0598143672088955
389,-2.1482066834422935,0.594206820010723,0.16395280583579896,0.0054049357112919754,1.6680839502348626
456,-2.1480244830803144,0.3904653900710993,0.07317311235399568,0.0020906213146522513,3.669473346020915
3699,-2.147257878856861,0.20856913448022305,0.030453497776683647,0.0014429044140505797,4.753879466342218
2474,-2.1471943227703516,0.20383591134935164,0.02251917769354849,0.0013670032139101035,4.957331002011596
2875,-2.1462887563555983,0.22406473289078366,0.025194151271672766,0.001509080104451812,4.748841620473497
3509,-2.145779538087415,0.27315483895722464,0.04615063001109157,0.0017332270979725218,4.567741711649882
2076,-2.1456890832443642,0.18150867104314874,0.03033621636113669,0.0015650956075482787,5.3355259749373545
2774,-2.141058146399371,0.2750246021989746,0.033593771121565426,0.0015732028698313217,4.57802179930247
3575,-2.1399143028911514,0.2673853156398799,0.04493169855438928,0.0016711515585901633,4.295272692378665
2786,-2.138447234811021,0.24466491309957367,0.017404792090174485,0.0014679837726615807,4.605658518896561
2637,-2.135850914632815,0.2983483618335529,0.0506297932411795,0.0018166057035975186,5.11580228300641
2955,-2.1353319899124448,0.2335583777706831,0.060808237051393925,0.0014630646590983217,4.754788033082987
214,-2.132697194592292,0.154217377702148,0.015390442398385735,0.0018545415782161832,5.618771526641598
2077,-2.13194302748853,0.22277897534370494,0.05732360362723796,0.0014845845791750115,4.482463338423903
320,-2.131924814055579,0.18820021633880785,0.02700112566823912,0.0015307202290588484,5.185267930298318
2638,-2.1310414030661198,0.2104558086167657,0.02868547852137933,0.0014650906877253518,4.775747024067767
1695,-2.130810689098035,0.18400966240794614,0.03638966446688337,0.0014643637680717813,5.18016644170629
432,-2.1297130913540925,0.1364495409832357,0.011993176095284346,0.001955502439900315,6.42316973247784
1967,-2.127324312324544,0.2713082381517578,0.051340288864987295,0.001618181249227279,4.490383615711041
1432,-2.1251613570929417,0.18357470617634794,0.00907374034180755,0.001475714900460822,5.253535883295907
2201,-2.124960812168584,0.2594231164884171,0.04293260705247274,0.0015497650159997196,4.4893286961050425
819,-2.1229599494764844,0.22545038564382902,0.06414631733402726,0.0015583023809959966,4.560728629057271
1652,-2.122096217127603,0.32281613076927373,0.047870925098642596,0.001608707643506451,3.8639712641518247
614,-2.121754265154457,0.2468115893901215,0.011959045077871096,0.001668612991292999,4.527910867327568
3332,-2.1209747329409496,0.2785465231788289,0.0346968317537427,0.0016553405576347053,4.31321606431967
2730,-2.12041211458157,0.27089704583372354,0.034363225876317426,0.0015059929898629683,4.366873177518197
2611,-2.118776264751104,0.20902052608244887,0.03945844818025468,0.0014501524328593995,4.850798995258696
3602,-2.11812065379962,0.23854014763600456,0.03061651660771198,0.0013646235293449036,4.7479084875179165
304,-2.1165412692760857,0.2718680698552988,0.07756559149196872,0.0016367762923502605,4.308504500017439
521,-2.11384317416978,0.19858064066615078,0.0459464437457341,0.0015885010864991587,5.091998641069956
3540,-2.1118849130519832,0.2749754822234863,0.022849561038961748,0.0017696870019478898,4.336778041359738
200,-2.1109230489742226,0.23562004068313788,0.03859336198154171,0.0015514829247810225,4.7448104276231895
1912,-2.1104301879824545,0.19190279486322054,0.028860639367942618,0.0015918765543570697,5.136121824711127
1913,-2.1063513757107266,0.19113630491730954,0.019269949346769562,0.0014377193472572128,5.250379379198712
2565,-2.105410547086048,0.23039250641317705,0.046550201227145246,0.0014231028889076984,4.659417758020489
870,-2.1038666296943296,0.32860389923778843,0.0555308098891091,0.0016641846927509466,3.597352624707163
3675,-2.1028513619613074,0.3595353142572111,0.06569865126986836,0.0016929193345995605,3.9548076504351832
1676,-2.1028438904312736,0.15509275016039115,0.010251660332657146,0.0018904967096800226,5.788405798773196
2716,-2.1004901241293883,0.32437418883426344,0.07246091685080877,0.002108305884284199,3.7822602190818198
840,-2.0990249601704165,0.1363483784886622,0.008491271738769441,0.0019305046270868189,6.434785738144728
1836,-2.097804829093303,0.2222765501222086,0.04979450672223617,0.0016501158573049603,4.514112652066794
1406,-2.0973452149027443,0.2601622011652204,0.044507191289280226,0.001438707253686345,4.677279744354254
1024,-2.0952403331789813,0.26049086935857846,0.03204391879086438,0.001492879868259701,4.3649563489067615
3657,-2.0937014690868634,0.27039729102040405,0.038108303222533176,0.0014630801547075012,4.413807766603542
368,-2.092245263445734,0.33727287856336985,0.07769462310459531,0.0018940643913718765,3.5299717755247575
1837,-2.0907966796214312,0.26931219449974153,0.016780926171939423,0.0016757879327516472,4.088888898841931
340,-2.089391311850011,0.2194041305195605,0.04267803783248102,0.0014657324235157353,4.740536882438125
2475,-2.088453258899384,0.2451761029200919,0.03960601639691374,0.001422836323382443,4.732070416829638
3653,-2.0851805043083758,0.1788203061071567,0.011005995758928137,0.0014698504821017257,5.352779876608168
3185,-2.0851059580992573,0.18640694584998216,0.021994947383889876,0.0014085459536322352,5.265242202609391
932,-2.0817264481854107,0.22936378492263693,0.04975359858439417,0.001516224367222503,4.618829209715386
1579,-2.081567276126731,0.1882461475310016,0.017677248186806754,0.0013670110597334708,5.158184860952375
643,-2.081252107098325,0.2470461835029241,0.057998614070108666,0.0014847630819874156,4.486067771989797
3440,-2.0811827527520594,0.2521930311021903,0.009904058382901124,0.0015155293828249062,4.549581277195273
1890,-2.07788582445831,0.2740971566169166,0.054505824869668984,0.0014884608276228475,4.121543856049368
1543,-2.0765969285387964,0.2114175903711396,0.04507584804826236,0.0015607764119785416,5.059201210701769
3277,-2.073989171032683,0.20690273811790016,0.036626497091609096,0.0014551755131451789,4.8514391954779565
665,-2.073343997186458,0.32797499247860296,0.06867578248049445,0.0019357672211594151,4.539485611231031
324,-2.0718431785542037,0.332676901635124,0.05644987436783923,0.0017484181898409323,3.6988736345724544
1141,-2.071408712470313,0.17014535200607986,0.031291983818991335,0.0016684169642562565,5.456316335759576
2464,-2.0686513789565306,0.25303149051160834,0.059700421661099776,0.0014764527653806294,4.4820654111801055
1372,-2.0663989591310523,0.2635865732266663,0.04639021430617344,0.0015639692242333224,4.259806691239296
2375,-2.0648789044437152,0.16565651899240574,0.031115630631029977,0.0017918864589440047,5.412648230408145
2052,-2.0625764943177893,0.15825654303874792,0.006087909859552005,0.0020889673485710767,6.313258241498336
807,-2.061453139870674,0.2663135752278919,0.021998192332352017,0.001901067811442769,4.315248100564709
403,-2.0598099724409034,0.25509365213639024,0.05727739596843362,0.001541323820199538,4.020294128716448
1509,-2.059636691234523,0.3098561447801365,0.049260683519660314,0.0014997632816453976,4.219240559813812
433,-2.0568529415228602,0.2623969238864606,0.053385968569198514,0.0014522192393852235,4.188830867036032
2688,-2.054711198509541,0.28523044191297736,0.04031701403943075,0.0014099889265189894,4.522159221887321
2791,-2.0544472851448705,0.20594535039563988,0.030208309579538618,0.001497681681630185,4.970340193099612
3793,-2.052871037581242,0.19687153597280183,0.017628017784135648,0.0014656694096839345,5.088261693027196
746,-2.052200890613545,0.28466035620216223,0.04011687515578004,0.001463152915198877,4.315190817390533
889,-2.0502818593418843,0.31148061725897347,0.04039185519426314,0.0015607546457389434,3.9033326280106633
434,-2.048112633927994,0.2051508776490854,0.034682397411714326,0.0013735402039036597,4.91375517313627
1025,-2.047858886561164,0.22992081396776537,0.033723401136643,0.0013937777212589503,4.734752300637524
3450,-2.046663927604708,0.29102427222703,0.0800358847463544,0.0017112840861188993,4.617636357217569
1946,-2.045548914558794,0.3392832557045471,0.05255917051083988,0.0017410802560516331,3.8154034717399736
523,-2.0427579455613465,0.1833701146675074,0.01987378188370525,0.0013429141688429626,5.26707226854106
3594,-2.041987575289223,0.2513695893138102,0.045157614722618006,0.001353413145693686,4.630340483379765
2834,-2.0405860814013645,0.16897288475568759,0.01947673322893729,0.001610265901207373,5.404441041010037
1773,-2.039844679812378,0.21794892032786817,0.047268733429992826,0.00147099482947949,4.83415515678481
1328,-2.0349827866825914,0.2395111488007781,0.029659182016635106,0.0014211304027234584,4.558153338192258
2965,-2.0338655860170616,0.22844827254011768,0.03248594929039001,0.001414793501437204,4.932004586215141
769,-2.03329961010056,0.1792369857933628,0.02202872657950125,0.001627508452942499,5.380301939564244
3441,-2.0329188117442567,0.2240527484821964,0.0393146886318432,0.001407904138197489,4.609594555598469
3049,-2.031266327211607,0.29466176416030954,0.06052121457573919,0.001580862206594358,3.6843363260673505
2106,-2.0297348922143352,0.14908809011772686,0.01608631380466788,0.001633389403405485,6.053554293621072
219,-2.027918442407067,0.2552089679435577,0.025084917688650843,0.0014850403252349908,4.090062775164787
2376,-2.0239895179494836,0.2449919926281709,0.03633499370806713,0.0014439794155329602,4.6570929912025205
1580,-2.0235456321479006,0.24669653053360563,0.045675860942556434,0.0015323076139246014,5.045140656480705
747,-2.022802593126258,0.24836397746810224,0.027804204378672287,0.00146843436786735,4.494041101290346
2503,-2.0211074382100773,0.2758328636392328,0.058479202909601555,0.0018340300407240695,4.5399058793045
1838,-2.019279404716798,0.27871192791494015,0.04461411678671824,0.0014025715066421326,4.185034560816667
3805,-2.0171255681330353,0.3010942527589646,0.05560111892239872,0.0014987788022135901,4.133059901755583
2107,-2.014769012241206,0.2741964246014203,0.06232655189297777,0.0016329585446934615,3.940191227106001
2418,-2.01267665708163,0.19218676555487402,0.02483720846669133,0.0015830876689716137,5.2837535318517075
2079,-2.0110252385649674,0.20227771942638276,0.020781383783124673,0.001537789529840915,5.164961328043765
2328,-2.0096117225685104,0.20393328512715703,0.04310387139550793,0.0014465560462937014,5.116175887902857
871,-2.006712294957954,0.2105738565480551,0.018053213860087725,0.001506968178575976,4.758200365219379
3740,-2.0062496572747848,0.32498414186057173,0.055182696496318566,0.0016167417710556495,3.7501160154729245
2776,-2.006212667211433,0.24667123278753011,0.035255018547788675,0.0015859175746493173,4.618923752164098
1481,-2.004442752421764,0.2419221005134632,0.03508747106838545,0.0013890797592899318,4.480705303260706
2529,-2.0029086279512853,0.18800021206808404,0.051553376339364035,0.0016565070021898535,5.269256574280691
707,-2.0001733514240785,0.30713442270827207,0.06174302153635558,0.0014305690488352928,4.417071259061304
3089,-1.9994725098006225,0.19706235959423896,0.02175246686946475,0.0016697573151457405,5.286448408135074
2080,-1.9984329323529397,0.2592085424955628,0.02812795949070111,0.001839924966218083,4.2755985859124
3712,-1.9963634950802345,0.2133169974983763,0.021854837247245972,0.001463337298689777,4.941846159808361
134,-1.995745959456691,0.24135754356121214,0.039515503723357125,0.0014342472108527576,4.445097072361845
1677,-1.9940114467676122,0.14556237188231885,0.007809935182467873,0.002128239339875938,6.559657428607635
1723,-1.9936684346116322,0.30632678945547287,0.05163579996353004,0.0015337443255767941,3.8948019807500645
1000,-1.9928750131768913,0.30236311155458484,0.09075783639259685,0.0020109371098877217,4.393907341384083
933,-1.989317554444403,0.37432338769382445,0.07021519594347193,0.001782327558205265,3.1778796147814767
1057,-1.9885177503465208,0.3062098956642684,0.03386632854136446,0.0014878441800091442,3.857946939174423
872,-1.9819766968925532,0.19277960088008014,0.025806546573173057,0.0014121245290939026,5.207814830127197
2377,-1.9817970312956832,0.2321415709970504,0.04113900954267767,0.0013707361964071735,4.853663752090094
165,-1.9808739604983077,0.22814080747305743,0.04058940514733428,0.001401159191334671,4.59292256771617
666,-1.9807979670551878,0.17727323822088897,0.02322572963495377,0.001516255325062991,5.246049819247975
2818,-1.975679268306105,0.3053340610804597,0.04539381819865025,0.0015790691680228116,3.676453072134284
2364,-1.9737891991844823,0.18836937183067887,0.02702787749716036,0.0013840322785781943,5.193759025763622
1142,-1.9727770471725834,0.20692682403321688,0.026038038648582913,0.001506580851339418,4.923831236866314
1510,-1.970949526347452,0.25122241583711535,0.03770560672769951,0.00140075655739307,4.243102011748338
496,-1.9695626483825344,0.20612574594629518,0.023735195714959023,0.0015007570773494688,4.980218648610848
176,-1.9686391022120395,0.2223334881442947,0.033678961264913466,0.001464965606246531,5.308310372800855
1331,-1.967839787226205,0.19392703319890275,0.017846359209411574,0.0014156359791183293,5.127454063610675
1374,-1.9658359447975278,0.25722484952861413,0.0742805338540042,0.0016697117210893698,4.844278916480705
2717,-1.9644834649452354,0.24535285206173935,0.023892222738873585,0.0014293091866731994,4.450066457307678
2476,-1.9643631520198657,0.17940740588895743,0.02756097597277073,0.0017154086694229202,5.405703906123759
3671,-1.9627057130279502,0.2745553091234813,0.042396651971467456,0.0015038730395834344,4.4956684625817775
3789,-1.9616059868119706,0.23013807177528067,0.02785447836680894,0.001569739386213997,4.7675955126865315
2803,-1.9607934347870837,0.2622721536232744,0.0356666981370912,0.0014794208615796574,4.805080294830692
542,-1.959965558919052,0.20253858306342346,0.030267790874655802,0.0014324540422455247,5.19302797009254
119,-1.9565612678493212,0.22198742612383932,0.021035211824962347,0.0013815326592115564,4.816255834920636
1725,-1.9538900562968358,0.26721261974848715,0.05424224406017669,0.0016640008111594752,3.912696530160046
306,-1.9502089393768496,0.2785494925226347,0.06760856804768432,0.0015058828744081688,4.502945509135055
3658,-1.9478833946446228,0.4316216128371507,0.08224039963791414,0.0022021071209576697,2.5448628879596726
615,-1.946044934567682,0.24460118727471064,0.04829363485042731,0.0016137521254017985,4.603225959687412
2237,-1.943639739451192,0.20999708553749022,0.034894995357685754,0.0013652014532013657,4.776711363934903
1058,-1.941324297684892,0.2452482313664103,0.04980094072176959,0.0014635992392588097,4.880508746558629
1026,-1.9397641850714922,0.20394869512135683,0.024638596848937065,0.0015812740267863428,5.293365310449552
3502,-1.9393418069062733,0.2637546044686755,0.027538194110817996,0.001524368639774709,4.139450657797316
2110,-1.935914238811427,0.2511162850392206,0.07220286971694205,0.001631602216392375,4.818862439256986
667,-1.9341830221178786,0.27697107419035505,0.02154732246425251,0.0015133830875242481,4.335625634974033
1166,-1.9337465535880745,0.2173618771728075,0.023038578535101398,0.0015374723892856378,4.77018413022706
3469,-1.932665049786144,0.2585696763197276,0.051657689367399735,0.0013884335702441916,4.5550301768196695
1458,-1.9326626542240282,0.298133131820159,0.05260638182456303,0.0015829770033097836,3.9184474818182258
1545,-1.9302085986352089,0.18109799680748428,0.012607545812848626,0.001595705194123969,5.538637494450166
2221,-1.9293111505748246,0.1767242844460202,0.019344236361199744,0.0014212285231387115,5.358809643963192
1279,-1.9292968687272996,0.18896768481082232,0.026487816095205258,0.0013996823942611805,5.210654801113741
194,-1.9280547945519046,0.3090042312966768,0.05584831788653987,0.001540797649399002,4.217568497655144
1190,-1.9249796629844473,0.2713701429132386,0.0336627546103502,0.0013461028536251197,4.1389134668110215
2137,-1.9248533211190753,0.18756567556252765,0.026353665385459895,0.001484398893042693,5.702471297854361
2002,-1.9234842314451122,0.18396859458176373,0.029125052743733372,0.0014583795317695775,5.158272366578043
2494,-1.923145258844515,0.2024804236030629,0.03219499745457627,0.0013745136993476514,4.8648015112770535
1191,-1.9154874864812408,0.3655493829489429,0.05816012663769229,0.0018688376569174715,3.044837914973413
321,-1.9097068401165944,0.26474420426643086,0.05424187297919096,0.0014437966441286953,4.787874345853655
3348,-1.9095134900369115,0.2371393167774789,0.02926003563499067,0.0013743139311199976,4.631411407818083
1143,-1.909066612675602,0.21579438069523324,0.03314144552719489,0.0014692191939540608,4.862968671608564
644,-1.9065192676505418,0.20193895904542492,0.03042442902819165,0.0015050405319293764,4.9376612391869585
1093,-1.9058997316193984,0.26082796983050216,0.07532061839896222,0.0016665341558355015,4.818356565818584
1483,-1.902278452964697,0.32845907688119147,0.04187335962181653,0.0016504670644862738,3.863159459130874
2812,-1.9021034288164431,0.21603013762258966,0.037577782727319334,0.0014538243283652085,4.783226476145758
2804,-1.900491637136435,0.2474537653209009,0.01269073452263461,0.001439068135994649,4.447420119151159
1407,-1.898322990322657,0.19180655646948286,0.029512341455664677,0.0014408831258162398,5.101990876687101
2030,-1.897831107604312,0.259980649554388,0.038407175971323454,0.0013922911360182944,4.293881401832784
201,-1.8963111932529666,0.24940015437372237,0.019108397700795036,0.0016313572976222087,4.559822180635669
1808,-1.8952925310698905,0.18339438584580492,0.02890770251220696,0.001723077916691613,5.413193398297808
2653,-1.89296192794681,0.19670321532863416,0.023997378524192217,0.001582521953534646,5.114770262233751
2281,-1.8922049549193873,0.15257574210327268,0.010543014484820172,0.002250419347210885,6.339296876146946
3101,-1.8916769309757104,0.187968342860729,0.01955781458390372,0.0014503282753544583,5.3131844358355345
3014,-1.8883901167895938,0.22536623487866214,0.04948530567842534,0.0015868230557353979,4.991215422982322
1433,-1.8880252588611457,0.3127282015296953,0.0770233879675986,0.0016472059418394984,3.6407394166771905
1747,-1.8854166218892932,0.3606892777318247,0.05786991527271332,0.0019884894750522805,2.9045795693664362
2956,-1.8834295621745365,0.19397541164928672,0.03050229489144713,0.00151434924713587,5.302382856424828
1970,-1.8814993945294067,0.32931344755590275,0.07661286813846889,0.0015367275747897294,4.228051831710417
312,-1.8774582745607922,0.2560437244275202,0.037422982745755645,0.001576306711477337,4.141286019407598
2747,-1.873501328719487,0.2956999406119346,0.09603101244342621,0.0019246387358174155,4.309134413330935
1697,-1.8718220855676773,0.350845941410853,0.0455333773868142,0.001751383693994174,3.6145828841981267
3572,-1.8702036878201824,0.20644680598626858,0.03355117185435974,0.0014996043375783944,4.845770664355909
2391,-1.8693233920198276,0.21610552229194507,0.02961780505427329,0.0015102594511199386,4.955460167450957
3465,-1.8686327783648018,0.1909178701334147,0.03561211649506512,0.001494626933115823,5.012953823103976
3050,-1.8679918285616206,0.2592775695739207,0.01336826476855934,0.0015994061571412378,4.3334056448047455
3417,-1.8668248629361375,0.28179945745956975,0.04104514077867166,0.0015145042690681107,4.313666303739113
669,-1.8617524140607913,0.2532189647014746,0.015575178720622203,0.0013350962122015081,4.583524645749652
1582,-1.8600236830776946,0.2385501726611782,0.044664656699531784,0.0015930224575388962,4.7222506915413955
2876,-1.8589363825401826,0.19040968106486145,0.03000670497471732,0.0014520006214568035,5.213670518908577
2982,-1.8588744259572965,0.16720751069640594,0.0332888988277292,0.0016637393431522536,5.325845610803254
1117,-1.8570541924068555,0.1503357748784684,0.015158513415955683,0.0018003930224194684,6.26611336166858
1653,-1.8545049118770647,0.28708663729019107,0.0409316716740904,0.0015160249428967187,3.783200749016419
1893,-1.8541167503459972,0.176981370411434,0.016073335999530824,0.0014239638512538815,5.383171188633208
524,-1.8535700195930032,0.23749208569749158,0.03176152352495924,0.0014644115687252426,4.747931092023462
1375,-1.8502210399703547,0.19085157324864543,0.022140691849031974,0.0014040652400011502,5.163203988473624
1332,-1.8478805619204262,0.23939221164450697,0.031994185264125306,0.0014306163982785959,4.581971054307755
3243,-1.844435234234086,0.31948214394498087,0.10003253512187603,0.002157127158291812,4.481692494426319
2351,-1.8415485643040315,0.28675810739115737,0.05113886865896062,0.0015116914232881286,3.947589158931076
748,-1.8402153710027855,0.329433111773962,0.04726506538602327,0.0016528690271274528,3.803092112921541
1971,-1.8368265781385602,0.2501073776794971,0.013900865579596203,0.0016176441717422588,4.379619096827299
3812,-1.8355694064755195,0.3069535078867943,0.05921861202524188,0.0015037782256084968,3.944038510661068
3158,-1.8349644982822653,0.2350452919870349,0.0364600441722106,0.0015766536591628082,4.735024773538942
1894,-1.831083343404323,0.18427623089606485,0.027143675896823878,0.001503331252607646,5.137889790224836
1168,-1.830360021771888,0.19442645979704593,0.020243841162161987,0.0015716432543556225,5.197086466254284
3480,-1.829199533723371,0.2219657632564776,0.016914852700199302,0.001584714778114934,4.969189393629608
2654,-1.8259072147416178,0.265082654851979,0.046056727031334975,0.001429872922332135,4.595722105572209
842,-1.8242387310427692,0.3534221514119282,0.06963888900754275,0.0016798710672302813,3.329087548787176
3057,-1.8232892071702769,0.2368224768796517,0.052433759518624876,0.0015513524480774252,4.461513937468445
552,-1.8228596740666445,0.1364600041060805,0.0031157595258672695,0.0021265911932157647,6.518820172624838
1809,-1.8204549020459628,0.23340263028724276,0.048669017881954456,0.0014798278621836278,4.904141748760278
2731,-1.819186118430507,0.2238936027610075,0.0362544795645324,0.001423705059591077,4.513479753167616
3541,-1.8156134095707195,0.23220248754497175,0.04218559275338081,0.0013895986758557198,4.995515517898349
3176,-1.8153942753278958,0.18770480267296633,0.025433695882858043,0.0013824813151960232,5.2177116600676126
2835,-1.8124514928402984,0.216343081695602,0.04729378653498616,0.00150110487060006,5.231054059619547
2420,-1.8110377820788688,0.24472427797348317,0.022636280089466974,0.0013767806791298673,4.740008851871636
2599,-1.8102439640707462,0.27602411090660217,0.03975299476556919,0.0015394350549337301,3.844988039169017
2536,-1.8080010716787485,0.2874810127417317,0.09028646557653174,0.001771305310252509,4.091254924889837
2238,-1.806593106971253,0.3497903089035762,0.05768026719304724,0.0017307611186193153,3.621430950209878
1354,-1.8029086061434951,0.26875678313833384,0.020738150011106724,0.0017741383500031603,3.9774955909577048
2239,-1.7993612223725133,0.24235553333436427,0.00873802857140027,0.00140892511952119,4.710049535058928
2270,-1.7978867112463792,0.259801117753642,0.059563549475852476,0.0014618061105790478,4.5251317769702695
2312,-1.7955433498106044,0.2039650295209767,0.0284404903115813,0.0013507939198357962,4.877824839013988
2112,-1.7954000510295616,0.1797236504781608,0.025378327439693357,0.0014959935266504567,5.253531295956802
2718,-1.7933872868679557,0.1777995009706284,0.026053148735341286,0.0015757241019222358,5.304022108660291
2903,-1.7894857185601274,0.15016467120001079,0.01504448393911804,0.00201781595016241,6.396364088263385
3487,-1.788811288089194,0.3752802812094063,0.06526484851793715,0.001815270396964141,2.9632786725354547
2585,-1.7855469410404807,0.2119858557955121,0.03247631605648148,0.0014443377549481255,5.076026709691682
1774,-1.7843200022194337,0.18101141237511564,0.032070533049802986,0.0015065324687950094,5.198152483089023
3290,-1.7802936008963863,0.25315692949967095,0.042814370294174606,0.001517401272876787,4.932581714812754
1194,-1.7795750242433455,0.26422509873875716,0.03768069557652212,0.0015026389161656621,4.138058039905195
1333,-1.7790679994587186,0.20742742767442857,0.015234715135331159,0.0014486430427210907,5.093891028542833
3349,-1.7779373136927594,0.2282076062796924,0.054691902332376786,0.0013966668161819722,5.006909299937179
2878,-1.7768855363817329,0.21954861892305122,0.02766608486164305,0.0015001925786697493,4.950811863566613
809,-1.7739803749999343,0.3248550922653627,0.05486532852342257,0.0015875287903464044,3.6135029483479757
1304,-1.7720339471750608,0.24318142894837874,0.04433388867735936,0.0014589875947524833,4.717575099358005
1698,-1.770043037044496,0.2713691144841575,0.020983708964223313,0.0015798126562668949,4.176319634825494
1376,-1.7673399563455698,0.24987155015879153,0.02320865825475946,0.001753456658034925,4.373105035077181
498,-1.7657671959817391,0.3125394051113004,0.0726153270725169,0.0014887737617830421,4.124725927939576
50,-1.7599598099704423,0.366336829099518,0.08310270806718065,0.0016397468024423947,3.3196140788861097
1212,-1.7588928565900037,0.1561185505765659,0.01689922882814348,0.0018360990274702742,5.667411175393508
3787,-1.7580755421030545,0.25423329853397447,0.038648324050015365,0.001406960436666225,4.300738483165613
1118,-1.7568243353308903,0.18785481868167933,0.02496498646197981,0.0014598968105525812,5.32493079071297
3103,-1.7552834442749818,0.2802800307919555,0.054980831442778856,0.0013654949238621735,4.469002928482588
2262,-1.7535834137356805,0.14944572834216638,0.018707109546544524,0.0015194909310906725,6.031550897735473
3091,-1.7488181595108427,0.2162783342741578,0.04198689385383994,0.0015406416983400769,4.8483887635712675
1195,-1.7462945870025424,0.1939414647622019,0.02685045477359588,0.001443903900855119,5.071742329450084
307,-1.7449876714960282,0.26952450940800854,0.053135357428199026,0.0015127902021884188,4.703490567450832
1775,-1.744183802294225,0.33693202521477944,0.04161891032963151,0.0016974843384920159,3.7168186830982712
616,-1.7428083584444862,0.2565834199623186,0.06275422092493009,0.0015907753971030792,4.0828549571531845
1169,-1.7403606786353987,0.20900384594452798,0.03295961364138454,0.0013626959643848631,5.01004309761047
553,-1.7402983489471882,0.19242998550441298,0.027718790151908434,0.0014122885212781583,5.22474476047589
2893,-1.738901987430474,0.1923247355398341,0.02289028173086336,0.0014791039837337926,5.211213131349322
2848,-1.7378339623505972,0.2618700966850082,0.028032008731668095,0.0015866085737970869,4.394175737198572
1094,-1.7372593424363674,0.2793244035171191,0.035092631948201794,0.001627549076437371,4.042550340844343
1119,-1.732294906310826,0.23487509806108658,0.027766275492388432,0.0013193706957906135,4.560351677531268
2032,-1.7268781699310107,0.18533930816115043,0.04827730647850189,0.0017528662784593748,5.376069467387877
187,-1.7259286009805914,0.35035625532423526,0.06212001591472823,0.0018125132538682684,3.1548013391323595
1225,-1.7226801510171312,0.14242428994629053,0.0066435133951167095,0.002123555790975866,6.461988174907297
3536,-1.722193579716354,0.1851328827422277,0.021044376946053982,0.001456863953032007,5.223900910569765
2367,-1.720131300741962,0.2255376381240302,0.037887490767821524,0.0014725513933317002,4.808638233658083
3186,-1.7164541748382127,0.33854891997484704,0.07947448300866176,0.0016972527061033275,3.914700246380259
2313,-1.7131191355737763,0.26820515145027124,0.03252124509903735,0.0015112653408814634,4.266150728538866
1512,-1.7125073864455491,0.2921146062322755,0.05134635897544747,0.0015404749628122867,4.132488869145316
3222,-1.7095122437641819,0.1999764516942422,0.04287480411742381,0.0014241505832147058,5.080542954300898
35,-1.7093897695226379,0.2945512189637798,0.04357108845434266,0.0014652897868995874,4.134170745303003
131,-1.7065414897036617,0.24794419385303745,0.011393300203258499,0.0016385653138901006,4.356737900316716
3350,-1.704306023681546,0.2097435700475178,0.02407785176854646,0.0014683463471261665,5.061747246126451
607,-1.7041351837335328,0.2013709087388063,0.0183144509825526,0.0015001144485539528,5.146302011299965
1434,-1.7026819766293488,0.2157233370207837,0.015891340516301894,0.00155476077584393,4.826681701751107
617,-1.7011161023855033,0.21503295321068122,0.037479401546632284,0.0015232177262973602,5.039864372952618
2537,-1.6991605924890096,0.24116907651397612,0.04568667677219249,0.001531743955174419,4.764758934869151
1678,-1.696256926069999,0.3261392524032438,0.08899798646017988,0.0016143571422368944,3.9245970742684495
1001,-1.6940312824493329,0.3825601849059529,0.07802206794657371,0.0020627364008007462,2.828987713780668
53,-1.689048538459571,0.17645741034548185,0.03975264958407347,0.0015858483696766935,5.103513003447461
2993,-1.6873650029866105,0.1447587650822741,0.00478056549711822,0.0022374160866104518,6.50456209889807
2957,-1.6848269059499503,0.21918634719141583,0.0437578292455846,0.0014140147170596982,5.088482595702969
2189,-1.6845597700860029,0.21737967266959357,0.01745096016658527,0.0013778515213466209,4.939304990120235
2792,-1.6812010801693473,0.25714390147238686,0.03555846833053066,0.0014729621989952816,4.209476926501564
1408,-1.6782316855934398,0.3426632100490208,0.05247734580098242,0.0016990657247419544,3.666722471808184
2263,-1.6773046201410453,0.2902896815815996,0.08503568767816598,0.0017327144395887601,4.183738582867271
525,-1.6733678015788365,0.2355471208099842,0.04015773873425755,0.001599695694678614,4.481122265715786
645,-1.6722613698506104,0.2046525349618043,0.016343280974115842,0.0015026888546457084,4.94023581221745
1609,-1.6720448752942025,0.23005276855873535,0.012590517191748639,0.0014607823535285917,4.614341560401882
3207,-1.6708687685015802,0.22540279354567644,0.022604782740613474,0.001543465578101335,4.722933709373646
1379,-1.667990221475096,0.2470878691622063,0.052063666005528496,0.0015588352007855609,4.685580611622763
3363,-1.666164035967559,0.1709966585694262,0.017706372464809095,0.0015348133718962702,5.489313562708959
1699,-1.6659927641423806,0.16259968075076792,0.018535352094134313,0.001730675896559939,5.595114991804111
466,-1.6629068436037866,0.19516629678376018,0.037864841326505055,0.0015510511575734503,5.091677832804409
953,-1.6594370976060537,0.353681089488148,0.08033724264000291,0.0016781952444805516,3.2970894684061043
485,-1.6563747914361069,0.15166596391029852,0.01638488637336687,0.0021237889536376417,6.413033476575462
2085,-1.6526449078165664,0.3050098742217412,0.04958936408834346,0.0017087787420743718,3.6143558460631713
2522,-1.6506961078878177,0.29082245998159145,0.053335331876029804,0.0015083371810917978,4.585361666226746
1409,-1.6497488094019968,0.23593076298766633,0.030614653829209724,0.0014768022170339153,4.6165668065439185
2625,-1.646559269789185,0.27941251476889756,0.03727156878825052,0.0015064172503755316,4.123913141910371
2910,-1.6441316858421586,0.2524883339986604,0.04852586322012495,0.0014383239998314772,4.660228744996198
1170,-1.6420312797496115,0.3073440152712391,0.043743924501082214,0.0016847511034302739,3.8836173614556344
3133,-1.6397357387666827,0.23744302265241224,0.026723568522869265,0.0016862336297999033,4.422271477308303
239,-1.639295401201721,0.26210758506031445,0.032554910703248445,0.0015410880936959483,4.385998405570417
3385,-1.634798600626791,0.1893523094489437,0.021805879192031658,0.0014575311060907802,5.23541609405291
3744,-1.632491781508187,0.25354972653976077,0.0433686378461889,0.0014273821829149434,4.739808607066324
3196,-1.629818724774774,0.2598693994237451,0.05495059662846812,0.0014195844656313928,4.576988628486502
3470,-1.6296381793748322,0.23206568293135948,0.05527475161817223,0.0014637180314518447,4.831784461349683
2329,-1.6291096553384892,0.18317191851269832,0.015422115752350127,0.0016741254915891316,5.482169964965138
3705,-1.6274643953114658,0.2697904730930616,0.054746696282764636,0.001521254427760211,3.9363667341408353
3498,-1.6266156280555382,0.21983581586240525,0.05339476448078661,0.0015908322325679587,4.955919488934015
2138,-1.6199329397788396,0.1393051236377516,0.0129081592764737,0.00195889609477135,6.436988901064604
1039,-1.616906267057006,0.2700691415990284,0.03148959193832601,0.0014776211205331329,4.135274585451337
910,-1.616647609583244,0.29269454194918054,0.03246428616033119,0.001496859068595981,4.066986731935808
1628,-1.6142572919823033,0.24037431843101498,0.044186250328374636,0.0014620725536832724,4.656881956358978
2164,-1.6114545054600893,0.2469943938799784,0.05772930435048233,0.0014817051169093592,4.525581111509963
1121,-1.6104898599710933,0.2870345171572932,0.04601798854822374,0.0015532121464156728,4.297278076730464
1726,-1.6086976955345316,0.2691565012929339,0.027958475211153716,0.0016305788267130673,3.997812649743343
3223,-1.6054809972951658,0.2237837593214635,0.02416009076445523,0.0013173376908439175,4.673741546023123
1513,-1.6002165499557168,0.19746286680600988,0.038248656123174775,0.001600603712006269,5.200040611983509
163,-1.5991513925472276,0.1956565823695937,0.03612653483293882,0.0014372446673466025,5.0975630351175365
1096,-1.597188661731667,0.2026848251945876,0.04104847492036202,0.0017334033879067535,5.259987995125104
1727,-1.5944816750330844,0.3277238739306974,0.07542040783745713,0.001682375012431291,3.658867762005552
2850,-1.5936277166633277,0.18346752591893434,0.014718908508326644,0.0016555925259064286,5.4576211572333495
2554,-1.593255502217815,0.16714214924437942,0.008932322748093822,0.0017410967094729235,5.720961960294957
3080,-1.5909660265046568,0.1748703600403076,0.03670986953316236,0.001909312311152287,5.913030732824479
3753,-1.5896170421932116,0.31794039607773605,0.06323841499046093,0.0017670805028640409,3.486576283243111
143,-1.5845134737074724,0.3059010926252371,0.03187287548324092,0.0015899003911758183,3.7699269744801724
3265,-1.5842529327479722,0.30522865517690745,0.04269807146359883,0.0015718812563413542,4.153187527235801
981,-1.5798781161395292,0.24361519864327025,0.01270168119463899,0.001755704263783049,4.411779830072354
734,-1.5766450809069679,0.246506055846364,0.0228046799014336,0.0016068403795003075,4.2908375831599965
283,-1.576158352832131,0.3211944523736047,0.08178442649689069,0.0015518996634579253,3.979950453455631
857,-1.5738605442098654,0.2086976497067146,0.03371746319679855,0.0015425715878197178,5.036787850636372
3159,-1.570897822502016,0.27606283627700284,0.054657717188066196,0.001511860535855344,4.405768472854305
750,-1.563381856471771,0.19539559715744031,0.023064929608587508,0.001440655813050185,5.068778824957516
1583,-1.562656722234345,0.2186620994722563,0.04156235813363094,0.001452581824813706,4.9861659570770405
116,-1.5626051146669273,0.3752695739338318,0.10630817977857022,0.0021648479238420637,3.20568019010951
2407,-1.5596713405051206,0.15531618903763034,0.03204518469826934,0.00175466090391346,5.5964146201010685
383,-1.557787415738326,0.14064905267096636,0.005907904819281397,0.0017685566840891266,6.162338823633862
1728,-1.5577501729279273,0.1742932380457709,0.008033265304726952,0.0017226260366148191,5.711876599269219
508,-1.5567317371256597,0.17706118331337217,0.01425831164453673,0.0015532885829175954,5.389425433543308
3371,-1.5561074695801889,0.2098480787732558,0.009307231866829205,0.0020783338263717665,4.694508023990003
3323,-1.5558295502926227,0.18022616270672248,0.01997851639725106,0.0018007408333722832,5.453810575039041
1097,-1.552789401969892,0.2550103136055962,0.026619469748383834,0.001371066470918446,4.498120232540973
2538,-1.5515507873660366,0.23358846298749344,0.01888837226303517,0.0019024766965635492,4.692955973399795
1244,-1.5510365625937443,0.29132339531212703,0.044546102206182915,0.0015137913226563738,4.254759825698068
3351,-1.5505547024197335,0.2643356870036464,0.05113200342669145,0.0014946891927771527,4.241877986896313
1863,-1.5483305956086553,0.26090993567119614,0.011392290728435985,0.002449243899472416,3.8511980017734384
3114,-1.5461351376379329,0.24556103618507694,0.020184713069280883,0.0015429251066859115,4.2226552151681975
1514,-1.5458821439155692,0.23991606976775728,0.02626265665725001,0.0014704457792187803,4.511012724039031
1199,-1.5429620624366565,0.2645845276391785,0.0027445298521168227,0.0025014101610681995,4.605720082826508
822,-1.5422770491239355,0.1251410089580073,0.016985370123409546,0.0020319690871083533,5.8716384209492665
2814,-1.5417736489468288,0.2612700704381724,0.06475772262063983,0.0015174891826794663,4.605493222020989
1778,-1.5388376077713786,0.2177515623270747,0.02399456865084616,0.0023221742434287834,4.678231894371621
3844,-1.5369588084900725,0.18628350636609026,0.027266161751834363,0.001632540886275523,5.4041072040725275
3662,-1.5364584638092664,0.2636932936517275,0.009161766951436367,0.0022849998077279633,4.4564708801664725
2165,-1.530606058390853,0.3584351561989188,0.08013676332901468,0.0017324286956830488,3.5024488172623656
435,-1.5296020303402282,0.3309141484095792,0.08428695307282355,0.0017774569826049154,3.6345707769514237
1122,-1.529222666287536,0.2540567450532608,0.008463939045036624,0.002111822447876597,4.719504264675702
1584,-1.5291237992252484,0.2022093803701199,0.017184976807832687,0.0015151875342593632,5.217991010144
2284,-1.5288823628544104,0.19521024136507686,0.012119740217294986,0.002195042253157883,4.729266485861418
1280,-1.5270134870721312,0.1567337389216296,0.013754693477072396,0.0018140862371244712,6.191418752050064
2927,-1.5267128332947697,0.20765774949443006,0.04538512379289861,0.001503746964856104,4.95893866558258
3752,-1.524065741553931,0.2560182230073398,0.03647274791819671,0.0021839701404302325,4.217304908289776
1245,-1.5236761928771059,0.22826849629131796,0.02178517536871884,0.001470102007524431,4.638467806555534
1487,-1.5218640343711034,0.204827342055239,0.011988095924523061,0.0015694091237921839,5.060607003217568
810,-1.521755778823612,0.2825801174020404,0.017017943500372505,0.0025697244978754408,4.298272216266232
220,-1.5199092218348436,0.22536735373573705,0.028242979870336575,0.0013982020195879078,4.768884250286212
3025,-1.5192243326509494,0.2511493401947983,0.0410265657206242,0.0014727002462393592,4.5177670519182485
2523,-1.5173504846382084,0.26012741563149233,0.029577251200025478,0.0015605972660325629,4.602906392270456
1515,-1.5165686066116573,0.23860689193815732,0.012518454727577465,0.002097687026326719,5.0567238603954765
2787,-1.5161140929963577,0.12421027388658473,0.012586792282977217,0.0024189158763452123,5.73260260787052
2942,-1.5149906138635518,0.23682797195912886,0.017043149076417703,0.001415946174720148,4.374626823066986
1488,-1.5128079318210328,0.27254737174104704,0.0180894445000267,0.002653711357632395,4.5672076790000755
3358,-1.510810369891736,0.33381909650168645,0.09017150460180126,0.0016472174149094365,3.53048057507523
66,-1.5079903737489249,0.31666674021586994,0.05636219438018394,0.0016886297702490343,3.690270202758655
2626,-1.5053315986397109,0.21033281956093614,0.03831824313381948,0.0016949064461745584,4.949164178707694
241,-1.503804137982117,0.24595737596516798,0.02906555960611881,0.001976914351988374,4.379512312418182
3104,-1.5033114914215793,0.2426411185146113,0.018131622867803412,0.0025413492807232992,4.8589861828470085
1060,-1.5021170531683128,0.20429094849098878,0.022912092730141623,0.0016076060498913308,5.1854401310072795
2748,-1.4975203490154794,0.3721019331458461,0.09916964756126878,0.0021553968944316554,3.1989204510069937
3334,-1.4964170495030424,0.2297327513370782,0.022178329579405447,0.0021727693619890812,4.807142496590033
1489,-1.4953544899499167,0.21660566563340677,0.021763604229229162,0.0014583826329799565,4.806600404055509
874,-1.4945679796937605,0.23090676867287963,0.03419646175633961,0.001750606983875977,5.052827730172589
1061,-1.493716886706109,0.2364624291299716,0.018148422687753334,0.0016856823037292934,4.806223261505545
791,-1.4927554274661043,0.2224529928819681,0.02064843904762805,0.002414754314049945,5.138148459528582
151,-1.4918474309069651,0.23411410311016656,0.035608656837768524,0.001507607124296167,4.439075126739306
2819,-1.4910457395494077,0.14138135319506825,0.006441398200743913,0.00213471764106341,6.457749288928101
93,-1.4907000036811062,0.26731882721175926,0.05308267993778496,0.001767169743356605,4.00869978130922
2762,-1.4877066099345106,0.2480310621143636,0.04063693481238275,0.0015198237277249567,4.671170077971691
469,-1.4876782336849386,0.23560324199277782,0.042779087165592145,0.001524152797357526,4.348740856467671
1840,-1.4855149689050668,0.1822499180671816,0.005074436376350741,0.0016655763985199015,5.332629306008739
3026,-1.4851241354942082,0.2380434611315414,0.04135167155111365,0.0014632488704834326,4.5567537914746925
3239,-1.4847059235109983,0.20392699373971526,0.030630036914108573,0.0014733079713370903,5.158230071885798
3144,-1.4831103142143172,0.22815668540591294,0.03060813073984837,0.0022877242032469723,4.938841665021348
711,-1.4829832309103013,0.29194608624800034,0.07131214148659198,0.0016839390365869652,4.194272844332735
1410,-1.4818375982095708,0.2270723791642445,0.052058222654641655,0.0014684138602471366,4.7272241741209395
1246,-1.4808388566455628,0.2578021477520268,0.004217392203456202,0.0024049797471639043,4.563661845559813
138,-1.4796910327940451,0.1473583293390684,0.0049420812309701,0.0024417089518809737,5.744393795433245
210,-1.4736363413013387,0.30551375602251607,0.07437122697854474,0.0015502268943770445,4.287670949422115
14,-1.4719945683636608,0.2411721798731951,0.04937189409859202,0.0016938793217682391,4.742074896923902
1916,-1.4692821163411096,0.3062004773816182,0.0545966883496007,0.0016703431294246924,3.84441194229501
2836,-1.4686319484380774,0.2920196666925062,0.019549146933399996,0.002199387209219312,3.9056518384748315
1227,-1.468064431958024,0.19070183491509274,0.01583826623622252,0.0017530291698896743,5.614922080011178
1750,-1.4658937747183516,0.3596492883935473,0.0704504694872105,0.00200074063534737,3.3570048751124517
823,-1.4655769469029674,0.1691483991888118,0.017868832658857244,0.002017352462297118,5.104228749549224
1098,-1.4637564142241846,0.28397404226682355,0.019045831252296003,0.0015714630374115222,4.098623609913882
2315,-1.4636888702533524,0.28373390443679836,0.050615024202958395,0.0021497649245126797,4.191442014939568
2477,-1.4617529021122002,0.20605897191685474,0.04215181154250289,0.0013028230473671818,5.034630240189395
2167,-1.4591403967795367,0.22081129184678205,0.03627876170522119,0.002154642110973835,5.247692465285537
1435,-1.4589439645597053,0.2075507882502986,0.015961949310252403,0.0016771591257670206,4.883277226975787
1811,-1.4574753721697875,0.26821166423830495,0.04113605780853575,0.0017931436621708824,4.24708275122812
1680,-1.455560159241182,0.23999849307211574,0.022641862375394815,0.0014976765208016647,4.319748877717396
2408,-1.4548398923148234,0.24314074691208942,0.031729422158070536,0.0015050215577092,4.535147258002969
1977,-1.454616404469766,0.24322848443607503,0.05698790377946895,0.001563664570990982,4.726893739606547
1779,-1.4532537118125761,0.19283418604224006,0.025297124897836514,0.0016860893864492747,5.2372648270113675
2966,-1.4525489971507528,0.18788325289252503,0.017617508680070948,0.0020498624779879447,5.526116972405008
843,-1.4510762617006079,0.2120255787372744,0.028352176880454855,0.0015228340648437443,5.1838949570143065
1411,-1.450076881340599,0.18320837707667526,0.020709248600491698,0.0015730315357432145,5.376466455286874
772,-1.4475455367102619,0.27743465690755004,0.06944340289886886,0.0022013449961477295,4.282031582959963
173,-1.4455075259217902,0.3538473847748977,0.10062607864874488,0.0017542807501992501,3.7310796595678477
313,-1.4429568386251286,0.2231065776725116,0.02493425443854576,0.002225296719732985,4.802254919494377
294,-1.4423610772137,0.16134833568470192,0.01361465744739166,0.0023237781866995173,5.712309642253212
3342,-1.4405428351654805,0.3415621376957725,0.06679670717756314,0.002123367970071763,3.7769307196338486
1978,-1.4366629910823097,0.1614340606731689,0.025894800938688112,0.0017998022454898694,5.616025588137944
2241,-1.43588477790237,0.33921881716839997,0.061444860913715586,0.0018147848005641337,3.556761109713406
3694,-1.4355298781394281,0.2213230811960787,0.019622467279270344,0.001531201795534237,4.770619295615038
1700,-1.4352830139774369,0.264285007597115,0.031011030851339594,0.0016834537260377721,4.289082981132212
2837,-1.4349760933071045,0.21719167168510348,0.022894394271547228,0.001800864872205666,4.71771854988669
2054,-1.4328615117843257,0.2830917118777343,0.03664745750129605,0.0016675823294708578,4.238929430859417
3372,-1.4302684168815378,0.26273120436447917,0.07141208163016087,0.001483966055010098,4.297882210838081
1812,-1.4284978521519573,0.21973783064495295,0.022767251945833025,0.0017435847543812825,4.773573647003543
608,-1.4278961591226584,0.33194062481916303,0.04492333008958486,0.00227198445443884,3.5520753168310497
2035,-1.4278648889349297,0.18438321859894768,0.03065287236829131,0.001762170916594097,5.467129229009565
2569,-1.4255357075825106,0.22294465708772293,0.026304801800308183,0.0014817742071467363,4.53377533713304
3579,-1.4251031411261141,0.1835427855262261,0.023430302964414715,0.0016233926082861374,5.294908613598393
1461,-1.421505732905674,0.2440146106707657,0.06586567740780688,0.0015322871614767202,4.581780779734187
2352,-1.4201876833629454,0.2757059551116664,0.04941188852384904,0.0019004895559008865,4.161958652121088
295,-1.4192098327214862,0.192997062730746,0.020665369896848963,0.0016587211279407003,5.357487878572805
1529,-1.4166119041576417,0.2065511872910123,0.019000270109334697,0.002006530316039312,4.909144663573596
370,-1.416024014180567,0.21693161136897646,0.03519608813483355,0.0015511701671461868,5.170279307339096
3482,-1.4157117704577118,0.19709581637768683,0.01726436091444722,0.0019265837512225533,5.452275969223403
1657,-1.4151822841694028,0.19607797735019628,0.04507325567963583,0.002137757778356404,5.730198786783824
3058,-1.414630836233781,0.18657248466458484,0.04315600642408827,0.001698310615028987,5.379052251674023
3500,-1.4121612372128396,0.29139671101358144,0.03892751615509028,0.0021611525799161684,3.955064618056892
3459,-1.410692847228778,0.36866718489688155,0.06716725813347406,0.001980312161628403,3.4706919084531966
2708,-1.4089607188237678,0.2098218844616204,0.06513346310146187,0.001815140107061342,5.264719803666216
2273,-1.4069670622716874,0.32075757232074764,0.03360751925593549,0.0018150854398962851,3.652730846408688
3373,-1.4054170716756176,0.16846738311019993,0.007729660556204667,0.0020471524218749,6.101194263838627
3714,-1.405028692601945,0.28093651305807765,0.022680979062802746,0.001622263362875093,4.063896613056131
3563,-1.4047946380047824,0.22882688069875026,0.039553336331636775,0.0019430236899823745,4.6574603060603135
3392,-1.403281283655324,0.23874283509948135,0.06284563210563195,0.0015288154574832234,4.382748621058824
773,-1.4022843185404161,0.28507004687487314,0.060099964930680295,0.0017945756306276058,4.103837342669177
752,-1.3986032299761042,0.2518523041966799,0.02216015472835003,0.0015549794153960073,4.291803947114771
2641,-1.3975901662641492,0.22645125620337203,0.023966755427783575,0.0013876318113697956,4.572775054893707
487,-1.396369772230182,0.2803703458998153,0.05169430010611729,0.0021418813711895014,4.1121406504256885
1729,-1.3948572962289236,0.22942173805331123,0.01846308356282772,0.0021608859400515765,4.863300925745621
2732,-1.3938894927504628,0.1917382888335052,0.035479670991012714,0.002029430405580628,5.392917326044827
1247,-1.3935171839136602,0.154279699093955,0.012322945274740843,0.0024088430571703135,5.643287843840868
712,-1.3896870102818015,0.2520007935555482,0.05252648240416556,0.0017221278575730663,4.278158035087964
911,-1.388040493393387,0.19363377646568344,0.04063239170281459,0.0016296311185232482,5.02303626715346
2806,-1.387898715807681,0.27306195571986464,0.05381680474440862,0.0015439337521630204,4.567024908332096
3386,-1.3849124208762404,0.29966928741932874,0.04735723508715926,0.001614935735506159,4.336192649166866
2242,-1.3831046352505953,0.18514592838665128,0.005425368900540096,0.0016842341688555404,5.388823800843581
955,-1.3824402511471803,0.34721098077227747,0.07180924774954658,0.002011667391192932,3.8530124072281655
1173,-1.3813649771736267,0.2500893472975113,0.04977360538190177,0.0015137497099307169,4.752908305085263
3580,-1.3782563031571249,0.3165286251933035,0.04759031084691052,0.001671076545032388,3.8002359578114784
1146,-1.3781108411992151,0.24603178834911282,0.03205030017124323,0.0015280150121042115,4.359318748436872
1462,-1.3777533573459984,0.2420538234336011,0.024628018637916742,0.0018154300445960459,4.614477729340672
42,-1.3774068346694845,0.2368353285772251,0.03174628521688726,0.001651417788032778,4.432035290582
67,-1.3735551908612336,0.2519397113285332,0.03301453483533322,0.0019988137405024735,4.030408445126886
470,-1.3734249918178518,0.2746876702628599,0.054149036637033264,0.001799723434373142,4.050369653696766
3378,-1.3715824056784265,0.18197777161131962,0.030736834646170472,0.0018584596208112056,5.079568164633878
3379,-1.3710838862466872,0.196937868803297,0.008185802397221992,0.001529950172170202,5.247946110946359
3001,-1.3687652790903757,0.22493581422417125,0.047442280222575274,0.0015471885023393684,4.733128042018503
371,-1.3685066304011593,0.2506328169961002,0.053302527886983864,0.001503387015224599,4.760870682494961
940,-1.3668826549814082,0.15771105898924032,0.013106168442048002,0.002434915498092086,6.113639532725202
1028,-1.3667167561709483,0.3111071212075103,0.0631524911991017,0.002060191997275148,4.195330322170946
526,-1.3649723311338706,0.20763555487306645,0.05242273873251083,0.0014837706282954254,5.240193693361357
3664,-1.3606056131347766,0.21435458790035572,0.060599234655328515,0.0019512827656825017,4.895968908707488
3460,-1.3594949627448427,0.17707392805073152,0.043558763558616743,0.002139187342531098,5.882226446044494
51,-1.3570881704634807,0.20220563865164348,0.03209706283015182,0.0017891862675907108,4.9219724974650205
459,-1.3569467034525542,0.24570639865199556,0.01464853501883203,0.0020740727520193085,4.509162197769621
2422,-1.3569278869900143,0.19472205553448432,0.03822988328118057,0.0017211569621493725,5.239988762057317
334,-1.354906981942128,0.2566755399625241,0.027513589875791705,0.0020862319485663353,4.1178340006499035
1630,-1.3543921292408372,0.2238662380931743,0.013638666239116056,0.0015532023437694665,4.895425382994178
1867,-1.352859570573742,0.34370386578455053,0.040064852955795094,0.001946542963588652,3.708190144058225
1918,-1.3514528311260616,0.25972221696795095,0.040519476027852205,0.0015403041368111364,4.364708737946321
3145,-1.3511055174656157,0.33408258720334255,0.05476363060339853,0.0017886694838716783,3.7568794026624963
2587,-1.3495384436684745,0.3396029656972874,0.06557357704452182,0.0018001701360737996,4.063431555408002
628,-1.3476451358102095,0.21299865820118608,0.04215531731211814,0.0016067984150132195,5.026064075521484
629,-1.346605613941825,0.21037069531953428,0.034411700874370114,0.0015384387224416653,4.925053791608114
1335,-1.343749351997102,0.16405026308082102,0.020934454911733,0.001850758426452744,5.942439409276362
285,-1.3429276825439247,0.21151406469901812,0.0361055927596491,0.001758690759915188,4.9211656473342265
1248,-1.3421175183757283,0.1617881749412911,0.02381796822942514,0.0021119959306156095,5.595079697270854
3251,-1.341992906654923,0.20895058260763377,0.03186046703489179,0.0015719801761464051,4.8457973916115185
1413,-1.3413830982624493,0.2515125795313959,0.03793588551635274,0.0014951879653844276,4.254714527462546
982,-1.3374412950571222,0.2615781724052312,0.03618532576951992,0.0018616781660803715,3.819388079933306
3092,-1.3360596609046633,0.22299840661911416,0.008320142742140709,0.001944020923920761,4.8621205802917675
1414,-1.334761884821262,0.35498102601242304,0.05271818024225142,0.0019603492723889635,3.7944509403314504
1306,-1.3345202666418183,0.18647918271575675,0.00792903022389335,0.0019435191821430323,4.899561989184129
2540,-1.3292814548376517,0.2435630625406926,0.06826124378081729,0.0017899323674606944,4.599075098987249
1681,-1.3274378658410397,0.36500291659255646,0.12242831940971799,0.0020838608663820497,3.423241482618277
1753,-1.3261796016803686,0.28427583356466984,0.015276497546098559,0.0017444039213533305,4.0540461955300575
3767,-1.3261433469687458,0.3075869284563092,0.02120917507589947,0.00185547466440956,3.8448404327798644
322,-1.3233663362450545,0.22670670502346174,0.05030915923287305,0.0015081431813392606,4.911196650271881
1355,-1.322488241477352,0.2066660241465093,0.0474915141637379,0.001671347168686505,5.271008767054763
3732,-1.3223801372398296,0.22258386863335872,0.04390129456936441,0.0015928132671628834,4.839809675180355
488,-1.3192917606343075,0.23850435353347613,0.024808178340390886,0.0017123205249560114,4.556943983390829
647,-1.3176250317014147,0.2433540710313183,0.021348018075821977,0.0015622105762640801,4.8677275474491255
1551,-1.3173141750747108,0.20917882764363166,0.019145947354227134,0.0017372318285376743,4.904755181594561
286,-1.316958513707938,0.23392725345467294,0.03445419150788998,0.001517696358721534,4.645116888796988
420,-1.3158025836848892,0.28410922286979906,0.05624575661943769,0.0017095556998679659,4.222224077964183
2541,-1.3147541178615132,0.23646181229015406,0.027756606416677574,0.0015916076678387991,4.42064020990898
211,-1.3142586622388883,0.2526671143034125,0.029791343931484065,0.001599098604264071,4.8196173012042305
3837,-1.312008692145722,0.1709102011446873,0.027397190022278358,0.0018920226053461473,5.5744813402857245
2454,-1.3105118882009235,0.16507107799364706,0.0018320274848556994,0.002091613657373892,5.62081740957807
1174,-1.3096957924625556,0.2177668709217065,0.04325980368566571,0.001601962166688175,5.175805261743447
271,-1.3096403553168516,0.21880974558070065,0.063359264342092,0.0016252572861566947,4.64316851594822
3715,-1.3069563943034075,0.18994299283908217,0.0504564962142897,0.0016516064098425977,5.470350097246339
3537,-1.305958420454697,0.1546305241362847,0.014521932511434417,0.00243882307175762,6.290661666677911
2602,-1.3058458260696348,0.2420226926918403,0.07135692891890198,0.0017824258839939575,4.507663227274913
527,-1.3003154588375427,0.3029762853494224,0.026824420777930923,0.001793721547333608,3.8310304351753386
891,-1.3002152714318003,0.323799612941661,0.031835283754429976,0.0017144235173753254,3.774911046319745
736,-1.298101768296512,0.3393189505141529,0.06789883323348928,0.0018278610039634841,3.9191591512877526
2192,-1.2975163477935232,0.26910510135922905,0.022850745988013794,0.0018090684464552307,3.81021913193047
774,-1.2950454754357366,0.2849519769507948,0.03885657635541345,0.0015578662815051703,4.264828091815216
3814,-1.2939909838106205,0.31151415934321264,0.06375167197137913,0.0017273901315119206,3.833584893234687
3684,-1.293709867740493,0.1857435063618823,0.006330862099938689,0.0017691300546190316,5.6558015949269365
1281,-1.292980252148728,0.19484140915411824,0.042229492554210664,0.001864311619696624,5.0542104135299395
1682,-1.2907551793329937,0.24015250952408715,0.039967776446984585,0.0016114358172441838,4.321605967284967
3422,-1.2895831884311904,0.20729348479341536,0.01501739429061041,0.0016665571448191815,4.733331222779398
2394,-1.2870859119513471,0.19442659413166857,0.02616713137978841,0.0015644725079646548,5.444075215992662
3380,-1.2859640263292742,0.25566946572902016,0.05881861125304266,0.0018137282155150484,4.326895189427498
3387,-1.2846755122784608,0.19533016756949506,0.04237676844216233,0.0019066443771224618,5.268553640779382
3272,-1.283398893787915,0.1706648346520157,0.018618645335092002,0.0018989470862477832,5.696856934684131
1896,-1.2831290849026462,0.21389684402844567,0.0391831440008486,0.0016491781241745082,5.131031677797996
2056,-1.2823198755274021,0.19131448524983397,0.03026697106585957,0.0016870944803751284,5.226387443386807
1754,-1.2808249264933143,0.26901190291534344,0.06587284835349946,0.0015650908433306725,4.23026364528908
3364,-1.2766696011636693,0.2715475334390184,0.025254744690516088,0.0017011674793040684,3.947227186962622
1631,-1.2765366320285798,0.329243565994186,0.035800055786448945,0.0017603826421202743,3.924524769958456
1701,-1.2756212416161123,0.2995972878350228,0.024906346531740974,0.0017026930484043458,3.9407073865389073
2627,-1.2752211885581441,0.29911715320221444,0.02798696227453449,0.001697578933839067,3.8271662478715625
1632,-1.2721236211005815,0.16820160232176742,0.04098655360134804,0.0019779912588104563,5.947863862410468
2985,-1.2682856312652833,0.28743105843715655,0.04461968141890192,0.0015623201812701428,4.176191460469759
528,-1.2682443504627494,0.2409355973235835,0.05408917471791419,0.0015820086211672682,4.446101840568231
2205,-1.266858435360759,0.27519441037894404,0.05697241552237763,0.0016436981002718027,4.04925589561018
3754,-1.2664995085541375,0.2377100888244306,0.022256072765983806,0.0017853535169792998,4.573484457921733
3105,-1.2644126389060217,0.2673886143639681,0.04844418794458103,0.0015935894250632791,4.382292027067222
983,-1.2635903225190153,0.19943639475084243,0.022710178466159733,0.0016548051200181448,5.007294657943151
1815,-1.2614273555466833,0.28911752240245125,0.07433993991503075,0.001738374525304979,4.050595632076363
648,-1.2591965226077306,0.21268791486798372,0.05956692415825572,0.0016750832497922457,4.986333549522046
2141,-1.256058479516346,0.227526306170318,0.03580336293972168,0.001532691524012861,5.326483134558752
2524,-1.2557866171442242,0.22954450817874644,0.039832539179340015,0.0015347091861145756,4.687732006616979
2087,-1.2550953529840894,0.1900419482847076,0.009262417265415964,0.0019548970925593757,5.549332450662302
3840,-1.2539034469134265,0.21504438025854128,0.028664233837889005,0.0016993425881212576,5.090978849303292
3839,-1.2532431731023475,0.257556678988203,0.015206867107307738,0.0016960882056955592,4.5436352074907775
811,-1.252982145175913,0.23299829754856943,0.011856843949556954,0.0016569305715111828,4.470679824333228
2507,-1.2523215036794944,0.20803054134469856,0.02226703344050523,0.0016994038154596973,5.041006769403031
2005,-1.2511291470099446,0.19537732356763576,0.00854295952055653,0.0019818596656231125,5.57337387752175
144,-1.2504407718248745,0.25421099087354115,0.047276600175935574,0.0016013772475504376,4.721060907498584
2928,-1.2501288003338444,0.21223234859278683,0.03431716483615918,0.0014936102557209622,5.2426277012279074
737,-1.247215294728527,0.23049358086832877,0.0629068189558325,0.0015624309186007203,4.896826579094874
3758,-1.2441310943802504,0.281769824521201,0.06882339784731464,0.0017798979462992494,3.9400323770150467
1552,-1.2429916072301612,0.2779167616294278,0.07821957143287846,0.0017276077480939127,4.353464172484762
296,-1.242519819795294,0.21215978350105716,0.018207583551155426,0.001651176634284543,4.9824457722242546
1816,-1.240029074789531,0.21299066879382506,0.014609456234069835,0.0017625112071185398,4.656856756740884
2341,-1.2386693705202947,0.22404379762238696,0.022850817221597226,0.0016390294957626974,4.569698586369194
1898,-1.2384706516944335,0.23869636019876606,0.0382178034877363,0.0016029171287001481,4.615718217851338
314,-1.237394744420773,0.3281964004548152,0.08338013511399571,0.0018235681051716104,3.5957132891826777
2089,-1.2341993254167911,0.16781137781533348,0.03187195009313014,0.0020855588514762384,6.116352545936849
1214,-1.2310548349188917,0.30892502189014687,0.030644458351177937,0.0016646114869184902,3.837754151310203
3224,-1.2305261724953005,0.28434343700810083,0.022731866417020137,0.0017390990387425942,3.905292088353188
1952,-1.229829650889452,0.32078094163717075,0.03674885132988025,0.0017505424686680593,4.072920415782756
984,-1.2294807708570596,0.2889603394478202,0.023610137326706554,0.001752677224924518,3.778855844747388
1123,-1.2248000834813328,0.269510860880328,0.05529494058764131,0.0017966817114606366,4.405937276133057
3028,-1.2245460602059821,0.20487474608803022,0.03760026116441148,0.0016387443522210181,5.036958294375275
2037,-1.2232936574214683,0.17564789268776293,0.033462249210682665,0.00191429833014568,5.5079014625358464
2243,-1.222250729100656,0.1787244912978896,0.025352374157816784,0.0019597955202028203,5.477003047512097
618,-1.2219751702056083,0.1959650817902297,0.039535105376847415,0.0018775067897649003,5.240579620871319
2912,-1.2193137988138105,0.1753148545542892,0.028405823112801716,0.0016395769249160617,5.492256652688174
1660,-1.2192908894164738,0.2570535448304463,0.04621242214317658,0.0015304384611753337,4.4712937236615815
1250,-1.2165798096807683,0.220510364651531,0.01549432816071043,0.0017052858229558575,4.73432445179353
1381,-1.2151221246924715,0.28923525757612123,0.05690220834713278,0.0017945294086649279,3.8794061205393904
1251,-1.2136355921435913,0.22604589340737663,0.03704091164670092,0.0015917229561039459,4.660796999312399
3621,-1.2125097720722477,0.16622144610638462,0.005878043378799312,0.0017856186294547573,5.699716877697797
112,-1.2123362458769955,0.29407737425154734,0.07869594125069981,0.0016406558998537197,4.080672801877382
1309,-1.211342158584557,0.23571465089282878,0.028885266150066376,0.0016956634001521825,4.419641934361529
3015,-1.2091793890179687,0.34043901764044215,0.03797424637936664,0.0018722402472224936,3.997319162904053
26,-1.2065453384588412,0.25725948749414174,0.04038123156026626,0.0015795974486803544,4.108348369958389
912,-1.2061147393964156,0.3238322890784522,0.04668203694171243,0.0017311256480514487,3.743732192994897
223,-1.2058469336915547,0.32353518051001046,0.042733562197736684,0.0017268316871922559,3.731919402222402
1415,-1.2030963073078451,0.3155768414480652,0.08550238739396998,0.0018764427145103735,3.642508954988447
892,-1.2001798837967526,0.14670813514584374,0.018356113949195754,0.0025078439964592277,6.378939028196452
2006,-1.1982924380304874,0.21854967424517568,0.05510980805866061,0.0018986226199430851,4.625288191695548
713,-1.198039864978931,0.1611051233161197,0.022537708799196397,0.0021295292689289614,6.325379807400439
1229,-1.1957174692776524,0.1833263189972825,0.0034185373620792105,0.0020582106588003077,5.611527609051585
227,-1.194885539251372,0.2305338850448651,0.05346531370015199,0.0015943828126560044,4.701310315543692
471,-1.1941750830434295,0.17232270470657507,0.030287074110105047,0.0018473557525230222,5.589840893420174
254,-1.1928734576348565,0.2248166189659021,0.043921476337418,0.0014724323121609476,4.753139832639836
893,-1.1912593744879287,0.19666592023180995,0.02065749020846765,0.0017651756341749523,4.753371793057672
2252,-1.1908709462890659,0.2566273251929616,0.03803774893915466,0.0016097396484693448,4.623886711326513
421,-1.1898796807377177,0.2931421152901605,0.03750244744709273,0.0017156811184523856,4.4719202704183365
1842,-1.188231727746876,0.2269084618606375,0.031709639362547,0.0017995409870956113,4.9320143587323955
630,-1.1879267873772215,0.21001947800348772,0.015205522856893196,0.0017437343303368653,4.946553578812615
1356,-1.1872270086652652,0.23980536945729514,0.0239854427826464,0.0016088267081640296,4.226041452540191
2395,-1.1844179037851865,0.21918101794294023,0.04362462351000384,0.001680674383806158,4.849840299448447
1282,-1.1838942724745947,0.22789428776099613,0.038504526218194,0.001577246523255402,5.034008398634429
3359,-1.1823855296299506,0.2646384981535686,0.0542253125128036,0.0015624417489676573,4.518115119700819
1661,-1.1804368121142723,0.3017883137689761,0.024451250566406527,0.0016974891663085467,3.9486470832104574
3081,-1.1798947582585853,0.29499123126244053,0.019050433630911447,0.001786071870096301,3.9614999202437904
325,-1.1783974208073265,0.23487863415554655,0.06679513593912842,0.0016466261076644594,4.970867698097256
127,-1.1754048499908387,0.34010259399244114,0.0984505463633275,0.001994871061788075,3.8011405208572366
1438,-1.1715388111670915,0.23172890863987433,0.01479379350506248,0.0018436480947369674,4.766400098184123
3685,-1.1704278298475173,0.20582946656695367,0.0042973796695447335,0.002079952236945194,4.7400438957232005
353,-1.1700240616434558,0.30603169241659756,0.04084638596249915,0.0016898711104143223,3.999719685734436
876,-1.1697270924036784,0.27994728986394224,0.060006709255012856,0.001880916866924728,3.7449457159056334
826,-1.1651503739247075,0.21873494728670895,0.04937697659026092,0.001734067263602892,4.842973710650354
1029,-1.164659323563526,0.2353115358623635,0.032950633732276184,0.001649075253096027,4.489024311464226
3556,-1.1641128100230238,0.18509134366598975,0.03063460459153934,0.0018769432553482296,5.398926254989114
36,-1.1632843568127145,0.23003701849849895,0.025238636379927386,0.0014433616890243764,4.454212088631273
2114,-1.1623292167793953,0.1451094049374208,0.02400458973091879,0.0018676653489197463,6.095237754446185
557,-1.1604150402106503,0.25229919614193647,0.07228754557915215,0.0015930136377149738,4.536961691141627
2692,-1.158251647565189,0.1824448695144707,0.02504848082988204,0.0017321954160066423,5.327662693091796
1490,-1.1574689539570835,0.2670509615815922,0.04351678130522958,0.0015418532968396437,4.614453331972449
1633,-1.1546328980999676,0.3130868346965304,0.03279933044924004,0.0017001724185212834,3.831597902716851
1868,-1.1541246693082563,0.3541518023558736,0.05775681100630555,0.0020897262839514974,3.6590289609969786
76,-1.153675334956026,0.272271889870807,0.019905401591289233,0.001582466687212728,4.2766426765561025
2733,-1.1526803166227257,0.2818142404204556,0.05571261772576612,0.001567386822265536,4.303033475709924
1175,-1.1508037627493408,0.27515517724427974,0.03716790934222233,0.0019140118225529526,4.009665611158679
793,-1.1501812574399406,0.22588220049075372,0.009167563541679658,0.001987111898770713,4.8713884863938945
3818,-1.1492410636838593,0.1596708220149967,0.029215012708303855,0.001946673122672697,5.604258527397584
5,-1.149240941343869,0.28411367552609734,0.06850852406571382,0.0014964957699258386,4.2504573059812465
913,-1.1469588458013131,0.16549322224112442,0.030453732858372044,0.0022703257401923203,6.042195135688408
1899,-1.1465489316465156,0.20139735023569896,0.04315339243753829,0.0018836192243863003,4.7830355356493675
2207,-1.1406599700613391,0.17762921795678088,0.028016121179940394,0.001528672278277724,5.6874989160604645
326,-1.1400030794602012,0.2917953130243542,0.05186246360786857,0.0019372430591896384,4.527268286931697
460,-1.1387495498026021,0.2363141661638013,0.033290251019379796,0.002028453816226578,5.283214134231182
544,-1.1386418456790814,0.19925012738112624,0.05843275368676607,0.0019074962959366496,5.2435913465828365
1844,-1.1363893508774894,0.25498112280536567,0.05139767861264105,0.0015131937477380892,4.357711131715856
985,-1.1353282176449324,0.1922676120709187,0.007846859403100145,0.0015974123732365516,5.485885102660917
827,-1.1346609665522247,0.18479815633077457,0.024617062848576277,0.0018623461030350926,5.068987748591738
2090,-1.1330863195270178,0.2607901098743566,0.03548717548351128,0.0020181041636639736,3.900921547113423
1845,-1.1308270866888779,0.26035625911243304,0.02318117476346384,0.002183492327440952,4.291673752069823
1755,-1.1301136967931011,0.2661111154087512,0.034170658918551526,0.0015993369330079329,4.031443945389697
145,-1.1278977137786195,0.22213262288819097,0.0363374598229366,0.0019216335649050473,4.491556327554275
1147,-1.127886051262616,0.2509365403045737,0.05649022029280881,0.0015084101282439681,4.716371801730163
1662,-1.127465132873,0.28481843232854387,0.03568969569053573,0.0015629563948191072,4.067408988887576
1310,-1.1247763473303272,0.4134608879928423,0.09209208353314184,0.002048591666678337,3.2442481306324487
3745,-1.124517197422398,0.17535900897182516,0.03667374949529909,0.0016799714414953131,5.463892540675393
3834,-1.1231729812141125,0.1832937572609415,0.007351095461749711,0.0016586993163563912,5.373337471410878
2788,-1.120800424102956,0.37454602718666835,0.06141131408824272,0.002034326967171725,3.5094249024819684
3282,-1.1201160585990586,0.19150484683456226,0.01862111945268174,0.001614884514634403,5.3408226903152665
3201,-1.1177267288539376,0.19554234039798074,0.042911876583349856,0.0016656263834631698,5.186484316593283
575,-1.1157987515416616,0.2696957701713383,0.04813414174017313,0.00204937489519267,3.964548868045834
2423,-1.1126920811691103,0.18759541406265956,0.009199578295857961,0.002382632176395573,5.5856992135822345
2570,-1.1118686848642387,0.15733492244614602,0.013884856756923619,0.002283868243392218,5.806164642224379
1953,-1.1110712548642014,0.24371598002841802,0.048243316986023445,0.001849743926627518,4.559094350823937
2861,-1.1100888827502773,0.2799395027444157,0.04480440072781144,0.0018791321404085612,4.075435461579251
1553,-1.1082744610939232,0.21302164288769876,0.022281493988019086,0.0014092361341727657,4.712984521529901
2455,-1.1080560958363803,0.29809222755362796,0.04160282703931895,0.0016994452952722502,3.9980278936968583
2614,-1.1056678180592945,0.29837994176477034,0.09324147766569593,0.001601201041061094,3.8893712523813484
2244,-1.1032140987751178,0.24251461091854185,0.04063192223335861,0.001553179637803071,4.465980044468434
941,-1.1008583297465095,0.1447424087155513,0.010849677076785249,0.0021185761114851437,6.324743056092779
34,-1.100816811951539,0.21913728680929057,0.031101931704994576,0.0014206340312043588,4.803328703678976
2424,-1.1005755736697362,0.27527050761631916,0.06053692276792383,0.0021028172258551973,3.978894270913768
3316,-1.0999384502786054,0.26931574132495567,0.03604493641132653,0.001582749907256571,4.514346157777618
2425,-1.0994177659516835,0.34036983022372497,0.04507783582705922,0.0019000798812594802,3.507696347491268
94,-1.0948598992369156,0.23600071326989747,0.02980351846590492,0.0020292094332669897,4.775283029414918
1921,-1.0933045779373278,0.3264912437958011,0.04738385371086635,0.0023132216249126484,3.6137542369707565
395,-1.092736661101088,0.2917880813897248,0.06975306423009989,0.001551415367359888,4.354677336097319
828,-1.0908196517992188,0.14395128510263833,0.01290370307500645,0.00275924084240656,6.212374485718259
1869,-1.0904017428696489,0.16965155253027553,0.012716405459820663,0.0016966560651470266,5.555111528408455
2116,-1.09028614375682,0.2061829240211884,0.02890227778377286,0.0019397820788297209,5.359354057700215
1901,-1.0885914894719486,0.2406590805652476,0.04050517328973677,0.0015189634115005807,4.913814060282766
2117,-1.087426153450314,0.20874912756759922,0.03995966275259505,0.0017338150163732754,4.765100750810163
2302,-1.0855695527560993,0.2474255886321842,0.047952241516126204,0.00153355957840523,4.641019783693888
1491,-1.0836717904769728,0.19376521721296197,0.038330894154139324,0.0016077048561080223,5.088174828535671
444,-1.0831816484744419,0.2738350759119784,0.08388909326113865,0.0016537754120045003,4.267624334825019
3029,-1.0808937256930762,0.2288608151684685,0.024707489709806765,0.0014149060676297588,4.451787264364193
243,-1.0791254531223784,0.18396404315490167,0.03846526534068765,0.0016569665200522137,5.835814480174064
2142,-1.0784429430136335,0.3206293137163515,0.03585247362593728,0.0023741698710891333,3.5742211096320196
1780,-1.0773135683246666,0.22885192214138395,0.014202390798341095,0.0016492093972420127,4.585578767088183
958,-1.0761458664404513,0.23363795835056894,0.054907782513342586,0.0020683979627748386,4.928700322516498
3115,-1.0723985456893248,0.2949353521469727,0.02298049616149575,0.0016686096600213407,3.8899674608846926
692,-1.0717496140414706,0.24538132902265805,0.05686742966312569,0.00148613170954564,4.661695744019453
1781,-1.0715978338178416,0.25626366974582515,0.03928484334346323,0.0020603766252784124,4.402379193268257
650,-1.0701557886140451,0.29243259409375233,0.026228574231402655,0.0017152348613513914,3.9451908603118633
423,-1.0695921081253106,0.16388016194314026,0.024822241176897356,0.0017890237703208052,5.638442639288177
2060,-1.0692582171338925,0.2134821054418309,0.02736720619714379,0.0018034428008161265,4.911551938032615
3160,-1.0660170622441099,0.38164631222799006,0.06721961051892726,0.0018337835021920148,3.409345911177336
3178,-1.0640981684414819,0.24084965177585704,0.013848255529575474,0.0022222684356123876,4.783763595561241
738,-1.0628817634009815,0.19008992036738376,0.02063191910547844,0.0022882400093412877,5.355151048015157
529,-1.0613627496245102,0.3387430646822672,0.10008894372602241,0.0018704877295163396,4.012169201393473
3374,-1.0586411322048064,0.25381945816745843,0.06552140998435299,0.0017023026512065216,4.531333786738493
164,-1.05637752539689,0.24389252622955426,0.04482435451998618,0.0016392876938262052,4.6035745060937625
2118,-1.0560225036549435,0.185780145935603,0.022285559847112724,0.001577486154070449,5.39973593005103
2209,-1.0536638712300788,0.20128386995839492,0.014369827536453463,0.001577076640431579,5.137217482535139
576,-1.0535225946110494,0.16464952777231043,0.009397412959656347,0.0020512885446880803,5.551731720853294
2008,-1.0520391205502813,0.2554906133316781,0.0573447914583113,0.001586009555574525,4.478394189151633
3258,-1.0516541011909601,0.28349714445172647,0.030465681962799317,0.0022297977321501525,4.067372236397881
3406,-1.050117820529387,0.22676098698702044,0.015536896607669002,0.001570288552402925,4.521612825861253
2254,-1.0483233662624343,0.22271593645235577,0.02535087148620537,0.0015325623169974083,4.7741240342279365
651,-1.04702483174704,0.2504347200755547,0.05689898498437958,0.002149712847706807,4.712400420904725
499,-1.0469597199821186,0.1850947149622461,0.029284495564448645,0.0018862699212783742,5.432941639795509
3343,-1.0445409725015204,0.1834728464738632,0.03714205211588768,0.001495500285657367,5.2657743782163005
2751,-1.0435036743594832,0.27116747411592446,0.04788122448557109,0.0015505521245949491,4.2250744556313276
1124,-1.0430522757320542,0.29035954102059447,0.023844825688213278,0.001574100527749814,4.143049388344251
1846,-1.0412952897470773,0.2352171115566405,0.03154796139314099,0.0020100568866348732,4.8228550695840635
3059,-1.0399281704024417,0.36133911999982243,0.07842259966192121,0.0020367777696957572,3.3420208068589177
190,-1.0381750872371036,0.17499766445719597,0.01919822381372683,0.0016876363461493247,5.492205721903072
2720,-1.0375411488091277,0.20507399439588087,0.024561173045354247,0.0015221265186796955,5.225249574517341
1416,-1.0372535001112873,0.3252921949099107,0.04547228426801196,0.002384804546288851,3.2517354033553008
3764,-1.0341476807874428,0.16436722421371033,0.0390861363248982,0.0018060002556297152,5.522662911836032
3307,-1.0324726749637962,0.35121980445005035,0.08676848731019042,0.002338745685563405,3.4542978129599655
3252,-1.027814493869092,0.3685848008056072,0.09925867970188446,0.0018373546809810415,3.511787614507049
2986,-1.0264629410971713,0.22989145339693032,0.002173088879857774,0.002496391215954806,5.1582498898609
3161,-1.0253781468159473,0.16727526558198835,0.010608139763108744,0.0023429795996722244,5.54970090720073
2734,-1.022314431968242,0.2467353660100302,0.0393485053293424,0.002328342757521541,4.900330042569779
117,-1.0221614722845913,0.24003408167372725,0.03234049066763058,0.002159255659656061,4.633002783209485
2943,-1.0216980446029105,0.23899908665096786,0.022718413466529055,0.0013886191880241067,4.391865655193515
2913,-1.0213822904854317,0.191923987010844,0.03340547706781026,0.0015543014367713215,5.243059726665508
1817,-1.020722599265807,0.18271996229798873,0.009507289499707985,0.001644363044558013,5.379097807559062
2668,-1.0201734547400354,0.26513017701459385,0.04606907934351685,0.001524809639993133,4.275419905434612
2944,-1.0178899610333316,0.2311981064140879,0.022223512752061827,0.0014282805448564665,4.7117942831943935
2642,-1.0151598756014244,0.14888679567936453,0.006716536839118817,0.0021497885851679416,6.453526023440642
2794,-1.0146001094501855,0.23427435186908685,0.045349981718689716,0.0014261539270079395,4.435507895397267
1954,-1.0138796026123262,0.18958054168164817,0.02923255505640392,0.0015832932113228025,5.238990232447355
2914,-1.0138563632614797,0.29832753289928426,0.02430979487003749,0.0025264794322541638,3.6035197352297006
1041,-1.0131198166305988,0.22160418339430216,0.02184888289463208,0.0024021527802668826,5.078401576742802
3360,-1.0111788089989437,0.23852240334569957,0.02962685756559779,0.0015217009489821311,4.976508793040491
1042,-1.01051118840361,0.1895709527812476,0.0334277333817753,0.0017299412690865946,5.323266581325415
1383,-1.009498713569092,0.2782167464170343,0.04613624215670695,0.0017294511319859579,4.066368888263533
1358,-1.0085217214595366,0.3324124546593986,0.07356809358615639,0.0018407565747160903,3.4959882106689
3094,-1.00523935904997,0.32937729668393984,0.07457261642335078,0.0016471499529437654,3.6716191480738027
2194,-1.0041302110499926,0.18685623862344766,0.023518582197663136,0.0016669366004420834,5.404303366275032
755,-1.0026730248829643,0.25569452468055226,0.02212359656356819,0.0025602390771392388,4.67837893842459
1818,-1.0015642990837053,0.2593488039964954,0.019183209976252263,0.0025127658822421497,4.370342515311668
83,-0.9991818302856089,0.25170332993318867,0.05813175320880813,0.001528702166316398,4.771395526066124
1007,-0.9945284935145294,0.283538953628384,0.06177478134864153,0.0021390441018120407,3.6408929130307297
1819,-0.9932463645072783,0.27584832638009527,0.02264736324072734,0.0025798182802598264,4.424885066001386
3036,-0.9916144926814978,0.24348609038152474,0.031334454850325676,0.0014123706296926375,4.471657678779692
2768,-0.9908105091144949,0.23465380552861292,0.00960132651258249,0.0015954112180077231,4.711529839444231
2678,-0.9905200776511742,0.22320528945726628,0.013418252403854712,0.0018476055419747123,5.364215747097409
914,-0.9881842617619069,0.1578657606223891,0.014929765013765167,0.002093891393686915,5.126137735906935
632,-0.9876223370938012,0.28661996882508384,0.060679466182930866,0.0015389908721453553,4.20093558670615
1922,-0.9864173935486154,0.20970321951289142,0.020520070364872266,0.001456980562623928,4.90087789030847
1230,-0.985172506138527,0.29708822243273686,0.04378018875999175,0.001509761876275501,3.9361412212466123
235,-0.9844078593766611,0.24655721503127048,0.013506107315665187,0.0018327157027990136,4.671818196749221
1820,-0.9843608392083935,0.22909039533972303,0.016985099863920092,0.001646751919905056,4.863059316243039
139,-0.9824051363710222,0.2158294648238993,0.02343183578976566,0.0014935563355198897,4.664559366580936
407,-0.9794469791574836,0.20315554845192538,0.038893021886675705,0.002271109149734063,5.288336413535986
2368,-0.9790970983439163,0.13926556437040172,0.010186005512721828,0.0020166609005864253,6.421543995901406
3030,-0.9780284818196829,0.2125059531076841,0.03804166085973393,0.0014684907484291596,5.151809176296117
396,-0.9771388634368419,0.21716057012681217,0.02051659206739091,0.0014786434372949472,4.894375198996494
1465,-0.9767866087979286,0.28669671412522457,0.018825709393403695,0.0026892559687490087,4.09132201937755
633,-0.9766525188189298,0.2310543557134786,0.029711887023217757,0.0018880201132445604,4.2840316570581205
1924,-0.9758807419556162,0.3297950961692656,0.09260424836697226,0.0018367533616197988,3.446652609416048
695,-0.9696797283045414,0.26605025099001056,0.005612183951684234,0.0025999652829804213,4.354160219215966
2710,-0.9696326697937693,0.215682827092161,0.03669963589677386,0.001605508639917764,5.077964853349894
1518,-0.9669204291140959,0.21565864102713866,0.016707007161778083,0.002456868312083086,4.834830943621702
473,-0.9665241377162359,0.1907198871597371,0.04416017479935866,0.0016052072852717394,5.196475348921576
1757,-0.9635364215073541,0.2639732145936302,0.0056451687313048005,0.002406196572061927,4.506115230329014
3128,-0.9627210150127438,0.3431152432885736,0.08330081277389051,0.0015649031298238768,3.725100336517096
1557,-0.9622384282269529,0.14085611557995242,0.020625738017617024,0.001958618146993435,5.670973559892641
2011,-0.9602556644443726,0.2514291974954479,0.022646841958811025,0.0015101451254272778,4.1964839208874025
2210,-0.9584295626092341,0.2644171666476778,0.02267822864544967,0.0017266571861470081,4.234097491446288
2862,-0.9572696033810404,0.2577032822348105,0.013071867348508346,0.0024839143704986385,3.7839975689719485
777,-0.9544954238640054,0.20618607954241974,0.005937904757936426,0.0023550877670439245,4.870644343005406
1338,-0.9543886293403168,0.3032283269989972,0.043040793588664326,0.001566043711798122,4.060020827834949
2438,-0.9532942301633113,0.2503538959991168,0.028695139274247973,0.001324758092438884,4.58010938162797
2769,-0.9510646613622232,0.18198880774102794,0.02726978385295746,0.0018476382242707857,5.610880793782572
2447,-0.9501367247306628,0.20690525914834512,0.0028258900940621844,0.0022971424069770647,4.635675009605338
474,-0.9497421728033133,0.19125920363700313,0.01852108769827782,0.0014968738040467716,5.131942898237183
1177,-0.9485911528248829,0.180326435256139,0.007949610144553766,0.0017256294838899045,5.6335258676257265
1704,-0.9480202153780845,0.1368372311952557,0.006315451611128523,0.0017802906379457831,6.269951320042187
1063,-0.9470133058609206,0.19781588943584943,0.03594453104268878,0.0015391643201369241,5.140206561967241
715,-0.9449763387228923,0.29389571408314197,0.07206356411670103,0.0014611728648468462,4.130232616715323
113,-0.9435196411559256,0.2443486414269771,0.028291365608042268,0.0014821458554921316,4.644639556262357
3004,-0.9427706790025404,0.25485786286921247,0.06110622448769961,0.001426947195436549,4.40228595569023
2530,-0.9414584192652762,0.28102331145372395,0.07026852286890006,0.0015782483862207303,4.611793170476888
21,-0.9339303057530914,0.19614877286375787,0.03178012056951435,0.001484495150069877,5.133014010453336
3781,-0.9299266040535481,0.2746319502887174,0.044242991098293084,0.001573157091826832,4.211668675848495
2959,-0.9291970184225176,0.2505511971701119,0.025569078065398834,0.0016279209694499096,4.4173495156164835
2172,-0.9273657666784827,0.2402669510638243,0.034414011941968733,0.0015198258281432315,4.544985522338813
3524,-0.922948584576452,0.30507652553852727,0.05544521922814544,0.0016083034601739046,4.105918995661585
829,-0.9220521048575693,0.31009882700361585,0.041754145921611335,0.0015494364076532592,3.885067158365124
778,-0.9217207689808977,0.2569679247574735,0.02852933148673984,0.00146473636820438,4.09019614251992
3116,-0.9144496223487115,0.16681739748539848,0.02715944361433743,0.0021067581519577418,5.995838390929835
1009,-0.9136543708310179,0.18833306170841768,0.021616374332455196,0.0014849233838665256,5.161519367042094
244,-0.9129891551243707,0.16532956433612,0.007644480050179463,0.0017900280683838634,5.821179573566958
408,-0.9114840591852434,0.1974415626128764,0.040181572589064456,0.001518853945581222,4.957195622349238
2711,-0.9096214178366888,0.33231125635308856,0.09482294151922901,0.0017891243228062262,3.6575442407930625
3560,-0.907725539480781,0.23786136902021596,0.044473257167078784,0.0014132885698120794,4.817803509934452
1783,-0.90661294800377,0.18288508020797276,0.02510748502732196,0.0014889305359169168,5.311354424685909
128,-0.9015748156939853,0.25402977392642284,0.0330159986012729,0.0014446535713261296,4.454874093133479
2467,-0.8979478909559828,0.23831167681931664,0.02585429973281531,0.0015904834038435527,4.5669620790630585
2542,-0.8968647086176748,0.2464916290314294,0.04168384781295945,0.0016045586643828572,4.56512017365336
1215,-0.8965793541813021,0.3505565398004614,0.07580667960968539,0.0016908680317658511,3.521745986647814
2480,-0.8938619464069623,0.20551392873193713,0.023356184826657335,0.0014926133673423714,4.951775390001778
1822,-0.8895231255452613,0.28178284285084687,0.035148921506432666,0.0014765704150715654,4.349252423068795
174,-0.8892660939790619,0.2969299741062228,0.030598125497999958,0.0015491544086467888,3.8619634388475683
986,-0.8863529937155741,0.159976572115391,0.019066386562840345,0.001731623313925518,6.110254023978521
3564,-0.8838651951327149,0.3366789383173847,0.06953532401282977,0.0016679437302255472,3.7812189610795364
2195,-0.8804295433849996,0.2529264250022695,0.06494801945471973,0.0015834705362311545,4.722323678096876
476,-0.8776597689661103,0.29867859715573947,0.06507666084152394,0.0015975509704581885,3.7960948284289486
2916,-0.8766781650975137,0.17194114684109807,0.013112539971458215,0.0016572520810134955,5.568535670127675
3516,-0.8765373969296232,0.1642936846410647,0.013862475467289507,0.001718025856792655,5.615396100326593
2448,-0.8733348882861123,0.21255589098232322,0.039009222154978734,0.0016709205787517319,5.112061105407237
2330,-0.8718608232713415,0.18875162305608448,0.026999151102956545,0.0014722841730144532,5.17677422782344
1418,-0.8700809965689961,0.23356555685159608,0.04724962717627925,0.0015388180649293659,4.798613238636391
696,-0.8667115526166304,0.2476948567752401,0.020311258421631485,0.0016984323809688497,4.213122693982886
1784,-0.8659835471572856,0.2428506967667796,0.01490642602433452,0.001445806328329354,4.475450822128725
2511,-0.8610718768705579,0.3267413236780209,0.05185391862047847,0.001608289615319104,3.8533364417750766
287,-0.8607987741162466,0.284068162274083,0.07731649933409963,0.001615200236153389,4.258320887462733
2063,-0.858336946615928,0.255936513680302,0.03103954203750795,0.0015168643159444981,4.0799736005821305
1126,-0.8558175128721129,0.2317002056398072,0.04011869562469179,0.0014318140951713478,5.037258508905822
3813,-0.8551485703990092,0.24484767886711375,0.020463893502293988,0.0014105423792873332,4.587023575271349
1955,-0.8505895884092586,0.14831062395405087,0.019745279875490955,0.0017030085922983091,6.163348852928737
1558,-0.8456383049283396,0.31301840450373686,0.05643291144109349,0.001670458983439009,3.5237447716176087
203,-0.8443043169940001,0.21242636969073464,0.052810287721480824,0.0015517093807863645,5.004857770853277
2712,-0.8411573379914045,0.25152151416190904,0.06611657798609674,0.0014628295927110726,4.608367098796396
3720,-0.8407867061225984,0.20354182791944558,0.02838841542165476,0.0015282034875795695,5.23793684250205
1732,-0.8397947287138412,0.19428678862877896,0.02581450215345789,0.0014368958635425,5.273258914395035
894,-0.8371377634102284,0.2641991047719944,0.04634555087249834,0.0014682849551623518,4.580093633553438
3650,-0.8346025489711673,0.23948270873547983,0.008537601772270142,0.001585287953355638,4.491597837173868
129,-0.8344811687318461,0.2271775372987545,0.011519331938785895,0.001430328505008567,4.71326224520921
52,-0.8322177949594551,0.21293155694292404,0.0358730796139754,0.0016079435240783887,4.73780158125305
3241,-0.8305788937856613,0.3075318710018303,0.0550538886997363,0.0015094948944152878,3.94546697788265
1873,-0.8282003825902131,0.29245068878131486,0.06770554515007178,0.001549803631745442,4.333123198560031
531,-0.8261178997251796,0.29267679274423636,0.03484239522078016,0.0015484253321432163,3.98754214704186
1064,-0.8222155325966208,0.2003084811250565,0.035746852488954865,0.0015179257033368719,5.0528187862055045
3822,-0.8215409720069443,0.21973196298442565,0.01658311427001169,0.0013803719365860665,4.73065098074607
3548,-0.8206639746840534,0.33632051785941597,0.0789626667006353,0.0015518877211958715,3.9831627595917443
2319,-0.8189883517617116,0.1447918404350343,0.005751387557866304,0.0022460122851073847,6.512442778069139
845,-0.8144721604892077,0.18903731738589646,0.04618940469732325,0.0018563675683844598,5.470693264044528
597,-0.8128873062834738,0.3963249816900809,0.07809914948984795,0.0020691000111202965,2.7049843872714963
1519,-0.806969671954704,0.19324786645015263,0.03916731397114065,0.001505893719062273,5.100774905830409
1532,-0.8038237590445511,0.24086284771422814,0.01233466005668794,0.0015669429236084232,4.3609109623448905
2629,-0.8030297066424923,0.18430509744983742,0.018083398214224593,0.0016755157053177196,5.312809302183195
1127,-0.8028932552599305,0.18179466447356915,0.02148415408553601,0.0015104582508202453,5.365074124618053
1149,-0.8015136884599162,0.27325815144555976,0.04782309405018743,0.001542776158938268,4.406930627952244
385,-0.8002437746134605,0.21561219722782726,0.027585693392453894,0.0015436843126836852,4.767957143227868
1257,-0.7985063460331271,0.2389599704383251,0.021710913458323114,0.0015266088390830366,4.566904740678421
1617,-0.7976340139136764,0.23011105596848366,0.041303966670444406,0.00136693348371755,4.744383652446232
2397,-0.7949932336576063,0.2655779016108415,0.069739998398253,0.00164611744781585,4.354363987107892
3585,-0.793787053341468,0.31108993374325333,0.03756398577504707,0.0015897369232235148,3.9151381916891808
1467,-0.7924351754818802,0.26634265591666084,0.04739233109069347,0.0015245641865005387,4.54153616222216
918,-0.7842313690710203,0.19120382440319,0.026779790705543205,0.0014936029681295703,5.129894227097756
1785,-0.7842267497254989,0.2329841952703171,0.042714376750769334,0.0013927255197568886,4.919312796777641
2211,-0.7835273117888041,0.13972845039753143,0.0066505964427336405,0.00213916156888675,6.501149130101332
1419,-0.783090955809312,0.22065108376722095,0.04085181593884957,0.001553135490938688,4.466949110453403
1494,-0.7784773736613885,0.33453990204652534,0.0684232507365273,0.0017072659714388134,3.476405547511062
2177,-0.775070262865525,0.2605686853234427,0.04799804707016493,0.001420385371783799,4.373651854665751
559,-0.7715400779416283,0.25470128175172035,0.04807207773228788,0.0014956691169428972,4.627164567172377
2039,-0.7696116191310761,0.33843703101247513,0.0691516741257117,0.0016534818963985392,3.745791226704677
2355,-0.7680588474740273,0.24661187606106616,0.020017899020760854,0.0016497119267878196,4.477783498136711
3259,-0.7677211542011121,0.20715793630440066,0.028496795082916138,0.0014115873096565757,4.915255479627218
1386,-0.7656634559449271,0.23474395253472324,0.026144409928803933,0.0013870145741237843,4.742092146777684
1848,-0.7653242609856081,0.18208765416588207,0.022633650731712408,0.0014190840507006819,5.322442022579933
2481,-0.7620189266762013,0.290573546292974,0.042112867851248355,0.0016060755056979152,3.8878450163341105
1925,-0.7618280364050709,0.2990481053287523,0.032880274179054696,0.0015482494867887825,4.136505883171707
878,-0.7597772835396268,0.2575572196125222,0.06511164177163195,0.0014875207815343338,4.879509704913035
106,-0.7577175823099712,0.19849327926966354,0.03404641966167334,0.0015492939806649995,4.917793646214297
1636,-0.754733789579206,0.27960417701918305,0.051952246872819165,0.0014540680239342725,4.5032029209560225
273,-0.7517533734123744,0.15401625622145826,0.014472416652674954,0.0020853111490353095,6.359082821007175
316,-0.750638929020348,0.2455834561560422,0.046073902426549115,0.0014599801514015868,4.661832108091065
3005,-0.7489544940449824,0.18170629123255477,0.0288133291315745,0.001516872860904621,5.35841289527655
1101,-0.7477966493729794,0.27750172857566446,0.04073631285353841,0.0014807560667912873,4.075934646376208
3483,-0.7469052985474547,0.22907557168242845,0.03101890861218841,0.0014815813972074742,4.715047531193869
99,-0.7419305357557563,0.23063652596742645,0.06377324869109066,0.001596132167809405,4.885982800622974
3310,-0.7392388862188157,0.25672171202701366,0.013638770554168558,0.0017455551250135895,4.112059498350467
2265,-0.73722098222699,0.2544340791435241,0.017974558443040006,0.0013550292798359936,4.457803110039196
895,-0.7325026339325997,0.34757392781776963,0.06131738214877488,0.0016789983265807135,3.6039470994156053
2917,-0.7320997733301218,0.24622110499208555,0.04529939255524505,0.001622521764615439,3.937380578203979
1495,-0.7299669532708419,0.2781805786923265,0.06339794424205505,0.0015240524366980266,4.387105082488146
2014,-0.7288893304651768,0.2042959246657943,0.024672591123646875,0.0015113576478211477,5.1064646820173705
2143,-0.7287728948354295,0.19433118052337442,0.03187771455320106,0.0015396480256289907,5.291938024613485
2918,-0.7266023784401313,0.22735528910252703,0.019153570968611155,0.0014653445434291141,4.868468365760523
919,-0.7259451236005698,0.2332550031764946,0.043313073072183926,0.0015250503107703548,5.181717607971672
86,-0.7236012719579402,0.21381411934426736,0.02866497752048667,0.0014494294089053457,4.785832086197609
1102,-0.7220270849797408,0.20387919114316438,0.04240257223413829,0.001454229047321597,5.0729627899852545
2144,-0.7183308798904541,0.18013052418451614,0.028655639433726517,0.0013240569177328158,5.225138670318869
1258,-0.7152443465230964,0.24171967094814795,0.02583996718592146,0.0015828459092932711,4.864193292263236
424,-0.7138102948650938,0.24366750049634922,0.046968267397854924,0.0014737358968878308,4.655867315551774
3284,-0.711963348653817,0.2073182845053485,0.03330036260093889,0.001474755188917555,5.097535317302945
3528,-0.7109931992592818,0.2945734616469764,0.06539583086448994,0.0014702545432712796,4.056888218428383
2827,-0.7100859853984014,0.215939022529475,0.03628770792145591,0.0014131860698444324,5.003737429623577
1233,-0.7069917117442283,0.2282984918721417,0.010196575850039299,0.0013954759074788702,4.693747926500265
478,-0.7036104643346607,0.26601963737909035,0.03118296725127207,0.0016896968063619068,4.153540979439629
681,-0.7023070189946304,0.3612347835950699,0.07230723175422706,0.0016128300398831328,3.4864149923356527
1665,-0.6992099732929361,0.314326218391065,0.05090683614005315,0.001560484990320658,3.8162609929022917
2512,-0.6990026849641074,0.29001265842979135,0.06070022032611888,0.0015193807072755505,4.274215581596939
122,-0.6950691939439377,0.24159243875280956,0.026254668218318965,0.0014129526789470606,4.402981976313676
2370,-0.6944874854348285,0.22213768528063832,0.035052014551688236,0.0014950634103141655,4.82468385389833
1534,-0.6931462534383919,0.29347325306659366,0.0809350661355841,0.0017497115270739257,4.742513485277379
3595,-0.690320741541052,0.18171687548785603,0.0170775674439449,0.001427601395788651,5.294678074524727
1986,-0.6894324254151533,0.20123583017871305,0.023748120048113365,0.0014438542844370527,5.288858466505855
3655,-0.6849844640908525,0.2985810568002444,0.042999535917183446,0.0014979672319790057,3.707907163639697
2681,-0.6836341521734336,0.1529262669529285,0.017838381580071682,0.0020049676441887846,6.320316064430468
2797,-0.6829341160421754,0.17808143711626478,0.029868306619087633,0.0016171427940335108,5.216603003708228
2120,-0.6824201433451073,0.27951721972953025,0.04324905758972539,0.0014376604795054942,4.3429072701125335
3462,-0.6798701478048402,0.19023403161024982,0.0328691197016035,0.00190961837846548,5.370404482245182
716,-0.6765975666043821,0.20111446900410274,0.031854684601182265,0.0014169012442456447,4.959454634223624
3816,-0.6764433135810208,0.22278390021076966,0.012477571376762659,0.0014121527650571895,4.716876416108015
813,-0.6750911483471103,0.20095058914545846,0.029967983010809402,0.0014130351652203621,5.044397422341104
717,-0.6735705924823082,0.217692389122848,0.025748342275033035,0.0016032719944083429,4.636332630266279
3645,-0.6709200935221626,0.3187188663486143,0.061316764864114234,0.0014825362067770955,3.9210642165077707
3295,-0.6689615699749099,0.23433277100892885,0.015645189049637957,0.0014588727966189147,4.7884853373818075
2808,-0.6663148636501744,0.24747091631984267,0.03655688440654709,0.0016341960503901004,3.945342714583025
123,-0.6657120541445548,0.3335238990888259,0.054080989182690456,0.0016449110698111432,3.751677779946509
22,-0.6631318074158034,0.3135465424367197,0.09437547143600748,0.0020369775061416366,4.406346557083695
3031,-0.6565836491042147,0.2081058541552428,0.03272332636558451,0.0014409497168796795,4.959040467920776
3032,-0.6559867268222683,0.2388098919850269,0.04165205086472669,0.0013683535025035643,4.925321424712871
1637,-0.6546031534641227,0.2873864263984464,0.042335804219493026,0.0016259823015985363,3.7099773046807156
2255,-0.6529404777120741,0.21733185568005514,0.04059343354358715,0.0013712803630185704,5.0111646504452825
1591,-0.6520588433555694,0.17341439128530764,0.013962173302024128,0.0014432185294392338,5.378930709349667
2343,-0.6496934971628333,0.17729968177803548,0.030434020579639204,0.0016402550989646275,5.601234778370809
3269,-0.6484170219642342,0.17015383690423258,0.015247734759249903,0.0018073408547828187,5.804285468937339
3365,-0.6479389391743003,0.24153217964177776,0.05565743162061964,0.0015223075374357204,4.4409003995185685
3561,-0.6464415833634495,0.24870190811016496,0.04463910583167161,0.0014179540564369338,4.455022629053758
3209,-0.6447462992766126,0.23204190607739442,0.01658212053582674,0.0013613672799507735,4.674950203501016
3573,-0.6416182208885366,0.2472508706520275,0.04696313221118604,0.0015608368954202708,4.784953827161688
3162,-0.6408680967752437,0.31374278819617796,0.0547569980364071,0.0015682155151834941,4.0068303764283835
3117,-0.6381805778292092,0.22118074057887815,0.037149063430241894,0.0013826655903889954,4.707432089451624
28,-0.6380687250628018,0.2534751821924213,0.010848003257547072,0.001555239465314714,4.509742927943895
673,-0.63565451466982,0.23275723457351088,0.03458570476625028,0.0014650134585364111,4.446766553449475
2871,-0.6353157433388225,0.31555480083012577,0.04558587356681902,0.0015453281782280533,3.983761450391327
154,-0.6318496973262898,0.28435929286543404,0.06523675859913684,0.0016237668906338779,4.487841024269944
1874,-0.6309749760504351,0.25809898729209446,0.048497035164621415,0.001523956130615397,4.363538777439321
80,-0.6280255953925337,0.32692543580221595,0.07817914460010676,0.0017751827181604906,4.346710501233464
124,-0.6232805900261366,0.21867694481588007,0.029092023420694425,0.0014665581936541576,4.862353295397471
3429,-0.6222160731163575,0.18121626221389123,0.03137436664860021,0.001496593514354648,5.333186706500054
2884,-0.6204281909708625,0.37093191543459036,0.0534801606432142,0.0020280750906037292,2.8151610258724333
2091,-0.615146389909417,0.15452636991695623,0.01997156843779371,0.0017241653521319204,5.886238603350432
289,-0.614884371418168,0.18457907154306558,0.022472715218872612,0.0014153955583390647,5.341107504585967
3590,-0.6144510872366974,0.166608278454582,0.009532188198207054,0.001841630366111561,5.885791535245383
3253,-0.6119140854751749,0.17109720542571755,0.02954937036736153,0.0016946293676457851,5.401153614281904
3505,-0.6107207396425318,0.26127583524565307,0.013968270159670308,0.0017649529035415408,4.095732730703664
1927,-0.6087824007890908,0.1927601498882492,0.04743387878234441,0.0017742072318404714,5.126670900021756
3626,-0.6083938985132319,0.2882318565751718,0.04593752302739452,0.0014433589089814483,4.167695956346617
1261,-0.6083232100333319,0.2079849156942877,0.035158285541841625,0.0014100161379282875,5.035208761902155
2531,-0.6060826618483169,0.2487531877763713,0.014557586577490046,0.0014017386230153286,4.573158890192445
2321,-0.6050750504870471,0.2448223105467119,0.030084338401533954,0.0014609197103962505,4.227620283345099
3069,-0.6037777179945629,0.30966268653951556,0.04494450985983862,0.0015977713748377008,4.061421845907212
2854,-0.601061508117999,0.1938355286945814,0.02576898118979494,0.0014494701645312432,5.031503714597956
2696,-0.6006874303418419,0.28078227143332357,0.08298076874579892,0.001845663386847378,4.547591995260447
1641,-0.5980900696317178,0.19894580201163803,0.024378938029231068,0.0015073129615880653,4.956585493203756
215,-0.5976571042972627,0.25598579155449297,0.03560664971151484,0.0013881261423828973,4.624226533441075
859,-0.5964081798407127,0.23105790504360144,0.051703189927993956,0.0014611953283611854,5.101347498134057
1204,-0.5900768210679999,0.31640055628839325,0.04638677612487659,0.0017222514268087545,3.254051489806871
2513,-0.5861514480436737,0.33921022435824194,0.08197061779037199,0.0015730649806439507,3.907534210773138
634,-0.5833179802950316,0.3195524020656703,0.07954268361141813,0.0015281801792625881,3.660675757816598
1235,-0.5822447345771506,0.1849052757332666,0.02497138678629245,0.0014767250033366822,5.333484437895725
2304,-0.5813011626274752,0.2200277157701633,0.030316209910189542,0.001368736388568607,4.517557265377259
2015,-0.5798652349398044,0.18391869666619004,0.02189572191093283,0.00198792038078522,5.994625562851359
3311,-0.5779296574001862,0.21174587940432854,0.028006765310382042,0.001517062478133528,5.039605968066745
2040,-0.5764565906145297,0.19334332934504977,0.023230229262078617,0.0014728903416883247,5.130311227703029
1103,-0.576342059125338,0.18118439655325197,0.017723867408003847,0.001442472041725769,5.286254955696704
3398,-0.5747297786538663,0.37070904868577703,0.058107881606494126,0.0018336451529225868,3.3814239595009257
545,-0.5741376793948498,0.19701075584510325,0.023661689201588655,0.0015416226504414185,5.268322591272139
3245,-0.5736748012793179,0.2759206463403845,0.035947207316412204,0.001543144751386623,4.024885145249902
3627,-0.5724071614267058,0.20113248188711183,0.022453246722364234,0.0014152199393248556,5.0027596535650165
1496,-0.5706037002718634,0.27347723291081405,0.06815810124575808,0.001659723219908554,4.532270575377841
3168,-0.5693432247487756,0.2430468464007614,0.03082265723642632,0.00147924496706506,4.6005768671232365
756,-0.5668722005523568,0.28777738914853024,0.05314468192602831,0.0015808117024705423,4.550693026596341
699,-0.5655849537111214,0.1994280625279189,0.03111080372858467,0.0014789842024739567,5.3578380084453086
1129,-0.5650527576454457,0.20573754370579403,0.03469598999739013,0.0015186117237791761,4.890207153228971
1786,-0.5606441234430427,0.2943796548809021,0.04653190271879047,0.0015075151137346923,3.789255606550412
2879,-0.557692475249806,0.2290578941477705,0.037707383101091035,0.0014090078485769172,4.9039320097884325
3106,-0.5568799287865268,0.2897977856795047,0.0394696174951846,0.0014775278699171055,4.019809765451091
1564,-0.5504993562969334,0.20152476587572848,0.03414596090796231,0.0014501823255728828,4.928808009043906
3467,-0.5497937756783121,0.21292271553140396,0.021274824899015284,0.0013605774212308796,4.81360149576782
1565,-0.5461793000378139,0.28018538525248105,0.04407229627298656,0.0016774048723084778,3.9226822516003783
1733,-0.5457962786502851,0.15532515738676866,0.013170518518684452,0.001671527922843594,6.188487932504168
2122,-0.5451864722832165,0.3099554961468469,0.04940826461016423,0.001531090145252639,3.8268035978027983
1044,-0.5427016319976258,0.27601738960331096,0.036920627687797795,0.00132942878084511,4.479810820510199
1178,-0.5425874695200344,0.2215514409925951,0.03945560921284687,0.0015078124415448008,4.961951684404438
814,-0.5409329481020837,0.2730871214677607,0.07756181206657493,0.0018475779811153732,4.551523102219777
1787,-0.5402381147147125,0.23112665285717887,0.037240211825536565,0.0014465104740624046,4.470561398523385
2483,-0.5393491556119661,0.182578576597695,0.01663222536653901,0.0014184765301254452,5.306073922865477
1619,-0.5377055250129964,0.22059735170752165,0.020520977438696224,0.001432145001825407,4.829206100649235
2065,-0.5368244917933327,0.27037108581364633,0.04190586689580088,0.001380811060033515,4.500592945459435
1236,-0.5362213922975528,0.184573424088523,0.024906709606157793,0.0016232596295425227,5.429041879288256
3808,-0.5328568610696486,0.22793584781109405,0.03648793647083872,0.001331883663745968,4.9576569544176525
2770,-0.532740731572305,0.18939152199369944,0.020821604978916955,0.0013551369394133807,5.231488373431782
1045,-0.5304918102016112,0.2872828670298107,0.04758885187253073,0.0015406786074895482,3.634375568807036
3768,-0.5269155174791375,0.29668918337231254,0.05124321887913381,0.0015012512251997864,4.378709264805416
462,-0.5256641795777968,0.20491098192021318,0.041450626736489055,0.0015621470614361238,5.223696577607662
1905,-0.5250939279059151,0.17846148666862008,0.022720971704685705,0.0014714823814209023,5.224841603821158
2066,-0.524301435416935,0.23707101502317537,0.040150269608246816,0.0014150132126700978,4.571915419805362
45,-0.519828135342446,0.34103097392101184,0.08373069625739771,0.001912942708103776,3.3521232471624023
3492,-0.5183738308727522,0.2868257905734448,0.05094134537198465,0.0015679863389659993,3.95740564603413
1620,-0.5157392102147651,0.3320992331592389,0.04730587140958544,0.0018713417186771847,3.7047914377255493
1262,-0.5134059875304121,0.29465293516351615,0.05175518444086259,0.0015238836226809868,4.207824457753151
2872,-0.5120375855343613,0.15964552335610122,0.015354344581597963,0.0019959113915886863,6.241138660881146
3549,-0.5112606738249938,0.24885752600697697,0.046305597412212504,0.0014042364416885762,4.169249542989232
3118,-0.5104494022969699,0.31380212368353705,0.0810431527204732,0.00201604082140971,4.3737458931459905
3446,-0.5094153800261123,0.2496458497351845,0.0210442397231218,0.0014687147599956182,4.778775212089595
1443,-0.5066030898570968,0.21541146974687245,0.03902915261688489,0.0014419830628136074,4.857033467153906
3501,-0.5062624873716484,0.17674563045727343,0.012218939855872095,0.0016476129661661424,5.478537627399559
2017,-0.5042020268829507,0.22964669971078266,0.024010706323027656,0.0015469554819701322,4.967080335164775
3285,-0.5033354434467084,0.2429345329079694,0.0503839884757787,0.001450129224225716,4.50823316550535
2577,-0.5013683764337555,0.2263273774067328,0.03346599407341125,0.0013252263033356683,4.5948907511495225
3407,-0.49973751904998603,0.19396015894649346,0.013768613330970486,0.00146860702800793,5.319562923631327
580,-0.4985373661630892,0.22353476835046654,0.02785270410131332,0.001420917883058744,4.688634945585052
192,-0.4964845231031276,0.244540137051726,0.03288025074329541,0.0015497488956969167,4.46097627004082
943,-0.49595501540260933,0.21139373953523416,0.03563028701369,0.0014002793489732049,4.8817392607486365
3327,-0.49401756391433216,0.18030475603051122,0.016670761443788994,0.001520837570733963,5.241337843648691
3038,-0.493176482790215,0.17826289964131264,0.03136061388730976,0.0015303157394681221,5.275288472917557
546,-0.48769782135662454,0.3517298292490487,0.06328060293592387,0.0018073498216696284,3.435637944032125
228,-0.48573927703395436,0.26444120358295076,0.07042404888341884,0.001647785159893514,4.705432929468447
3033,-0.4846425759212174,0.2521471405725346,0.016938395877218782,0.0016964917240279262,4.337283560522176
3119,-0.4829733066119292,0.22895893687191257,0.031632934776007475,0.0014207664229216063,4.802514706101822
1340,-0.482963634526816,0.23592179403049682,0.04543806989704807,0.001435910148628603,5.122839642574269
3399,-0.4811602788019311,0.279403535061346,0.0456587235257862,0.0015342294231080376,3.8857538045712676
3663,-0.47839283847027153,0.2795239807014766,0.03087183762358636,0.0014459392989239152,4.066127395511534
2932,-0.4774328417645517,0.2629951570675012,0.05138585630332371,0.001341111915465298,4.33102157644559
2092,-0.47586642209675256,0.1972469508846464,0.023848962147221434,0.0015391134202887276,5.359484394856704
700,-0.4746573610620032,0.2591753323457878,0.04472396351716869,0.0014918448469870658,4.788258417592394
2789,-0.4730831731320244,0.16721154198517912,0.015563735382046603,0.0017172144487934632,5.638189873167956
3776,-0.4718738300215841,0.19107851920517574,0.022505568795837344,0.001414037076790384,5.008319197619391
3149,-0.47082030331257124,0.26506901788087356,0.05482610390356189,0.0015419864786054309,4.0533304191694235
3297,-0.4685144177777491,0.39942999006250013,0.08039314329114658,0.0018093658479139334,3.4664039691439896
1130,-0.4658711162295371,0.19011772837405236,0.022426186801651385,0.001654156427743198,5.384284021722925
2546,-0.46395176881719585,0.17566785815435448,0.029861052000257828,0.0016045831117744843,5.309739481477244
3665,-0.4635417686185374,0.18256879964374684,0.028029542705811074,0.0013640905673078978,5.3262622352727815
2357,-0.461384228750566,0.3217993497502175,0.07743874010152735,0.0017985101231467364,3.7561587787279995
3586,-0.46137194081202193,0.24513941533620764,0.04869547307918952,0.0015628672591156566,4.7435280269899796
2179,-0.45861048122651504,0.29040771803790827,0.04800447987616012,0.0015055599887868023,4.201844701091216
3747,-0.4575654750340362,0.21096556644181452,0.034301110882728705,0.0013471602520838163,5.067247217233614
719,-0.45542412604508997,0.24314907007782996,0.026620521343410797,0.0014799209686900728,4.57005864848529
513,-0.4548626703638385,0.2536648001222575,0.017029626391518084,0.001628698015353775,4.3775157539660565
2606,-0.4541546615934164,0.36676163946084284,0.07792958009575471,0.0017080193228759396,3.9968172108951046
2212,-0.45206939539234214,0.19364595444314991,0.02728368967617496,0.0014862047448388881,5.231499699186983
2412,-0.45125748240283975,0.21706652957813843,0.02628245376188703,0.0014134956840289982,4.670511387094736
2247,-0.45110724169323535,0.19290978570476755,0.024602995615978625,0.001484435555012334,5.131593142249631
682,-0.44879092340059223,0.3180226950495888,0.07254992492117653,0.0017545476852923437,3.520715568311158
195,-0.44752805798612144,0.22300698704412356,0.04365212253810235,0.0015882089920048888,4.382114838038502
2148,-0.4439407044964848,0.2669699772202529,0.0122880475508462,0.0017613826789469162,4.551027248654082
1315,-0.44366025793739106,0.1447675608599832,0.00376351204136051,0.0022828080670327052,6.453564185874529
3170,-0.44308546665126813,0.19686923340437135,0.042450468752063056,0.0015422510909267775,4.751705474005686
3400,-0.44102944618955164,0.20221095643675208,0.03533875091628125,0.001547548382973951,4.93935254155013
3430,-0.43587291724711696,0.2029546343103472,0.03030027766031024,0.0015251721194870298,4.973508621597585
3043,-0.4352156484586887,0.3426711565851747,0.06687951045384125,0.0018319575394201784,3.5970434186789872
3163,-0.4348125001911922,0.16152874766429318,0.02619222310153673,0.001712622513271412,5.470595200352384
3431,-0.4338071852142024,0.29937995537047196,0.06230277340098592,0.0018310581710522726,4.553799247819542
2736,-0.43072042967009094,0.21273681106472936,0.02526249674358197,0.001413598574381955,5.0868258961661414
2123,-0.4306237871526595,0.2247909808036414,0.03481230444868357,0.0014082625240304123,4.912616034866484
2885,-0.42637117768627186,0.295829239929408,0.06844921433234849,0.001569117705903942,3.9707203898792978
1876,-0.42615521546383206,0.2911350897613515,0.059908550173224405,0.0016329482953815044,3.9558148072319765
920,-0.4248051602443305,0.19615885677786948,0.009484671818712657,0.0014694329153394094,5.179400213952271
3452,-0.42470408766744205,0.17418808259926072,0.009083657776760266,0.0014654716858325157,5.4189372947978995
266,-0.42383509655325335,0.2745101202944257,0.05743586121602173,0.0017095379586286798,4.0349771784012844
968,-0.42188152809757506,0.21040453983974977,0.026571759400212336,0.001348692330844643,4.892633251198423
2997,-0.421068880227043,0.17992382645696287,0.012826753019343475,0.0014956480287295721,5.320414931145482
1046,-0.4190275960726419,0.20722298084479662,0.026646390078525706,0.001501926697969955,4.979116685975566
3009,-0.4186977487258596,0.33680759843660907,0.07322611892914771,0.001608597444685624,3.8223010129305326
3338,-0.41552570638349606,0.26842974143229514,0.02294263197211911,0.0014842976940115974,4.145882590413573
3171,-0.4138977287504008,0.3287284894425608,0.038506069171334284,0.0016248353333093088,3.8693763179166227
3339,-0.41249607766037993,0.281498464407555,0.048778273953857455,0.001503219581464724,4.150248289907895
2738,-0.4098783811546215,0.299804959532074,0.05667390450668709,0.0016039010429738966,4.374763682418742
2578,-0.40909370758768004,0.22723515641228842,0.039440620762018805,0.0013317168768223252,4.8067386774058924
1930,-0.4087668482624965,0.21593611611228242,0.04679287776002723,0.0015917652561506707,4.696622397849624
3246,-0.4071864792555304,0.1406957152764055,0.007338926393389243,0.0020062009133856454,6.50478727654118
1991,-0.40592358972382503,0.33148202861638176,0.06462004347270074,0.0019618099537480603,3.7917261696573408
3718,-0.40449157811471764,0.26684786486598877,0.04780176419346071,0.0017406612474318908,4.820836574209901
740,-0.4025759276551263,0.3103336102779571,0.03482861835866716,0.0015007458212058422,4.326545298958798
1687,-0.40257414573547823,0.22249380415449507,0.05912169580221304,0.0015546610742760646,4.584494730767627
833,-0.4006708279425179,0.1842567060584878,0.037040995896570963,0.0014686118831747676,5.12811885959415
2149,-0.4005386818989497,0.20355784819822081,0.027817385591481815,0.0013694222626734118,4.863109673166772
2643,-0.39810644887946345,0.2112385125789608,0.039957956878145726,0.001490196210652597,5.046558470789562
1520,-0.3949530762986552,0.24914294300939246,0.01721025852204973,0.0018092116824815726,4.3495359048714874
2898,-0.3934949657653104,0.18023623859180182,0.031931567863967884,0.0016319713908758355,5.3493875527980155
2124,-0.39034861483084604,0.2922916230300546,0.07155147364456972,0.0017718874662041215,4.109692340354418
1852,-0.39010689016167394,0.21774334544041812,0.04599636186713746,0.0015375865399437437,5.016186001924505
1468,-0.38977173643521956,0.27596500669014296,0.06313135917020868,0.001906261603326328,3.713093208793805
2547,-0.38788360808453626,0.246607038991867,0.035111885532735226,0.0014295856708336063,4.8061839782549844
1238,-0.38731684235713715,0.19854353883837905,0.030175303859872323,0.0013819406536746649,5.035550075756571
1032,-0.3850534190297615,0.2566190472376608,0.027601031375715304,0.0014566337572054,4.683013417276096
2196,-0.38483064602504075,0.2680026197091435,0.0397413159667657,0.001764966639862574,4.206559571113827
675,-0.384458920763727,0.25370888556707205,0.012174806428693721,0.0017293549119316329,4.542538588645099
2067,-0.38209492923228844,0.3465200721506865,0.07300828668700567,0.002057460586527722,3.4855530462434863
2274,-0.3810961682372123,0.185733066992145,0.017723414086734567,0.001466402788167439,5.282748811003575
1877,-0.38103723244206233,0.19391925979541497,0.008849784887365068,0.0014757292566759076,5.257711829343884
2398,-0.3793833004258551,0.2902396122434469,0.06284132282646404,0.0015465601914379861,4.147975719531882
1789,-0.37656021092060804,0.18655307546472696,0.025659119385267933,0.0015003733061771116,5.173223989435091
2682,-0.37636442621813704,0.13722486004528273,0.01251477342643361,0.002064591754807044,6.3584629350577275
1013,-0.3746375514337721,0.23107707649856446,0.021095701374004107,0.0014612031128818919,4.666201908931324
619,-0.3744872733628825,0.2165107412285769,0.04526299839842609,0.001535238849461172,4.974444165483991
89,-0.3741368049192934,0.18055491577498595,0.03149117043849988,0.0015253381071061462,5.200500241065443
3772,-0.3735422383607967,0.1522319567115097,0.015431504931594998,0.001849786403744057,5.613999557720088
1763,-0.37115290492349773,0.3410933687444762,0.05692874537447072,0.0020696485609760576,4.843298568346395
447,-0.3710331423446837,0.19691937380003147,0.05437437698551407,0.0015527611113736904,4.622198327868546
897,-0.3678879432229586,0.23585643412093898,0.015540388076403578,0.0013957016080661322,4.591239451340741
2948,-0.365859545841463,0.21204591678651497,0.031164262192770055,0.0015440401786890703,4.978677519061484
2842,-0.36504319713719924,0.2918698285203234,0.04556051214110593,0.0016590324295839296,4.123689835362407
3181,-0.3615125628423488,0.2343883069169878,0.039747221775378726,0.001458922545932787,4.880252053978271
781,-0.3605401128577516,0.2930720623554518,0.03398024569416253,0.0017171114260198898,4.475024843145188
3493,-0.3596133230443387,0.23468954327871944,0.036938079689277405,0.001492858244709276,5.002455000470788
54,-0.3594994053381776,0.31028856103069646,0.03904765441992674,0.0019539333864577553,3.9747113446215363
32,-0.358751156346354,0.23336775131189502,0.04204654688156033,0.00146936111726838,4.522614718289623
3591,-0.3585087015689544,0.2132530047079603,0.023514441447060472,0.0013936278288924867,5.0495955066782
2346,-0.358080378859398,0.6179943573619792,0.17318704083845704,0.007059035394636775,1.6685681298603119
2922,-0.3576993152359083,0.5544328380244629,0.15368460653780208,0.00595776341859069,2.307802951322496
3713,-0.3546126757959283,0.2699016335054929,0.02022076291691498,0.001897200255599255,4.1596118892118294
290,-0.3525715430171936,0.22098086002252748,0.05326770003064335,0.0015513681880137528,4.560975585691795
448,-0.35078955419368574,0.19466555518304607,0.03685875698795252,0.0013794387688356785,4.8201923260957305
2593,-0.34942747215711895,0.1819091027292106,0.01337688196837895,0.0014808251033783218,5.293882055843889
298,-0.34831443010806473,0.18800779787523492,0.018802201169840316,0.0015112897615056748,5.0683133297981655
880,-0.34738500002632294,0.23807144998623478,0.03362054926720348,0.0017075235466116315,4.3414413924718875
1735,-0.3469188386915665,0.16926120243881612,0.012172777907403051,0.0016023394258092166,5.50697242711959
3803,-0.34672250337126914,0.17448689108020426,0.01248282482939462,0.0015143689008932024,5.385827756430345
3084,-0.3448459002239758,0.21367849273640593,0.041127014079822534,0.001556224910331487,4.465215180720477
3150,-0.3436370723252787,0.30839082306156584,0.0339854331773772,0.0016892585165264988,4.016566078079288
1444,-0.3422857180614309,0.27041533457538586,0.026709488709715165,0.001668859496069197,4.160038051222681
1081,-0.3386595446170835,0.13873040246666551,0.007466810965035329,0.0020711767606690417,6.490105404733097
532,-0.3381846721325596,0.25013769060350255,0.01235521980034495,0.0019173179314449682,4.412477683632042
1498,-0.3373276597419969,0.23654017508463115,0.043326348084601674,0.00159512356345417,4.540235120405123
654,-0.3366513156717443,0.14864442235048045,0.030997990774890783,0.0019066236664191224,5.581413107966648
921,-0.334176592432619,0.1884538904896395,0.026783843900566023,0.0014703072214952784,5.0451010941281
1104,-0.33381696594897364,0.18421522559282508,0.026626660200476562,0.001502610971036189,5.273242713831333
343,-0.3325372777439279,0.16379185611699185,0.027019343892449466,0.0017885268332535167,5.418740596433807
3542,-0.330664358929232,0.21910819870089743,0.04695685832551879,0.0015830071341797884,4.932183248458621
533,-0.32950984446076204,0.21456918331265118,0.023123307409415827,0.0016036981685544117,4.967811954024103
683,-0.3265411756246828,0.23976499615153896,0.0061749709414560035,0.0015526199536763674,4.70886524026981
720,-0.32624537981156393,0.19749644617947937,0.02729273098350197,0.0014631069860953866,5.025367171242891
3389,-0.32511171428976254,0.18823451332687244,0.01936852142380501,0.0015035192189401154,5.1000408522363125
1790,-0.32426267329139113,0.2215927438478098,0.027605394743170888,0.0015585293980335598,4.978420457561895
1179,-0.3215762454328247,0.5715140906110389,0.12630760731702606,0.0058939041059826456,1.572072998678887
1566,-0.32155566113150885,0.5702087720593854,0.12591158327962215,0.005861431932960943,1.5815363592306015
3545,-0.3187103086463267,0.1860913106625369,0.03080935649876121,0.0015567360523951424,5.280338833626484
344,-0.31862101687411737,0.21065209503949714,0.014611251678080875,0.0014050028158831746,4.946786728055041
989,-0.3137908859813378,0.2073036088435255,0.032302668788621106,0.0014340077562188986,4.894667312539191
2094,-0.31351815807725103,0.1760810713208113,0.019710634718265688,0.0013585007800515562,5.3257844105589935
1317,-0.31314612767934935,0.23588962720733841,0.013153861723218292,0.0016451647180408605,4.490784016107632
1688,-0.31045843275697926,0.20708405952464576,0.040605862773439916,0.0018133112951493953,4.452733393473011
3530,-0.30932633892993927,0.14316576992472405,0.0026838975444458757,0.0022384941021380837,6.565226670589649
361,-0.30903704318298497,0.2262846913076892,0.041603864032887974,0.0014121895684766177,4.686291759876422
3623,-0.30768580497669457,0.19362568983600037,0.026732980325030648,0.0013549082876268,5.080326997009762
3324,-0.30620653837281986,0.3446497240954257,0.053356196492619974,0.0018881783303390945,3.5373630281662107
922,-0.30618710028687085,0.44661435451992026,0.07952740523310196,0.0030304875255663284,2.3898145240222894
3485,-0.3054833066059889,0.2759527063381225,0.031676271782917605,0.0015685791870574067,4.263634168187873
1827,-0.3052251116108276,0.1796954917391566,0.016271544610124263,0.0015169617056698345,5.374504222998665
354,-0.3047542516282747,0.16766119231807788,0.015702971463073076,0.001964701053793539,5.667942930999516
1151,-0.30363925284515714,0.19768904249842723,0.02877504638577933,0.0015228434789420573,4.975513975007843
1469,-0.3022084959476664,0.19795523711331123,0.020565594044317938,0.0014139699469994135,5.025413029625979
1666,-0.30211701259342627,0.1566478382732426,0.02090962026279553,0.002009318508671807,5.573216574051416
684,-0.29966284606774973,0.3091708482435995,0.03358788311698899,0.00173523092810702,3.657510003439133
2379,-0.29853116982240596,0.35036385657982166,0.029419874170562074,0.0021058152892010017,3.1330002585281953
1906,-0.29721715274188154,0.27970624505637165,0.013716738470638465,0.0020513935554896247,4.150030268921161
2359,-0.29611991961458106,0.22187603326408756,0.027328051877254348,0.0014989383266257447,4.790970358006254
2659,-0.2948521297823961,0.2542061570814287,0.0239333837678236,0.0016688499408985058,4.297842058758656
1082,-0.2927935512700628,0.18240520980390398,0.024642026892780663,0.0015762593058540441,5.2893489170275
2970,-0.29236049444756396,0.2252871246068964,0.024468137762106996,0.001503919505256046,4.6350138265112015
3577,-0.28770834391242445,0.22143613592836953,0.038757286280909194,0.0015184863738471161,4.945622151200318
3587,-0.28548122198517645,0.23651119665993295,0.008393108144187852,0.0019159171610123595,4.677774184748069
2322,-0.28391553582793927,0.17924682377920054,0.02309048103983953,0.0014773346698689575,5.32929644224938
834,-0.28389128822227305,0.18337561956698523,0.022152007313931035,0.001480470809650821,5.1979691127361525
1390,-0.2755670803362931,0.1720897545954503,0.011126246740955456,0.0015090184976685463,5.415541456961792
1667,-0.27551384068605306,0.1732563143273233,0.015887018371022275,0.001391239186171401,5.384349120585718
1421,-0.27487894962428905,0.19470556496503294,0.02786671865239174,0.0015285635724960889,5.081668343995083
2095,-0.2748707371096441,0.17876357657940645,0.0203092513502202,0.001565717759249077,5.394836401793783
2180,-0.2732331485415325,0.18072312500437815,0.02143699739376895,0.0013707930797494325,5.270715554104726
2427,-0.2729616531168283,0.19097498113922035,0.020310548977036283,0.0014503584877697093,4.999499490667224
1360,-0.27258834775802787,0.23036750006214618,0.02654682085000996,0.0016089577919719087,4.512492075972313
2018,-0.27162101607634026,0.14266238404595716,0.01777353932738766,0.0015815817386395212,6.030130302383904
3135,-0.26900415643246456,0.19436937180228847,0.03401029051113747,0.0016342857466377498,5.097434925631179
721,-0.2684721324960499,0.14642245341202587,0.009120789074072688,0.001921602368664181,5.79781078475955
1217,-0.263370883720932,0.23287437361377633,0.03362182554755156,0.0016192307881889325,4.456159907515474
1048,-0.2633061635335574,0.16877558796902825,0.024971145575510466,0.0017421153694706828,5.420777004195526
676,-0.2615531248887487,0.24025125355706695,0.01837576343097168,0.00195596508884055,4.521358918330925
1342,-0.26098721705951494,0.17292491974692176,0.01490809716116932,0.0017162737664129363,5.3856695676955475
1932,-0.26044903685646004,0.15919818533696917,0.029441508269236735,0.0018271428383208564,5.425287188857141
1499,-0.2587698147833213,0.24047838849283723,0.04271329396524666,0.001566933032724343,4.329127717944225
3393,-0.25685957818209687,0.20929560649045942,0.02318263199953299,0.0015223975024106116,4.872332207348469
1263,-0.25340863802828756,0.19338504142210894,0.019466350811161666,0.0014444196576817152,5.095606837381982
1422,-0.2525112208211552,0.19774231496425265,0.025994956220699732,0.0015734966578517635,4.999499853476804
563,-0.2521052937441374,0.3387544492284444,0.015213005593457816,0.001938192419960098,3.2037307793323735
815,-0.2512675751737049,0.3546592086206283,0.014140059740775434,0.0020667010870615583,3.047944624678647
1152,-0.25106951256111093,0.2078281315889381,0.021962460235322445,0.0014704087079521074,4.886893117482032
72,-0.24652347874050617,0.1810058504735338,0.030752531973394368,0.0016166973368884733,5.230804893270085
3256,-0.24486806637852274,0.1872227122801246,0.01516737049731707,0.0015925600395915729,5.6056229721354995
757,-0.24432968377908196,0.21237746215044598,0.009444676306954693,0.0018685772697024062,5.115671507826386
1343,-0.2438312159924922,0.46707640532624495,0.055974989448454124,0.0032207390998874996,2.3628678608822877
1642,-0.24382551995831525,0.4929135325798978,0.06075843340580946,0.003707750680373979,1.9972631116731536
449,-0.24227037036551533,0.16215814411555887,0.025014151737474174,0.0019505654289252228,5.534917558140811
3298,-0.24174289749489755,0.2180456072450503,0.028050770420230547,0.0016538756434540613,4.992605042331805
3666,-0.2393206988511181,0.1776180395457862,0.015392848349797705,0.0013685584481085472,5.33566318267539
3474,-0.23929381726623397,0.17501778121327366,0.012870076468267076,0.0013861951293475919,5.378130180854643
564,-0.2352073554972818,0.19389857780869416,0.03324061477436011,0.001771517854612464,5.099957087744658
1791,-0.23496207359559249,0.17163452132335014,0.016582806632193536,0.001766393600617884,5.602813718466431
3401,-0.23368842131284545,0.18462931491199974,0.024251611845897775,0.0013991821147811255,5.201089194843609
3468,-0.23362900258392263,0.17461804837316589,0.017550894039199356,0.0013702072644787143,5.331003824481998
345,-0.23258927168916033,0.1771594988040448,0.024514865712270628,0.0015374221701554016,5.290629754728117
3616,-0.23257029228468548,0.18177534771956427,0.020850504825009063,0.0015514273685882263,5.23261137991264
299,-0.22998403666777648,0.18036718568195842,0.02542605838736297,0.0014532871810839934,5.276267004793428
1689,-0.22974985475445286,0.19009874719038472,0.020744846440403544,0.0013896246046174367,5.205035868186964
2886,-0.22939723956515282,0.6869205206638707,0.16984293259547928,0.007888739489493401,1.1386000637788687
2998,-0.22939464314235217,0.6823964874711921,0.16868905334806422,0.007759276533578923,1.175575703582275
64,-0.2243213642279347,0.19785880507285816,0.02051684111511677,0.001620564907556621,5.211492997654112
581,-0.22283031894100383,0.1974543014008286,0.022951728643836867,0.0015738653164695067,5.179317937307625
2644,-0.22103870128958206,0.23267921998928415,0.01306762846765559,0.002167463648461291,4.566008822537182
1470,-0.2201573474751205,0.21457785255811807,0.0335230649905391,0.001592504330602249,4.594997398751076
2799,-0.21601861946379455,0.2374649521606978,0.021206846788981944,0.001583132286939898,4.605517245585396
2150,-0.21273244071743602,0.20847545517687066,0.026030477274354372,0.0014534473340148816,4.777405112516519
1500,-0.21145789039756024,0.18791499110824048,0.020980583080115866,0.001528706656157257,5.029756050440016
3447,-0.20993219642468153,0.3207632208819249,0.010864003696405566,0.0019362525930451315,3.3084810015433046
2019,-0.20982840292889948,0.3243368802580493,0.022701990683907422,0.0018672950695799923,3.2805608176622534
1344,-0.20562278470171336,0.19759791644790178,0.021174279643787312,0.0015067500247058808,4.968451350239929
3723,-0.2056116762191974,0.11675299025546766,0.006465181047723221,0.002142214124223424,6.535798012425389
1828,-0.20506131421489887,0.178116031748156,0.01786483150470731,0.0015993033887997169,5.468493767861487
3588,-0.20390281856428588,0.15067018152545839,0.023545732490750298,0.0017741116621576584,5.4780596259955505
3053,-0.20189674536664912,0.17769352610055927,0.01842521631742041,0.001372940207111626,5.355664953310848
1537,-0.20183575206719312,0.1691449372050577,0.013425123966339037,0.0014763935822716537,5.472583320946057
1829,-0.200679689428725,0.14317645166335397,0.03563820148418981,0.0018949361678918433,5.428464604827218
636,-0.20065822986430285,0.17485429585817577,0.018816171446465284,0.0014905151460353366,5.4382120455367735
565,-0.20023398800678233,0.18971986127611393,0.025787806317158105,0.001395579490430874,5.13490960313273
2843,-0.19908656230268748,0.19280231653043237,0.025385083562890702,0.0014890357947053793,5.068916987379284
2151,-0.19333425418125605,0.19661813460461341,0.027355647877617496,0.0016245603213603855,4.935441665983748
1067,-0.1929653533358574,0.20973468089909772,0.033939653295442566,0.0018765528072904076,4.690705348617236
3394,-0.1916859717560158,0.2008587165787673,0.017646006452271865,0.0015285872280177875,4.835567182983234
259,-0.1903673696016734,0.42973472564386844,0.023362116647229748,0.002978324864843051,2.4248162457959337
3120,-0.19033128600871616,0.46316282818265664,0.020340067304006674,0.003551407360130422,2.0417684641320815
2096,-0.19027458179727538,0.9405269673777591,0.5179007418973796,0.028057247682768773,0.39856845385506706
1362,-0.1902745798891416,0.940521308447843,0.5178825278330507,0.028056608893909853,0.3985806880537568
17,-0.18969869775057982,0.1992517682635362,0.029040595175818362,0.0015322269524594432,4.986784469213033
1668,-0.18879677630411434,0.17383954468731738,0.02108885625940289,0.001399256956302826,5.298431634545354
1068,-0.1854942695913828,0.18672386903323096,0.023379559679687804,0.0015811003509130705,5.294573992749674
1711,-0.1843272532985144,0.18128297846124336,0.0232926014368421,0.0015472073847068084,5.349562102782107
1264,-0.18294994750328578,0.17405732550665898,0.019151272365298903,0.0017562969727897876,5.472865946630522
3085,-0.1821325938475334,0.17359360003978389,0.014073696722554263,0.0016321758063612738,5.82100684065334
2097,-0.17954952154692388,0.17554379129279024,0.023018313528625507,0.0014581096274236933,5.266180254379234
338,-0.17946355542217898,0.19992922685261055,0.037349740678664374,0.0018054860826312677,5.243105310939214
2484,-0.17926064022017002,0.1641766516445717,0.018145256692791253,0.002013441632412784,5.800440255678354
3299,-0.1758067513488316,0.22876844509741476,0.012457570353238807,0.0017357216046415501,4.475427313735484
1853,-0.17421958585645728,0.2983323107092962,0.02663366716118629,0.0017044731828003334,3.561628749173833
2041,-0.17249151313144703,0.23963888755452745,0.02086367254867013,0.001594108835760121,4.649784500442191
944,-0.169833734507503,0.18690517476784252,0.032258051030536715,0.0019160002780876154,5.3586057027775436
2152,-0.16932169907705358,0.23225813510870716,0.009286967628729091,0.0015245762942596155,4.6152769718267574
1318,-0.16679471925669898,0.18452700487283724,0.023315353385365008,0.0013779075292390797,5.238257253462622
2307,-0.16672197217636428,0.17773930477248714,0.014648424973962848,0.0013812659949330917,5.322975884787606
3096,-0.16338701058714789,0.18361273252675858,0.03337247772379588,0.0015614670751470017,5.058782872054925
2645,-0.1624902089002643,0.15984277239096578,0.019850404328192565,0.0015998977822092005,5.436104597200435
362,-0.16153149214047863,0.16384829275824092,0.016206114929572617,0.0015254747289892999,5.537867011334798
1363,-0.16106858732555535,0.1711908447893235,0.02249639315217175,0.0013710552352248792,5.323097164586288
2579,-0.1593081109144303,0.1779070035453683,0.020559686005227708,0.0015037976821232566,5.4146729523473995
758,-0.15902886931396387,0.1798645219299221,0.022770745150097985,0.0014636090918476753,5.352575046253753
1132,-0.1571309164116453,0.26462612618464143,0.030211742897355735,0.0015761918223281416,4.870782556202167
1567,-0.157123585003626,0.22599137716595075,0.03044293266279001,0.0016026718742830287,5.20117591071658
2197,-0.15704041689851994,0.6167610523247158,0.11048798401062404,0.006361176303513047,1.6120745081947563
2618,-0.15702965121249435,0.5810762846267344,0.10112950525360007,0.0054293471092544355,1.944780907169633
3797,-0.1531656842828705,0.224094354299971,0.025963080717325608,0.0023415710979573724,4.254422137845346
2933,-0.14749485149381306,0.4198212427089817,0.011446018553269268,0.0031281568860240744,2.2097491633879622
2323,-0.14723353550110846,0.4314147806138004,0.005865413835969684,0.0034008246506083716,2.1010030694890007
2413,-0.14476545229817145,0.28491817033589883,0.03005622687693166,0.0016893270892114618,3.6040270445235274
990,-0.14341257675036706,0.2901688538472381,0.016920321424858675,0.001996621272772007,3.435375217355773
3044,-0.14263603289242777,0.13340062218355597,0.01503990841725957,0.0020844385746064172,6.00276884436397
1423,-0.14226704113236546,0.13981406962751367,0.012616632503411504,0.0019420391564489293,5.857630440417376
759,-0.14183945879109988,0.14268424685918285,0.026295301777769425,0.0018549470601048187,5.322976828177214
1933,-0.14105839318156133,0.1652569712017325,0.024684269132123637,0.001831587266676256,5.151594753058904
3136,-0.13923543591536844,0.18375750241452204,0.022573163292233252,0.0017044891095951344,5.538448116163922
2213,-0.13854713707886088,0.19581713767237643,0.01417082510634578,0.0016022508517452884,5.332141338519998
2153,-0.13689093263043836,0.11428090428659868,0.020845851261209067,0.002192336276530751,5.750372163772685
2380,-0.13647182412979256,0.1626236772915655,0.03014183393871751,0.0018073005641864078,5.304159688798415
3061,-0.1306222336841321,0.16852772697268825,0.05010866111838141,0.0016832695143558934,5.270865557906843
2468,-0.12996469480510803,0.1738816565108406,0.03415732032624344,0.0014055217144451548,5.210690790548348
1319,-0.1294071439840549,0.16954981342275321,0.0039053782448875115,0.001572135816508371,5.707536004779509
1538,-0.12933892559167018,0.1746143622347623,0.010247132877273399,0.0014490031579079403,5.562571104144743
1568,-0.12752555347518751,0.14448482266637125,0.01417052782462751,0.001733111062879862,5.4810257703751635
1569,-0.12674547341941586,0.13677756183090578,0.03010341552960871,0.0019521678532724753,5.544062079231061
2754,-0.12402285041333146,0.19627795213515448,0.022320835426541206,0.0017101235385263932,5.812328379329537
2887,-0.12394648529242065,0.23821944054313185,0.04601265280663716,0.0019021869670666103,4.099447421871652
2428,-0.12149026433303678,0.232429069657786,0.03807828942736528,0.0018777784805461115,4.832436345413315
1643,-0.11976298377350895,0.19585321026535574,0.009235195088829086,0.00199498188424054,5.624337861014349
1669,-0.11856859918156096,0.1750909271595713,0.03358038912915277,0.0015649202013561028,5.418059038534352
620,-0.11831627641653752,0.1667155238431188,0.02175289315274119,0.0014796931670406457,5.399688564710489
3471,-0.11749613429739693,0.17313931935559787,0.01015435488645098,0.0016585651965308618,5.502154729147126
3463,-0.11691264822443946,0.19121978928505606,0.020848083353133547,0.0015482463623381687,5.380118372017934
2525,-0.11420436283405616,0.21219624225798095,0.014654192133673296,0.001592766564759789,5.0230854638248665
923,-0.11372113189214687,0.13463308115591655,0.019166082169961733,0.0018699971058543984,5.679040708126402
2683,-0.11333369560918131,0.3823392797821635,0.00626802374950565,0.003273426491946936,2.427384159979569
2828,-0.11330278345030943,0.2868202004837632,0.008478632527592915,0.0018582205002088958,3.669034491155666
860,-0.11277543442731643,0.23805594038405903,0.01748899789713212,0.001380339949956489,4.594051102243772
1287,-0.1101774269763885,0.21131467094827075,0.03066939572474704,0.0018308743364709224,5.180749805548153
701,-0.1058445210373884,0.26265371537965465,0.03367872521673221,0.0017885281229810851,4.244010433156245
722,-0.10542777340513776,0.5798444847677284,0.044704134132158124,0.006680611457901208,1.3429625153577118
1934,-0.10537203194923013,0.5400399181086134,0.043232121439686425,0.005398246459852203,1.6966751362760206
861,-0.09880564073543624,0.22388317526844786,0.035614928864139195,0.0017256602358607645,4.733656235817122
3455,-0.09676700080844347,0.1587672595705923,0.032101891337066556,0.0017396219955902533,5.602222857081494
2713,-0.09609116669321673,0.1645567290892025,0.03202748364767631,0.0016945082940526862,5.511045937065871
216,-0.09564410747934811,0.16085698323503,0.008353210750269992,0.0016473522944042405,5.510906929992176
317,-0.09557001512113514,0.15276656201241656,0.005407242637090291,0.001666306403446606,5.549233154690933
3419,-0.09522452159953107,0.2085483311510572,0.02479655264049985,0.0015972970166336384,5.002781005801696
1593,-0.09213992016868978,0.19278644112496546,0.015005718192953793,0.0016263754681603794,5.39097220350915
1878,-0.09100287926095174,0.19284268395637114,0.02422360236557264,0.001510146626876965,5.247371062171233
3312,-0.0902338198502284,0.16334007986585908,0.007160318053010073,0.001550677481139524,5.522118645311528
3691,-0.0901322084822853,0.16127003337799414,0.011183878340347364,0.0015066606185930784,5.496256698536882
3735,-0.08851247583239606,0.26252084632075284,0.029203133914431214,0.0019500580690485956,3.811556805524643
182,-0.08689116606037382,0.33806677699338317,0.0290281504617587,0.0028178526567140725,2.7967828239553447
363,-0.08594462162333154,0.27693972626784497,0.029423439336184264,0.001907160863970494,3.4050121341558173
2725,-0.08549754827063231,0.9349976267742811,0.40228364762885127,0.021563757133681055,0.5020487561390057
2698,-0.08549749453469288,0.9349590572140292,0.40226159498512387,0.02156137439595769,0.5022067796342573
372,-0.08369622789550647,0.08988941554292018,0.0030741545700910203,0.002563391826667247,6.6278467312317915
230,-0.08253472578201443,0.10598859930851148,0.022624029865918566,0.002029361524311931,5.5047577606883795
898,-0.07912644911694879,0.1826118295027862,0.020521231209305324,0.0015978840801111685,5.426192380936673
426,-0.07903835177356544,0.14328222059816412,0.028553515286676778,0.0017401051707715272,5.547687315392601
1737,-0.07625510651426827,0.15810043302415275,0.014487000363986962,0.001652672323480887,5.404171649344101
2333,-0.07547416185222258,0.13823575147751116,0.020964996995182984,0.0017537298034916485,5.441924633790992
2923,-0.07492208154327654,0.14479759029111153,0.01712395634304023,0.00157244643089923,5.551994343408013
1133,-0.07463037575607782,0.15850387308902414,0.023441956975026067,0.0015628264588463212,5.412947112470018
2266,-0.07194112454405953,0.22258423896148097,0.023422867258863448,0.0018209130164897143,5.743887664278802
3070,-0.07136440045066364,0.2591360400302933,0.05755387650562578,0.0018526726030608876,4.115079618057043
3598,-0.06956926656418418,0.3337841643870664,0.03709960260811141,0.0019994059667791447,3.716285142712281
1792,-0.06870312562909671,0.47511736178617053,0.010737740024233467,0.005053009857829721,1.873904478645691
3706,-0.06843834756410863,0.40919041621326724,0.016349882281499077,0.003127953992999712,2.578311884881108
178,-0.06819083801609525,0.18650513055809956,0.009965269105842972,0.0016988222771695256,5.550282264349403
3010,-0.06707775137117619,0.15595694040451136,0.025410551803018044,0.001725134309343878,5.295776439109227
1830,-0.06590739605976406,0.22233198259328166,0.023172008994039275,0.0015980736851841063,4.7720730804484734
782,-0.06396185844959391,0.21489902846160108,0.017636089395159614,0.001823931397619201,5.017409807125912
1392,-0.0616129375636605,0.18421768245427125,0.04055351657870589,0.0015802641018753051,4.973282594138376
3770,-0.06047556374539623,0.1925180642840772,0.04258042191138563,0.0017090551343308098,5.138829692460648
685,-0.0593586354275766,0.16665935501130652,0.00426071150747229,0.0015549050625411848,5.730667664283484
1570,-0.0593581093334729,0.16863253408010903,0.00670090829280776,0.0015896341023384445,5.670453737518457
327,-0.05864900078547014,0.23174371360329016,0.03428038208049066,0.0017896130956256864,4.885173878449916
1153,-0.056291268273917255,0.1933004616715986,0.013096209931583478,0.0019230255379670785,5.593688402188308
96,-0.05580049150016181,0.1789477538127992,0.015627952098057413,0.0016958747054575886,5.68877273127606
1501,-0.0525057160732403,0.24130674821982812,0.03981133409457254,0.001760636605508589,4.543706952305795
970,-0.052044340888220936,0.15626850249091057,0.013181940046144404,0.0017071546387588336,5.407389081912451
945,-0.0514365297159824,0.15057905829371543,0.010782157941603676,0.0016593474750122266,5.4185124028764005
246,-0.049779232052902904,0.14445948694718125,0.008230832542957358,0.001566129384947512,5.654386148742758
291,-0.04964295605773437,0.14953920734243772,0.013627142344386079,0.0015088660055053277,5.58935536481375
3361,-0.04790121989315348,0.2500029360703777,0.03551788642490641,0.0017531714952061586,4.335564218870056
3040,-0.04407615923639693,0.2571118108266096,0.0205981863593767,0.0017191229834610567,4.254205835800944
2020,-0.04312627243091482,0.43510569048480324,0.01478846098968976,0.004667317164719004,1.8863216428507386
267,-0.04280998626234159,0.4178317622395108,0.020493936738660644,0.0040441520163497545,2.2480606890812727
43,-0.039739922998441216,0.23053182436668995,0.013854422719777366,0.0016729465570950906,4.704257218842571
33,-0.034780021394505214,0.14274760721820104,0.03704090094600923,0.0016749352272797302,5.490534512124568
379,-0.034571452038884704,0.2351887694510833,0.01648186086114609,0.0019499020542345115,4.374932060114363
1502,-0.03407319879311801,0.14514554478303485,0.02171932579923361,0.0016246257069620234,5.544082489904394
3646,-0.032368011691774126,0.8308432398911961,0.2159074126239879,0.0155948045373696,0.730664026642717
2863,-0.03236588606145431,0.829319078531949,0.21543327362379958,0.015524856504010018,0.7421088367424209
835,-0.03174997140451868,0.07038762128703056,0.008268307091731056,0.0022519328230431682,6.416499171068301
100,-0.02995080577730096,0.2519682363403095,0.040994865154333475,0.001626163571204427,4.821722752422321
55,-0.0296948972244836,0.09137981229850962,0.012759134425910725,0.002210919929422869,5.650495906162093
610,-0.0290488173485522,0.19389526476542437,0.016416007062949493,0.0017937215903955706,5.398808237657284
2790,-0.029008876869332057,0.27969046940281195,0.056649358894524396,0.0019111282654812817,3.963090823041168
3045,-0.027616306546319386,0.2589455796349637,0.03835368070726132,0.0016522059243303338,4.5305812193952315
2347,-0.027037253843089068,0.18681877688904575,0.039207061972172275,0.0017502519151702566,5.195064851217536
2646,-0.026602736894366034,0.21353596775808772,0.03587389084080092,0.0015904666417382444,5.091882753877053
1959,-0.025685969967855982,0.1638624516866095,0.013766566417375928,0.0016260831672502388,5.59022155244077
991,-0.02552704720162197,0.1870756974675034,0.009573289979862417,0.0017984008765028854,5.707330983146932
1712,-0.025001402511598866,0.26542313566482617,0.0193270225032678,0.0017938831394592129,4.547599561751553
849,-0.02469925099198758,0.15752029335324502,0.010169053864569216,0.0017704999840164881,5.555003709460639
536,-0.023524127793519548,0.17982472879521233,0.01735160085264374,0.0015957318220703356,5.159506216764873
2727,-0.021455296847684612,0.15708160487220865,0.010556729563140282,0.0014898481568051411,5.555363538586803
567,-0.021364914016751124,0.1801031481472229,0.015552935259922724,0.0014675600030071305,5.3149982390197295
1083,-0.020717192396233115,0.26388782783413406,0.027012682890719467,0.0019226223828875243,4.630169611323989
3301,-0.018534452845956007,0.16520291424107905,0.01020810244809357,0.0016174698834037762,5.196932963381611
450,-0.018155056966564637,0.16280738651307955,0.014320018718555212,0.0017287264507601537,5.196132304404701
15,-0.016687793480223704,0.29759248898149515,0.047091691012749466,0.0020903536944449803,4.107964741780048
3672,-0.012572497716619674,0.24502467812071216,0.02285740206121781,0.0016017593380034975,4.625565127667358
2214,-0.011679954242893096,0.1425743720715934,0.006767039131418988,0.0018805785214918553,5.631820173703812
761,-0.010878223317237623,0.20074920240366123,0.02637207536349899,0.0016419730205551064,4.980794353690843
743,-0.010475063540307087,0.16572061796460985,0.01961224491152329,0.0016474729523774376,5.072354523954523
2619,-0.01021334767808063,0.17389813048747477,0.01589220580655781,0.0016174884488130124,5.140242716171082
1107,-0.007125222138946204,0.3149787595458269,0.03979436332160775,0.0018004582436836408,3.9520082276707518
762,-0.0067649239062741685,0.6583618657579628,0.06504049366873282,0.006506900156336656,1.3249920025920057
924,-0.006758466139313413,0.6280058276672009,0.05814328621288832,0.005842934526564952,1.48544793972216
1050,-0.00369186622518558,0.2620623999999145,0.019611342490699943,0.0017885940095726265,4.30992423299514
260,-0.0021345392569140148,0.19765390478245254,0.02215321757254038,0.0016232736199642463,4.769954267433462
547,-0.0010113737643046561,0.27680699139288845,0.018478650044707445,0.0023839074040560527,3.8631092169716403
58,0.00025999124876907316,0.2213353798485352,0.016966423428145506,0.0017104418488965937,4.5984963573857645
183,0.0006688358516014044,0.3190206028226419,0.0707224978341547,0.001952566431460817,3.586993606644835
481,0.0020542232756269267,0.24614381789308637,0.001278970229316377,0.0017157708133287075,4.505094261371456
1265,0.002935540133450498,0.38548408220776675,0.08931367198731953,0.002294795328226416,3.1278836083353307
3835,0.004307286223942132,0.18523644639271641,0.02703478232746844,0.0015192996374971052,5.545359416639637
1739,0.0051077314213457126,0.195580483721388,0.02587721260068465,0.0015159818182490235,5.3722451336726005
1935,0.0051474838766460244,0.25962889367304065,0.010197141282409205,0.002065923522319672,4.007899320924694
3696,0.00586311822920091,0.3850223954079727,0.05317774256319078,0.002073651462082447,3.2134578899880957
1424,0.008070810260451594,0.19832523077907738,0.019005715840686815,0.0016809928320834558,4.751999188274146
1521,0.00847504762429233,0.24141519250770574,0.03746097814772686,0.0010405827263267429,4.677419354839466
1205,0.008792286982156318,0.24988663474974626,0.017096667541331177,0.0015010231953777639,4.516287063917433
309,0.008874216368503588,0.16778065672149078,0.016575053788234134,0.0014799402145447044,5.559258263169092
850,0.008937808162450914,0.35505485031346634,0.0677608029708654,0.0015854236102610976,3.1640091595948503
1320,0.009501376543881904,0.2079617086426381,0.020057504184392845,0.0016042306733224279,4.953105821690594
1594,0.009737920545445674,0.2828462370168081,0.02224687369807865,0.001653187253120611,4.118508628603088
411,0.010237373286871325,0.36940201208734896,0.0648347727805,0.0017661265612741786,4.047463604885326
3750,0.010736975676401547,0.09038078582696016,0.00870723853919813,0.0019652983999121367,6.093996207549276
1155,0.011833083172623592,0.20416524734236124,0.01710673164831601,0.0017665521573996857,4.916774973459075
3122,0.012192853366591896,0.11891769213716921,0.011800065857735267,0.0018599867585195184,5.203448815336632
2021,0.0122513105655851,0.3950607527579345,0.09372231577313628,0.002112406013445206,3.7705252135477414
3833,0.01347818061811051,0.3383488762388901,0.025020423553598858,0.0020695117231842924,3.6768971459686526
742,0.014695845211613523,0.40887464900904924,0.13338226962169683,0.002430082127540388,3.412375018903104
3097,0.015542195457570783,0.1518078192995454,0.010580717875426136,0.0016906958243533806,5.36898841544755
1106,0.01566474485757159,0.10871716942615686,0.009971598361919106,0.002062836517427209,5.377668206608444
3821,0.01628353637507384,0.1774002535823742,0.024368019874259263,0.0014638522827196518,5.253554656709344
3581,0.01680981859518636,0.18785721055464302,0.040843297466963566,0.0016738477689264525,4.987452166048387
3546,0.017124695381664827,0.36676982395906266,0.07654511158046189,0.0020703961409423636,3.8789296950678533
3432,0.01841427255501642,0.42619082374142014,0.11328419394895593,0.0022599017187743663,2.753550348716415
1288,0.02076202574367843,0.35869054875365386,0.07894201715496668,0.002011871521100333,3.9354373991962825
3151,0.02121068275684131,0.14876887915811404,0.017336764916620718,0.001777171468751844,5.616836792674803
1134,0.0213754938124063,0.15222988410840327,0.02129803738581217,0.0017804621593260582,5.11026002081045
741,0.021732428375301618,0.2038813530202374,0.021147318979983953,0.001493702571359441,4.985602028429499
1793,0.021986182658012093,0.18824371519878294,0.023568898626541976,0.0017419273562766912,4.664438824815045
1738,0.022816271319951804,0.4046357005483767,0.07584922397095936,0.002251913731402835,2.857149698497786
2726,0.025033144688330376,0.36604379973293655,0.07427085093349722,0.002101868569843377,3.7527544103154162
1571,0.027670924492051444,0.3872620395193309,0.06900596566919338,0.0023766255505265547,3.008089430753079
3319,0.02916082274434391,0.2078122635154902,0.034920865847048545,0.0016648464604091385,4.593576863807863
862,0.02937402266784343,0.18234690393301262,0.0286803976258238,0.0016073998873114097,4.6932774771426065
2630,0.029707594275665487,0.32902656729664703,0.057514821589369096,0.001960901696330464,3.829420813852459
1764,0.03104922476328583,0.1853246110487656,0.009075975706514763,0.0016730598266813605,5.172517863022398
760,0.031141511544435167,0.1792459680771468,0.008478301592319326,0.0016643970481353726,5.290327771189128
535,0.03328865754447132,0.3993763967533188,0.09027083343768073,0.002230700268519985,2.8333227401517194
2972,0.0345297895719872,0.3322804478734878,0.06084198651044766,0.0024039562794597913,3.4870443908020086
723,0.036818406838811005,0.16811309770089272,0.010743931854166302,0.0016270244380593806,5.258715711975929
3210,0.03686984580947797,0.21313521200786845,0.024590661221924607,0.0015391672560635325,4.813761114889226
1539,0.037871705541789515,0.31270327116215535,0.056718726309027225,0.0016239991944575146,3.7470687314035445
1049,0.03883417629733884,0.1233408820788319,0.02443903736637983,0.0014662088526937252,5.9474023600057
1154,0.039723084143477416,0.13393893437461618,0.022426554344902264,0.001747916342594847,6.43451368859128
3486,0.03994918934545323,0.18500088611784055,0.03891598676705035,0.001478621319922951,5.137570550664069
3188,0.04003358417515106,0.2274307699953831,0.041656166716045294,0.001496999007282062,4.935248859274891
3182,0.04081855507786249,0.10099252527440834,0.01558128125460691,0.0019411303922464837,6.222498180535665
3719,0.042085635399278065,0.2522132429336749,0.05425072430599772,0.0015008680779773432,4.720176980992237
355,0.043110843165576014,0.17472644765848647,0.008118118042186536,0.0016588822704697499,5.12255895180564
2988,0.04314433394617669,0.19040272088279517,0.009339798138015876,0.001813170992510452,4.957865994181146
946,0.04473276270664496,0.20211070411747853,0.043062495851803405,0.0016112631782514552,4.8653039597455
3511,0.0449499390367453,0.20294832031232096,0.04295499374852046,0.0016118072160907543,5.369046808964432
638,0.045593680240772386,0.14811553457012172,0.007561311506710953,0.0015672604249292322,5.714786023558547
2068,0.045739802184029524,0.15408353159447113,0.008982730400389324,0.0015317368501983025,5.638347380651451
221,0.04763413869467102,0.25378986853219954,0.055268660096634094,0.001752016046826999,4.622754392276847
274,0.04870435206943612,0.1395258754815883,0.017063772740168612,0.0016556961976840455,5.483118125701447
796,0.048842158026658956,0.16377013668021928,0.028092796927061053,0.0016893042828914544,5.2766883717810495
212,0.049911729884568524,0.22285644374654046,0.03332409453459375,0.0015805562162543288,4.815911166610446
2126,0.050998875596111395,0.21859767153427412,0.03898942125810809,0.0015469428981503706,5.244530054033561
197,0.05372810097094831,0.19319159236239797,0.007347718063138441,0.0015552071190575363,4.699169027405546
2532,0.053817464808897056,0.1918711566279293,0.0064210920770347854,0.0015314929744743295,4.755694156115148
848,0.05454846349675363,0.26710473865652445,0.06896709179896647,0.0018274330942842105,4.2486907704584755
2607,0.056652431340893136,0.23223166476828647,0.05112342120688414,0.0015627144502698375,4.810610202231105
2801,0.05743934850763757,0.2717211534232983,0.04907766922014147,0.001487612261725677,4.702035468525041
2755,0.062065042375146935,0.201848169940192,0.025196992681704118,0.0014624605680340615,5.08504881580817
2290,0.06212188592697196,0.17481100372454966,0.012560483665012405,0.001559798980158953,5.388765884043538
1879,0.06226866673935616,0.2546284421115821,0.056593293369595926,0.0016552664689647768,4.390617697405165
3761,0.06373831944325281,0.2452828092044066,0.033135678911109905,0.0014722672102781401,4.6033064210492025
1391,0.06489317353103838,0.29864197536736703,0.06188616021183569,0.0016034108963329634,4.424293588918065
2782,0.06672685049623625,0.19680576878315983,0.032888461491156686,0.0016602796321989713,4.695652660501747
3237,0.06688905187532451,0.1955014231609423,0.02341323917201397,0.0018253900367549251,4.786258417695891
3766,0.07176092706156813,0.2413128841397893,0.05259585607319898,0.0015677788236169606,4.721520295209968
3521,0.07192064788216498,0.20692832085802568,0.023661908297372886,0.0015773801378593437,5.216011974194575
1033,0.07317062592732702,0.3146522088046275,0.08315274532266279,0.0019542775854245113,4.1339973895649935
3617,0.0739311928353506,0.1850879399755092,0.034122843841145126,0.001568523303284968,5.248079257128651
3414,0.07445854126359983,0.1823247556696682,0.040465786158029544,0.0016059012850723037,5.309105433789947
1854,0.07619066133966099,0.1761553258900466,0.005410268399656303,0.0015805508469601392,5.234493263414279
3107,0.07633551223147608,0.16948293321333124,0.007605015095713915,0.0016256166274457855,5.422415358031202
168,0.07794332666562767,0.18597595621555119,0.011784856150186184,0.00143583543811267,5.002339875448644
3442,0.07831523500795051,0.18198138013512588,0.011392673452105855,0.0014463849808788595,4.973101176112781
582,0.08124721494709518,0.23854999135843072,0.06498170453516496,0.0015231367721744282,4.59555126706964
2684,0.08161431938070789,0.21331456801019436,0.03847210066293204,0.0014812362474929772,5.0725015640049556
1345,0.08291230967551777,0.32399157693139197,0.07887379685592844,0.0019261913616180548,4.039222776177764
1471,0.08790796033399378,0.21780770448836967,0.01657005397575233,0.001489322674638647,4.453783892780594
637,0.08813354559928512,0.20414226142700242,0.014008900080946627,0.0014737660112609122,4.661997946201185
95,0.09028691601208168,0.221431465642219,0.03573732067141047,0.0014461440875922938,4.975240417279997
2469,0.09091477613544495,0.22748116092320625,0.021216360846020462,0.0014621116380444236,4.954797355287753
2125,0.09354909185015545,0.3618594294376404,0.10697887104673656,0.002245220972732768,3.5513626566183487
1105,0.09902420505966542,0.21244010507555477,0.017832326259516012,0.001565402770658199,4.83681488896487
1218,0.09948783802496856,0.20638641119284634,0.018104159501606924,0.0015492520179344836,5.168119420073231
566,0.10095040157688208,0.19448914488443284,0.011381120338614697,0.0015886990189335364,4.992219287968801
3709,0.10104299248651226,0.20311058475229468,0.011765359260853524,0.0014986926419250106,4.662292458249994
3418,0.10427082382305429,0.3023460809646357,0.07569879821463037,0.0017997286525933277,4.236684536341274
501,0.10429933349560688,0.17286700205231753,0.05237047235682945,0.001656015151597123,5.521274049271838
229,0.1059718383885862,0.24787300403330895,0.10129442290723116,0.0015800866673750832,4.618360206631622
410,0.1085426198213326,0.16101237636331595,0.0037849007926458594,0.0016997443310939751,5.590598252270383
3413,0.10868622968107583,0.1637338757460027,0.004996192889615714,0.0017177601128548594,5.5706180860103025
1621,0.11320889941502603,0.241869058868796,0.03781022936720605,0.0015339161084802135,4.160754325618982
236,0.11336113381317753,0.2263021615884684,0.02680474147023318,0.0015396808363965552,4.485907298774487
881,0.11547608825100143,0.2676647304711877,0.051521033783724725,0.0017860273909939186,4.6936393597313115
3300,0.1170938764090928,0.20037582346734178,0.023849720774032655,0.001464569541487746,5.115629164136344
3783,0.11832349417233592,0.2936354154501294,0.08556461424358788,0.0016371514489140566,4.108372855997798
196,0.12619310808665427,0.20747960381736796,0.03666167007617377,0.0015621679029062122,4.922098367515673
2971,0.12658569285020874,0.21129910098999122,0.029129132857203487,0.001537171730146518,4.921412427065134
3628,0.12854173325317075,0.32353611086952855,0.08757844987810999,0.002029200611084622,3.9026101864846554
3660,0.13066301718427475,0.2019169662150705,0.005991156820764308,0.001593739800342921,4.865627062018181
2441,0.13163752369324383,0.2608582741503819,0.043459684531546076,0.001592613243039244,4.352621074129555
125,0.13890131645091405,0.17968263767845105,0.01726761796924368,0.0014302218591927263,5.383590912318108
2440,0.13901259506002403,0.16511195272466722,0.01802782279345987,0.0015228012254938578,5.756927951408985
1907,0.13993844196598595,0.18239716969692565,0.019941940439917327,0.0014491119643658733,5.063928226423162
1690,0.14011905204034653,0.1710255603088392,0.021062601730715166,0.001443183374825956,5.327614193262145
1992,0.14229838852470336,0.3583410881897585,0.10806386088502026,0.0022717937683898945,3.602535969439164
3801,0.14680523134892604,0.22225219186617473,0.014707803843162979,0.0014033135340820934,4.589265993215896
2753,0.14761809286280392,0.2499267654444871,0.032757092074406295,0.0013524441313288824,4.351998641728147
3121,0.15633752071319387,0.3486175223209014,0.1018447378562165,0.0022117114506260906,3.8070872346307194
2697,0.16003859291305053,0.16562423298187673,0.05904286261704219,0.0018219703078918566,5.8178027974062765
2439,0.16012743390674297,0.19110779491229432,0.07584996073727318,0.0017501770164414763,5.323370689760196
514,0.16145201317363855,0.21551597836753855,0.01247890789739023,0.0014515940517209126,4.649455662835829
1014,0.16202452181782073,0.22967973030395397,0.017675717984115123,0.0014346400135375557,4.567437191376336
3454,0.171194390494729,0.16502037780388068,0.009385058381751762,0.0015311919376250684,5.535198979373531
3475,0.17125860966214068,0.15844518659872914,0.006534452609692189,0.001571078219045337,5.5766889964107005
3688,0.17188237138793508,0.369835245458608,0.1250913372230738,0.0022923537987107135,3.4121947038619167
3054,0.17788799593893315,0.21467955347883988,0.015125021100793664,0.0014143668974227674,4.6032964896191775
3086,0.1781374030769967,0.2253768796739615,0.018621696971506216,0.0013931815184270943,4.510273985356893
1131,0.187057785444573,0.37989326544399704,0.12556082062281043,0.0024781236212285673,3.44117166137975
115,0.1941633689841944,0.20482089799340103,0.011212265995277143,0.001426710165039244,4.664893258151606
2978,0.1944199702501019,0.2086739962392372,0.01285421862177672,0.0014062858102255014,4.656520469531393
87,0.19837308574408008,0.15464588844287505,0.031843655544687745,0.0016739269783430913,6.275222967090474
534,0.19926420982557339,0.15034670354619253,0.03877192143477966,0.0017390552977273714,6.203756062714234
2949,0.2036324371033447,0.3730240387355079,0.13411312540535517,0.002356593285032565,3.436799051916258
635,0.212700718347595,0.1854384547291868,0.02905573982906056,0.0013983259460661713,5.070056402904576
2800,0.21309568437680396,0.18977013286725736,0.028442982912615527,0.0013983476064633475,5.023335834327876
1361,0.21999712262471272,0.38462754464523374,0.13538004940952136,0.002533865805565228,3.4030195343426715
1736,0.2290686498428361,0.17571458008333726,0.008019075888220702,0.001523013729734473,5.303280504388757
969,0.22923015786587816,0.1755982026583922,0.007699931803952395,0.0015336296900200443,5.300380420479751
3453,0.23701943828890715,0.3826132385387069,0.1365831229643618,0.002541430242196313,3.45882349545514
2289,0.25261677996925336,0.194409867673307,0.04921221981885472,0.001454379504304,5.680222103328344
2781,0.2534057207388289,0.15049434470913312,0.030565588017293265,0.0017125753407780803,6.169953742609186
3130,0.2550454955439473,0.34026242970155796,0.12014366304071764,0.002003242076210818,3.955758087616558
1931,0.2722589131381703,0.38415328735396503,0.1413637068552433,0.0026093186612421953,3.4804036030637895
463,0.2903712677599836,0.3832674578109558,0.14194836260300644,0.002609188512651469,3.4996571694931156
3550,0.3085310518340391,0.3830191731755316,0.14222903836411824,0.0026144898333179843,3.5095614907844705
258,0.32683614717056997,0.38301917317556367,0.14222903836414094,0.002614489833318619,3.509561490784198
480,0.34499593124462063,0.3832674578109554,0.14194836260300625,0.0026091885126514483,3.4996571694931076
2306,0.36310828586643346,0.3841532873539596,0.1413637068552374,0.0026093186612420488,3.480403603063806
1316,0.38032170346066035,0.3402624297012468,0.12014366304056533,0.0020032420762076085,3.9557580876200102
1047,0.381961478265778,0.15049434470912235,0.03056558801729001,0.0017125753407780959,6.169953742609371
1216,0.3827504190353521,0.19440986767294077,0.04921221981868482,0.0014543795043048013,5.680222103332626
3017,0.39834776071569494,0.38261323853868806,0.13658312296434583,0.0025414302421958605,3.4588234954552
2947,0.40613704113871907,0.1755982026583746,0.007699931803941186,0.0015336296900201373,5.300380420479913
2798,0.4062985491617616,0.17571458008330249,0.008019075888215219,0.0015230137297345238,5.303280504389349
2737,0.41537007637989165,0.38462754464521665,0.1353800494095127,0.0025338658055651005,3.4030195343428424
3529,0.42227151462780277,0.18977013286721883,0.028442982912612175,0.0013983476064633232,5.023335834328601
500,0.4226664806570093,0.18543845472920636,0.029055739829066663,0.0013983259460661303,5.0700564029042265
2345,0.4317347619012591,0.373024038735492,0.1341131254053543,0.002356593285032319,3.4367990519163163
2358,0.4361029891790296,0.15034670354619617,0.03877192143477448,0.0017390552977271957,6.203756062714116
967,0.4369941132605262,0.15464588844283847,0.03184365554468948,0.001673926978343489,6.275222967090754
780,0.44094722875450726,0.2086739962392406,0.012854218621776981,0.001406285810225516,4.65652046953129
3039,0.44120383002041114,0.20482089799338588,0.011212265995278707,0.0014267101650392465,4.664893258151846
1066,0.4483094135600367,0.3798932654439859,0.12556082062280172,0.002478123621228326,3.441171661379746
1341,0.4572297959276124,0.2253768796739818,0.01862169697151644,0.0013931815184271062,4.510273985356741
718,0.45747920306567524,0.2146795534788076,0.015125021100785573,0.0014143668974227743,4.6032964896196695
3169,0.4634848276166709,0.369835245457807,0.1250913372226747,0.0022923537987019206,3.412194703867483
3353,0.4641085893424671,0.15844518659874224,0.0065344526096975195,0.0015710782190453305,5.576688996410699
3016,0.4641728085098732,0.16502037780333603,0.009385058381471505,0.0015311919376275068,5.535198979377187
2093,0.47334267718679085,0.22967973030394656,0.017675717984113347,0.0014346400135375702,4.567437191376385
2344,0.4739151858309705,0.21551597836758546,0.012478907897385606,0.0014515940517209965,4.649455662835052
2147,0.47523976509786015,0.191107794912387,0.07584996073732676,0.0017501770164411565,5.323370689759104
1826,0.4753286060915518,0.16562423298189377,0.05904286261701677,0.0018219703078911143,5.817802797405996
988,0.4790296782914165,0.3486175223210335,0.10184473785629575,0.002211711450627234,3.8070872346293787
3286,0.4877491061417962,0.2499267654445354,0.032757092074413456,0.0013524441313289342,4.351998641727542
1958,0.4885619676556753,0.22225219186614426,0.014707803843152175,0.0014033135340821283,4.589265993216188
2257,0.49306881047990314,0.3583410881897183,0.10806386088500375,0.0022717937683892214,3.6025359694390335
2356,0.4952481469642622,0.1710255603088856,0.021062601730712647,0.0014431833748258102,5.327614193260756
2305,0.4954287570386266,0.1823971696969878,0.01994194043991321,0.0014491119643660702,5.063928226421773
1825,0.49635460394457465,0.16511195272471488,0.018027822793449142,0.0015228012254934903,5.75692795140777
1536,0.4964658825536884,0.17968263767849302,0.017267617969243684,0.0014302218591925849,5.383590912317094
2227,0.5037296753113658,0.2608582741502704,0.04345968453146245,0.001592613243038977,4.352621074130434
1065,0.504704181820329,0.20191696621512784,0.005991156820776517,0.0015937398003426874,4.865627062017272
3318,0.5068254657514352,0.32353611086943834,0.0875784498780776,0.002029200611083649,3.9026101864845133
1734,0.5087815061543954,0.2112991009900455,0.029129132857215308,0.0015371717301465794,4.921412427064144
2288,0.5091740909179464,0.2074796038174077,0.036661670076197944,0.001562167902906296,4.922098367514348
1389,0.5170437048322721,0.2936354154501891,0.08556461424362098,0.0016371514489143216,4.108372855997312
3008,0.5182733225955112,0.20037582346729166,0.023849720774020228,0.0014645695414879684,5.115629164137217
3228,0.5198911107535981,0.2676647304712441,0.051521033783751176,0.0017860273909944952,4.6936393597305495
1497,0.5220060651914205,0.22630216158836072,0.026804741470221896,0.0015396808363966443,4.485907298776264
2411,0.5221582995895817,0.2418690588690366,0.03781022936733547,0.0015339161084799717,4.1607543256164154
795,0.5266809693235264,0.1637338757460093,0.004996192889616932,0.0017177601128547913,5.570618086010234
1237,0.5268245791832743,0.16101237636331783,0.0037849007926375293,0.0016997443310938901,5.590598252270311
1875,0.5293953606160172,0.24787300403334567,0.10129442290724695,0.0015800866673750125,4.618360206631155
3296,0.5310678655089965,0.1728670020523522,0.052370472356832384,0.001656015151597038,5.521274049271716
599,0.5310963751815523,0.30234608096472215,0.07569879821464982,0.001799728652593665,4.2366845363401495
479,0.5343242065180923,0.20311058475229724,0.011765359260860142,0.001498692641925048,4.662292458250409
2332,0.534416797427727,0.1944891448843368,0.01138112033858544,0.0015886990189339053,4.9922192879708
1788,0.5358793609796385,0.20638641119280585,0.01810415950160673,0.0015492520179343492,5.168119420074123
1710,0.5363429939449441,0.21244010507548178,0.017832326259483566,0.0015654027706581521,4.8368148889662566
1929,0.5418181071544479,0.3618594294377603,0.1069788710468301,0.002245220972734086,3.5513626566169645
3037,0.5444524228691626,0.2274811609232011,0.02121636084601217,0.0014621116380444544,4.9547973552879006
1592,0.545080282992521,0.22143146564221372,0.035737320671445846,0.0014461440875922175,4.97524041728043
438,0.5472336534053241,0.20414226142700637,0.014008900080946818,0.0014737660112608454,4.661997946200897
275,0.5474592386706105,0.21780770448835324,0.016570053975735403,0.001489322674638633,4.453783892781042
3095,0.5524548893290833,0.32399157693146685,0.07887379685597119,0.0019261913616186153,4.039222776176908
3774,0.5537528796239013,0.2133145680101652,0.03847210066292094,0.0014812362474929236,5.072501564005227
3637,0.5541199840575027,0.23854999135847205,0.06498170453519517,0.0015231367721744735,4.595551267069164
2146,0.5570519639966612,0.18198138013518778,0.011392673452111927,0.0014463849808787797,4.973101176112002
579,0.5574238723389774,0.18597595621550236,0.011784856150150838,0.0014358354381125236,5.002339875448448
2016,0.5590316867731295,0.16948293321341099,0.0076050150957985615,0.0016256166274448637,5.422415358030355
2178,0.5591765376649451,0.17615532589005278,0.005410268399663415,0.0015805508469600399,5.234493263414452
1851,0.5609086577410082,0.18232475566972733,0.0404657861580561,0.001605901285072697,5.309105433790451
1314,0.5614360061692575,0.18508793997540884,0.03412284384108709,0.0015685233032851674,5.248079257129674
1012,0.5621965730772793,0.3146522088047148,0.08315274532272919,0.001954277585425426,4.133997389564165
437,0.5634465511224368,0.20692832085792653,0.02366190829731917,0.001577380137860027,5.216011974195732
337,0.5636062719430327,0.2413128841396519,0.0525958560731416,0.0015677788236168155,4.721520295211636
1762,0.5684781471292791,0.1955014231609956,0.02341323917202154,0.0018253900367545168,4.786258417695277
1359,0.5686403485083698,0.19680576878325876,0.03288846149120735,0.001660279632198069,4.695652660500723
1686,0.5704740254735684,0.2986419753674708,0.06188616021187787,0.0016034108963332886,4.424293588916892
1928,0.5716288795613464,0.24528280920446133,0.033135678911128376,0.0014722672102780718,4.603306421048472
2514,0.5730985322652494,0.2546284421122448,0.0565932933699446,0.0016552664689679247,4.390617697395717
1286,0.573245313077635,0.17481100372452324,0.012560483665011774,0.0015597989801592396,5.38876588404396
2226,0.5733021566294579,0.2018481699400788,0.025196992681633782,0.0014624605680344446,5.085048815809899
3695,0.5779278504969674,0.2717211534233034,0.0490776692201624,0.0014876122617257929,4.702035468524958
3439,0.5787147676637114,0.2322316647683296,0.05112342120690461,0.001562714450269819,4.810610202230934
3367,0.5808187355078519,0.2671047386564673,0.06896709179895148,0.0018274330942839488,4.248690770459252
847,0.581549734195714,0.1918711566279176,0.006421092077037829,0.0015314929744742964,4.755694156115345
2735,0.5816390980336593,0.19319159236238193,0.007347718063150663,0.0015552071190574773,4.699169027405849
1442,0.5843683234084976,0.21859767153428555,0.038989421258107164,0.0015469428981502043,5.244530054033383
2810,0.5854554691200361,0.22285644374655494,0.033324094534599114,0.0015805562162544932,4.815911166610155
1234,0.5865250409779498,0.16377013668013873,0.028092796927026844,0.0016893042828915346,5.276688371781708
342,0.5866628469351706,0.13952587548154308,0.017063772740143666,0.0016556961976843204,5.483118125701994
674,0.5877330603099388,0.25378986853187474,0.055268660096519026,0.0017520160468259775,4.62275439227991
2617,0.5896273968205806,0.15408353159446742,0.008982730400390864,0.0015317368501983055,5.638347380651825
3366,0.5897735187638327,0.1481155345701124,0.007561311506704793,0.001567260424929147,5.714786023558888
1535,0.5904172599678535,0.20294832031229756,0.0429549937485066,0.0016118072160908464,5.369046808965255
1709,0.5906344362979615,0.20211070411738918,0.043062495851754465,0.0016112631782517453,4.865303959746221
3134,0.5922228650584285,0.19040272088276233,0.009339798138011335,0.0018131709925102682,4.957865994182083
2497,0.5922563558390342,0.17472644765847706,0.008118118042191529,0.0016588822704697692,5.12255895180592
3255,0.5932815636053306,0.2522132429337898,0.054250724306012674,0.0015008680779775093,4.720176980990319
1990,0.5945486439267454,0.10099252527437663,0.015581281254629218,0.001941130392246294,6.222498180536303
3337,0.5953336148294538,0.2274307699955342,0.04165616671604446,0.001496999007283364,4.9352488592773955
562,0.595418009659154,0.18500088611769927,0.038915986767033686,0.0014786213199224484,5.137570550666174
2576,0.5956441148611286,0.1339389343750009,0.02242655434495816,0.0017479163425910607,6.4345136885809975
3060,0.5965330227072744,0.12334088207938713,0.0244390373665191,0.001466208852692848,5.947402359995437
336,0.5974954934628162,0.3127032711622042,0.05671872630906264,0.0016239991944576421,3.7470687314027598
1640,0.5984973531951338,0.21313521200817095,0.024590661222030356,0.0015391672560633356,4.813761114885213
1563,0.5985487921657993,0.16811309770089355,0.010743931854135861,0.0016270244380594781,5.25871571197653
2145,0.6008374094326189,0.3322804478733907,0.06084198651037163,0.0024039562794592752,3.4870443908025957
257,0.602078541460133,0.3993763967533614,0.09027083343769475,0.0022307002685200915,2.8333227401517336
1824,0.6042256874601705,0.17924596807712484,0.008478301592311225,0.0016643970481354307,5.2903277711893075
2592,0.6043179742413184,0.18532461104870443,0.009075975706478641,0.0016730598266819924,5.172517863023045
2904,0.6056596047289373,0.3290265672960052,0.05751482158915141,0.0019609016963261874,3.8294208138566868
1708,0.6059931763367584,0.1823469039328463,0.028680397625769075,0.0016073998873116545,4.693277477143829
2545,0.6062063762602576,0.20781226351488463,0.03492086584685681,0.0016648464604094866,4.593576863812177
3254,0.6076962745125551,0.3872620395192796,0.0690059656691534,0.0023766255505263804,3.0080894307536465
3554,0.6103340543162744,0.36604379973287215,0.07427085093344751,0.002101868569842736,3.752754410315894
1850,0.6125509276846546,0.4046357005483129,0.075849223971055,0.0022519137314014983,2.85714969849887
3007,0.6133810163465959,0.1882437151987883,0.023568898626557505,0.001741927356276625,4.6644388248149555
2987,0.6136347706293042,0.20388135302006594,0.021147318979962568,0.0014937025713596486,4.985602028430769
561,0.6139917051921997,0.1522298841082312,0.021298037385651426,0.0017804621593280228,5.110260020812503
1128,0.6141565162477607,0.14876887915810605,0.017336764916631168,0.0017771714687520954,5.6168367926750475
1150,0.6146051732609246,0.35869054875353457,0.07894201715497526,0.0020118715210992494,3.935437399197646
2256,0.6169529264495848,0.42619082374152295,0.11328419394905867,0.002259901718774692,2.753550348716056
3610,0.6182425036229396,0.3667698239592485,0.07654511158049623,0.002070396140943758,3.878929695067137
1388,0.6185573804094145,0.18785721055481042,0.04084329746706429,0.0016738477689256686,4.987452166047461
2780,0.6190836626295311,0.17740025358244524,0.02436801987422259,0.001463852282719296,5.253554656709429
2605,0.619702454147031,0.10871716942612555,0.009971598361891527,0.0020628365174277827,5.377668206609369
846,0.6198250035470345,0.15180781929955764,0.01058071787544112,0.001690695824352682,5.368988415448081
1260,0.6206713537929929,0.408874649009349,0.13338226962188898,0.002430082127543169,3.412375018900558
1639,0.6218890183864932,0.338348876239543,0.025020423553599198,0.002069511723189423,3.6768971459625512
1203,0.6231158884390239,0.39506075275787755,0.09372231577314008,0.002112406013445425,3.770525213548016
1202,0.6231743456380133,0.1189176921380172,0.011800065857762953,0.001859986758514783,5.2034488153292315
2977,0.6235341158319845,0.2041652473426948,0.017106731648366468,0.0017665521573991417,4.916774973455349
2591,0.6246302233282025,0.0903807858270397,0.008707238539198681,0.0019652983999125695,6.0939962075491145
1387,0.6251298257177355,0.3694020120875773,0.06483477278064623,0.00176612656127438,4.047463604883431
167,0.6256292784591613,0.2828462370176259,0.02224687369807476,0.0016531872531217024,4.118508628592203
2921,0.6258658224607218,0.2079617086427158,0.02005750418447304,0.0016042306733230873,4.953105821690471
2590,0.6264293908421529,0.35505485031350376,0.06776080297088054,0.0015854236102597727,3.1640091596021804
3829,0.626492982636099,0.16778065672157189,0.016575053788280707,0.0014799402145449277,5.559258263168642
114,0.6265749120224517,0.24988663475130124,0.017096667541444427,0.0015010231953843348,4.516287063895035
2946,0.626892151380314,0.24141519250826182,0.03746097814788045,0.0010405827263267426,4.6774193548329945
3708,0.6272963887441504,0.19832523077926323,0.019005715840766827,0.0016809928320832576,4.751999188271983
1259,0.6295040807754002,0.3850223954079246,0.05317774256320219,0.00207365146208257,3.2134578899886415
1031,0.6302197151279645,0.25962889367302855,0.01019714128240389,0.0020659235223195443,4.007899320924942
2841,0.6302594675832562,0.1955804837214469,0.0258772126007028,0.001515981818248777,5.372245133672104
2064,0.631059912780653,0.18523644639268413,0.02703478232745866,0.0015192996374974058,5.545359416640319
1957,0.632431658871147,0.38548408220795444,0.08931367198735214,0.002294795328227264,3.127883608332797
2225,0.6333129757289776,0.24614381789327638,0.0012789702293231659,0.001715770813329732,4.505094261368779
2331,0.6346983631530051,0.3190206028235705,0.07072249783424793,0.0019525664314679438,3.5869936066317765
1638,0.6351072077558435,0.2213353798490345,0.016966423428190408,0.0017104418488980185,4.598496357379053
2544,0.6363785727689105,0.27680699139298687,0.018478650044665652,0.002383907404055712,3.8631092169708205
598,0.637501738261517,0.19765390478247696,0.02215321757251347,0.0016232736199642693,4.769954267433505
3777,0.6390590652297892,0.2620623999999667,0.019611342490706764,0.001788594009572377,4.309924232994694
3438,0.6421256651439158,0.6280058276664223,0.058143286212720385,0.0058429345265495715,1.4854479397264049
2724,0.6421321229108763,0.6583618657579458,0.06504049366872551,0.006506900156336038,1.3249920025920945
1562,0.6424924211435487,0.3149787595449949,0.03979436332142679,0.00180045824368311,3.9520082276759716
3194,0.6455805466826842,0.17389813048757757,0.01589220580654855,0.0016174884488128654,5.140242716170027
3437,0.6458422625449072,0.16572061796466664,0.019612244911526817,0.0016474729523776675,5.072354523953476
323,0.6462454223218417,0.20074920240348604,0.02637207536346178,0.0016419730205550634,4.980794353692784
2809,0.6470471532474943,0.14257437207162432,0.006767039131425055,0.0018805785214917256,5.631820173703465
698,0.6479396967212218,0.24502467812064116,0.022857402061180747,0.0016017593380035782,4.625565127667918
1561,0.6520549924848243,0.2975924889814792,0.047091691012764406,0.002090353694444993,4.107964741780573
3749,0.6535222559711714,0.16280738651312354,0.014320018718542715,0.001728726450759736,5.196132304404862
2575,0.6539016518505602,0.16520291424108954,0.01020810244810167,0.001617469883403759,5.196932963381544
2920,0.6560843914008344,0.2638878278338689,0.027012682890693977,0.0019226223828850378,4.630169611326142
1313,0.6567321130213521,0.18010314814697992,0.015552935259882675,0.0014675600030069004,5.314998239022042
3412,0.6568224958522849,0.15708160487220807,0.010556729563132783,0.0014898481568050468,5.555363538586841
2121,0.6588913267981237,0.17982472879528322,0.01735160085266593,0.001595731822070186,5.1595062167637
1904,0.6600664499965907,0.1575202933534181,0.010169053864587937,0.0017704999840157719,5.555003709459614
739,0.6603686015162037,0.2654231356648228,0.01932702250321034,0.0017938831394599278,4.54759956175314
245,0.6608942462062235,0.18707569746742714,0.009573289979913052,0.0017984008765034075,5.707330983148174
560,0.6610531689724581,0.1638624516865569,0.013766566417298043,0.0016260831672498947,5.590221552442036
3605,0.6619699358989671,0.213535967758373,0.03587389084081416,0.001590466641738703,5.0918827538756455
1849,0.6624044528476939,0.18681877688910514,0.039207061972170144,0.00175025191517085,5.195064851217501
896,0.6629835055509251,0.25894557963518644,0.03835368070725389,0.001652205924331564,4.530581219394293
1989,0.6643760758739342,0.2796904694030077,0.05664935889458052,0.0019111282654823637,3.963090823039744
3445,0.6644160163531553,0.19389526476540775,0.01641600706298013,0.001793721590395197,5.398808237655454
1988,0.6650620962290881,0.0913798122986309,0.012759134425950525,0.0022109199294216937,5.6504959061613516
1590,0.665318004781904,0.2519682363402093,0.0409948651543165,0.0016261635712042618,4.821722752423709
2342,0.6671171704091213,0.07038762128693155,0.008268307091695931,0.002251932823044229,6.416499171069873
3231,0.6677330850660536,0.8293190785319762,0.2154332736238056,0.015524856504011616,0.7421088367423008
3227,0.6677352106963733,0.8308432398911955,0.21590741262399296,0.015594804537370116,0.7306640266427105
2378,0.6694403977977189,0.14514554478305322,0.021719325799252776,0.0016246257069622272,5.544082489904465
436,0.6699386510434894,0.2351887694510719,0.016481860861119448,0.001949902054234601,4.374932060114132
858,0.6701472203991071,0.1427476072182074,0.03704090094598652,0.0016749352272795845,5.49053451212412
2919,0.6751071220030466,0.2305318243666702,0.013854422719775555,0.0016729465570950106,4.704257218842844
1987,0.6781771852669484,0.41783176223962704,0.02049393673864256,0.0040441520163530765,2.2480606890795807
3622,0.6784934714355184,0.43510569048480785,0.014788460989688968,0.004667317164719581,1.8863216428507281
966,0.6794433582410039,0.25711181082659973,0.02059818635938143,0.001719122983460836,4.254205835800883
2482,0.6832684188977527,0.2500029360704441,0.035517886424912055,0.0017531714952064965,4.335564218869355
3682,0.685010155062332,0.14953920734240406,0.01362714234437418,0.0015088660055056864,5.58935536481413
2796,0.685146431057509,0.14445948694720043,0.008230832542968905,0.0015661293849472094,5.654386148742591
2616,0.6868037287205844,0.15057905829366364,0.010782157941602937,0.0016593474750124136,5.418512402876958
3798,0.6874115398928223,0.15626850249099228,0.013181940046147964,0.0017071546387587263,5.407389081911888
3381,0.6878729150778425,0.2413067482198214,0.03981133409457911,0.0017606366055087188,4.543706952305773
3716,0.6911676905047636,0.17894775381281652,0.015627952098039258,0.0016958747054577157,5.688772731276182
1589,0.691658467278527,0.19330046167160225,0.013096209931586385,0.0019230255379668498,5.59368840218797
1560,0.6940161997900696,0.23174371360319562,0.03428038208046686,0.0017896130956260026,4.885173878451776
1559,0.6947253083380768,0.16863253408011344,0.006700908292811403,0.001589634102338239,5.670453737518324
9,0.6947258344321852,0.16665935501131057,0.004260711507483593,0.0015549050625411768,5.730667664283307
1588,0.6958427627500036,0.19251806428406187,0.04258042191139363,0.0017090551343309562,5.13882969246054
3484,0.6969801365682657,0.18421768245424439,0.04055351657870785,0.0015802641018753919,4.973282594138842
1685,0.6993290574542008,0.21489902846151912,0.017636089395168846,0.001823931397619271,5.017409807126704
409,0.7012745950643728,0.22233198259329334,0.023172008994029256,0.0015980736851840453,4.77207308044882
832,0.702444950375784,0.1559569404046518,0.02541055180302137,0.0017251343093430127,5.2957764391072955
130,0.7035580370206986,0.18650513055872425,0.009965269105841834,0.0016988222771672798,5.550282264343615
397,0.7038055465687141,0.40919041621348523,0.016349882281484082,0.0031279539930035793,2.5783118848786
1707,0.7040703246337059,0.47511736178670183,0.010737740024222384,0.005053009857842363,1.8739044786404508
1985,0.7049364655687863,0.33378416438705144,0.03709960260808744,0.0019994059667791833,3.716285142713386
3730,0.7067315994552726,0.2591360400302749,0.057553876505641234,0.0018526726030611504,4.115079618057387
2604,0.7073083235486716,0.22258423896137433,0.023422867258802414,0.001820913016491827,5.743887664282042
1285,0.7099975747606811,0.15850387308905564,0.023441956975050502,0.0015628264588467085,5.412947112469555
2853,0.7102892805478809,0.1447975902910583,0.01712395634301395,0.0015724464308995772,5.55199434340852
386,0.710841360856822,0.13823575147751832,0.020964996995204235,0.0017537298034915954,5.441924633790876
425,0.7116223055188726,0.15810043302414345,0.014487000363981883,0.0016526723234811492,5.404171649344357
2840,0.7144055507781707,0.14328222059817455,0.028553515286676715,0.0017401051707714686,5.5476873153925945
2826,0.7144936481215511,0.1826118295027923,0.02052123120930639,0.001597884080111146,5.426192380936439
3293,0.7179019247866197,0.10598859930853538,0.0226240298659238,0.002029361524311602,5.504757760687952
779,0.7190634269001106,0.0898894155429795,0.003074154570091659,0.002563391826668337,6.6278467312315215
672,0.7208646935392958,0.9349590572140353,0.4022615949851321,0.02156137439595826,0.5022067796342321
3820,0.7208647472752355,0.9349976267742827,0.40228364762884855,0.021563757133681014,0.5020487561390037
3677,0.7213118206279372,0.27693972626785984,0.029423439336215333,0.0019071608639709696,3.4050121341556263
3083,0.7222583650649822,0.3380667769933633,0.029028150461770617,0.0028178526567135733,2.796782823955694
3180,0.7238796748369991,0.26252084632067924,0.029203133914465332,0.001950058069048688,3.8115568055248548
965,0.7254994074868915,0.16127003337794105,0.011183878340375817,0.0015066606185927284,5.4962566985370795
2369,0.7256010188548296,0.16334007986588556,0.0071603180529941175,0.0015506774811399058,5.522118645311398
1761,0.7263700782655622,0.19284268395639345,0.024223602365602778,0.0015101466268766666,5.24737106217053
1706,0.7275071191732904,0.1927864411249613,0.015005718192963532,0.0016263754681603477,5.390972203508898
2574,0.7305917206041377,0.2085483311513514,0.02479655264054495,0.0015972970166339589,5.0027810057988145
1926,0.7309372141257402,0.15276656201239697,0.005407242637090386,0.0016663064034467916,5.54923315469094
288,0.7310113064839514,0.1608569832353937,0.008353210750305479,0.0016473522944033796,5.510906929989336
1618,0.7314583656978213,0.16455672908918215,0.03202748364767889,0.0016945082940527155,5.511045937065926
1030,0.7321341998130521,0.15876725957057541,0.03210189133706181,0.001739621995590222,5.602222857081523
1420,0.7341728397400402,0.22388317526844276,0.03561492886414053,0.0017256602358607358,4.7336562358172305
609,0.7407392309538298,0.5400399181093403,0.04323212143971062,0.005398246459872601,1.6966751362693677
1533,0.7407949724097382,0.57984448476773,0.044704134132159255,0.0066806114579012095,1.342962515357729
2795,0.7412117200419938,0.26265371538003557,0.03367872521675323,0.00178852812298109,4.244010433152666
3639,0.7455446259809931,0.21131467094826478,0.030669395724722756,0.0018308743364708925,5.180749805548444
3006,0.74814263343192,0.2380559403849798,0.01748899789709773,0.0013803399499583498,4.594051102233129
1705,0.7486699824549169,0.28682020048456175,0.008478632527563293,0.001858220500216177,3.669034491144872
1760,0.7487008946137904,0.3823392797820855,0.00626802374951888,0.003273426491944007,2.427384159980706
879,0.7490883308967523,0.13463308115579709,0.019166082169978275,0.001869997105857383,5.67904070812823
653,0.7495715618386605,0.21219624225778938,0.014654192133699433,0.001592766564761348,5.023085463829464
446,0.7522798472290436,0.19121978928509287,0.02084808335313813,0.0015482463623384176,5.380118372017833
1984,0.752863333301999,0.1731393193555658,0.010154354886443947,0.0016585651965302882,5.502154729147309
1312,0.7536834754211378,0.16671552384323945,0.021752893152781266,0.0014796931670412762,5.39968856470974
2410,0.7539357981861644,0.17509092715959224,0.03358038912915684,0.001564920201356239,5.418059038534079
964,0.7551301827781102,0.1958532102654073,0.009235195088827341,0.0019949818842404064,5.6243378610135855
2456,0.7568574633376407,0.23242906965785154,0.03807828942744038,0.0018777784805457099,4.8324363454099695
2303,0.7593136842970252,0.23821944054315888,0.04601265280664142,0.0019021869670670403,4.099447421871226
794,0.759390049417936,0.19627795213519833,0.022320835426587533,0.001710123538525294,5.8123283793275835
2543,0.7621126724240206,0.1367775618308996,0.030103415529608983,0.0019521678532726271,5.544062079231221
3638,0.7628927524797958,0.14448482266641904,0.014170527824644247,0.001733111062879102,5.481025770374552
1956,0.7647061245962806,0.17461436223471513,0.010247132877168611,0.0014490031579091059,5.56257110414666
3309,0.7647743429886616,0.16954981342277645,0.0039053782449090346,0.0015721358165079558,5.7075360047791905
1043,0.7653318938097121,0.17388165651079163,0.03415732032614889,0.0014055217144441738,5.210690790550233
2897,0.7659894326887359,0.16852772697271612,0.050108661118370375,0.0016832695143553364,5.2708655579064265
3444,0.7718390231343971,0.1626236772916781,0.03014183393878381,0.001807300564186105,5.3041596887961235
2354,0.7722581316350424,0.11428090428661125,0.020845851261209185,0.0021923362765304696,5.750372163772519
2013,0.7739143360834664,0.1958171376723632,0.014170825106353915,0.0016022508517452951,5.332141338520068
987,0.7746026349199739,0.18375750241453465,0.022573163292242304,0.0017044891095953738,5.538448116163913
3217,0.7764255921861638,0.16525697120194,0.024684269132162272,0.0018315872666755857,5.151594753056466
2723,0.7772066577957062,0.14268424685919498,0.02629530177778398,0.0018549470601048619,5.322976828176456
2669,0.7776342401369738,0.13981406962735454,0.012616632503341304,0.0019420391564522925,5.8576304404210235
3539,0.7780032318970356,0.13340062218323517,0.015039908417155478,0.002084438574609958,6.002768844370607
3601,0.7787797757549701,0.2901688538471219,0.016920321424849918,0.0019966212727704513,3.4353752173576755
3782,0.7801326513027759,0.28491817033587497,0.030056226876956672,0.0016893270892113555,3.6040270445236224
3538,0.7826007345057121,0.43141478061381033,0.005865413835965257,0.0034008246506087346,2.1010030694889767
2752,0.7828620504984142,0.41982124270900234,0.011446018553264811,0.003128156886024534,2.2097491633876762
3148,0.7885328832874756,0.224094354299965,0.02596308071731804,0.002341571097957854,4.254422137845407
2287,0.7923968502171008,0.5810762846265758,0.10112950525356126,0.00542934710925056,1.9447809071711402
3722,0.7924076159031291,0.6167610523278566,0.11048798401124828,0.006361176303597602,1.6120745081660224
3052,0.7924907840082308,0.22599137717583812,0.030442932664736345,0.001602671874254843,5.2011759106259525
2573,0.7924981154162551,0.26462612617275094,0.030211742894666375,0.0015761918223305867,4.870782556312381
3129,0.7943960683185719,0.1798645219299287,0.022770745150053357,0.0014636090918475,5.352575046253913
2556,0.7946753099190379,0.17790700354534023,0.020559686005182962,0.0015037976821231772,5.414672952347885
3553,0.7964357863301542,0.17119084478932195,0.022496393152150646,0.0013710552352248523,5.323097164586222
2945,0.796898691145079,0.16384829275820417,0.016206114929544622,0.0015254747289899161,5.5378670113351545
1983,0.7978574079048686,0.15984277239098363,0.019850404328184176,0.0015998977822093557,5.436104597200219
1385,0.7987542095917497,0.1836127325267269,0.03337247772377562,0.0015614670751467634,5.058782872055296
256,0.8020891711809698,0.17773930477246058,0.014648424973990614,0.0013812659949328377,5.322975884787779
2320,0.8021619182613007,0.18452700487286783,0.02331535338532071,0.0013779075292390994,5.238257253462354
2695,0.8046888980816601,0.23225813510880086,0.009286967628724524,0.001524576294259591,4.615276971825024
3226,0.8052009335121056,0.18690517476783175,0.032258051030542446,0.0019160002780877641,5.35860570277784
2969,0.8078587121360515,0.2396388875546429,0.02086367254866242,0.001594108835759961,4.649784500440048
3051,0.8095867848610634,0.2983323107092749,0.02663366716117987,0.0017044731828001023,3.5616287491743432
2176,0.8111739503534365,0.22876844509747787,0.012457570353233575,0.001735721604641905,4.475427313734576
3230,0.8146278392247721,0.1641766516447603,0.018145256692548403,0.0020134416324402208,5.800440255686563
3765,0.814830754426784,0.19992922685258702,0.0373497406786408,0.0018054860826320967,5.243105310941007
2603,0.8149167205515285,0.17554379129290512,0.023018313528485844,0.001458109627420787,5.266180254384189
3651,0.8174997928521395,0.17359360003972496,0.014073696722510177,0.0016321758063635975,5.821006840658539
1466,0.818317146507892,0.1740573255066488,0.019151272365313953,0.0017562969727900311,5.472865946632126
3225,0.8196944523031202,0.18128297846123742,0.023292601436830998,0.0015472073847067021,5.349562102782167
2449,0.820861468595992,0.18672386903321336,0.023379559679676486,0.001581100350912715,5.294573992749894
963,0.8241639753087208,0.17383954468737758,0.021088856259409174,0.0013992569563024476,5.298431634544839
1011,0.8250658967551827,0.19925176826455437,0.029040595175781427,0.0015322269524572973,4.986784469201642
1,0.8256417788937408,0.9405213084477472,0.5178825278327442,0.028056608894183287,0.3985806880539669
4,0.8256417808018762,0.9405269673777656,0.5179007418974072,0.028057247682940614,0.39856845385505535
3208,0.8256984850133247,0.4631628281825478,0.020340067303525496,0.0035514073601327564,2.041768464131948
1284,0.825734568606282,0.4297347256447523,0.02336211664716823,0.00297832486485678,2.4248162457859395
3461,0.8270531707606215,0.20085871657860863,0.017646006452264686,0.0015285872280173102,4.835567182985917
1100,0.8283325523404623,0.20973468089892477,0.0339396532954441,0.0018765528072895168,4.690705348619474
962,0.8287014531858609,0.19661813460458516,0.027355647877618648,0.0016245603213604493,4.9354416659840155
3557,0.8344537613072943,0.1928023165304397,0.02538508356289308,0.0014890357947053262,5.0689169873792865
2931,0.8356011870113841,0.18971986127615303,0.025787806317174422,0.001395579490431391,5.134909603131941
1587,0.8360254288689034,0.1748542958581898,0.018816171446524376,0.001490515146035234,5.4382120455358365
315,0.836046888433332,0.14317645166335619,0.03563820148422092,0.0018949361678923516,5.4284646048264396
3436,0.8372029510717957,0.1691449372050721,0.013425123966408327,0.0014763935822714703,5.472583320944873
2589,0.8372639443712527,0.17769352610060324,0.018425216317443895,0.0013729402071113752,5.355664953309985
1684,0.8392700175688903,0.1506701815254453,0.023545732490740424,0.0017741116621580375,5.478059625995856
1635,0.8404285132195027,0.17811603174810564,0.017864831504689208,0.001599303388799829,5.468493767862784
2175,0.8409788752238045,0.11675299025539862,0.006465181047706458,0.002142214124224741,6.535798012426665
1384,0.8409899837063164,0.19759791644789268,0.02117427964377247,0.00150675002470592,4.968451350240361
1759,0.8451956019335061,0.3243368802579618,0.022701990683919957,0.0018672950695794333,3.280560817663325
1493,0.8452993954292891,0.3207632208820714,0.010864003696403338,0.0019362525930464417,3.3084810015412565
697,0.8468250894021665,0.18791499110828302,0.020980583080100215,0.0015287066561571042,5.029756050439656
44,0.848099639722044,0.2084754551770316,0.026030477274359472,0.001453447334015102,4.777405112514216
917,0.8513858184683992,0.23746495216074856,0.02120684678898645,0.0015831322869403674,4.6055172455844975
1758,0.8555245464797262,0.21457785255817188,0.03352306499053409,0.0015925043306022025,4.594997398750216
477,0.8564059002941866,0.23267921998932473,0.013067628467667227,0.0021674636484623117,4.566008822536515
1823,0.8581975179456083,0.19745430140087633,0.022951728643843386,0.0015738653164693239,5.17931793730676
2572,0.8596885632325347,0.19785880507289544,0.020516841115155598,0.0016205649075562393,5.2114929976535365
2883,0.8647618421469584,0.6823964874720831,0.16868905334831208,0.007759276533604334,1.1755757035750103
3649,0.8647644385697543,0.6869205206638536,0.16984293259547303,0.007888739489492988,1.1386000637790543
578,0.865117053759058,0.19009874719134265,0.02074484644066226,0.0013896246046146523,5.205035868179213
1872,0.8653512356723767,0.18036718568188415,0.025426058387366574,0.0014532871810845772,5.2762670047939775
2658,0.8679374912892925,0.18177534771954187,0.020850504824996757,0.0015514273685883692,5.23261137991305
2012,0.8679564706937688,0.17715949880395954,0.024514865712203005,0.0015374221701556145,5.290629754729791
3796,0.8689962015885266,0.17461804837313444,0.017550894039174616,0.0013702072644788759,5.331003824482618
2930,0.8690556203174485,0.18462931491195925,0.024251611845870373,0.0013991821147811257,5.201089194844224
831,0.8703292726001985,0.17163452132333518,0.01658280663220815,0.0017663936006178092,5.602813718466484
2694,0.8705745545018864,0.19389857780865088,0.03324061477434086,0.0017715178546123533,5.09995708774587
1903,0.8746610162708451,0.17501778121327008,0.012870076468271725,0.0013861951293473612,5.378130180854768
1232,0.8746878978557255,0.17761803954580735,0.015392848349789795,0.0013685584481086695,5.335663182675227
1616,0.877110096499506,0.2180456072450509,0.02805077042022772,0.001653875643453695,4.992605042332513
2825,0.8776375693701212,0.1621581441154861,0.025014151737461247,0.0019505654289259137,5.53491755814165
191,0.8791927189629232,0.49291353257985115,0.0607584334057995,0.003707750680373053,1.99726311167362
146,0.8791984149970936,0.4670764053262139,0.055974989448451105,0.003220739099887076,2.362867860882531
1231,0.8796968827836853,0.21237746215009445,0.009444676306915983,0.0018685772697032545,5.115671507833201
961,0.8802352653831194,0.18722271228021203,0.015167370497325354,0.001592560039591401,5.605622972135757
1010,0.8818906777451115,0.18100585047354067,0.030752531973385667,0.0016166973368884315,5.230804893270124
2174,0.8864367115657147,0.20782813158879965,0.021962460235318185,0.0014704087079522852,4.886893117483826
3193,0.8866347741783116,0.35465920862051725,0.014140059740779044,0.002066701087060525,3.0479446246801607
1492,0.8874724927487488,0.33875444922850895,0.015213005593439084,0.0019381924199607912,3.203730779331747
224,0.8878784198257639,0.19774231496425254,0.025994956220695965,0.0015734966578517054,4.999499853476864
445,0.8887758370328966,0.1933850414219205,0.019466350811170915,0.0014444196576823521,5.095606837384597
2173,0.8922267771867031,0.2092956064904093,0.023182631999526568,0.0015223975024106747,4.87233220734915
916,0.8941370137879229,0.2404783884928624,0.04271329396524681,0.0015669330327242811,4.329127717944022
2062,0.8958162358610683,0.15919818533687913,0.02944150826922808,0.0018271428383212927,5.425287188858742
2996,0.8963544160641187,0.17292491974694085,0.014908097161162393,0.0017162737664133893,5.385669567695487
652,0.8969203238933497,0.24025125355705185,0.018375763430972157,0.0019559650888405023,4.521358918331062
3520,0.8986733625381629,0.1687755879690348,0.024971145575488636,0.0017421153694705566,5.420777004195564
2466,0.898738082725538,0.23287437361372965,0.03362182554754151,0.0016192307881887072,4.456159907516229
1148,0.9038393315006571,0.14642245341200907,0.009120789074068963,0.001921602368664479,5.797810784760005
3375,0.9043713554370705,0.19436937180225766,0.034010290511140184,0.001634285746637891,5.097434925631686
830,0.9069882150809456,0.14266238404595155,0.017773539327376246,0.001581581738639873,6.030130302384348
3756,0.9079555467626347,0.23036750006239937,0.026546820849970697,0.0016089577919736356,4.5124920759686145
3828,0.9083288521214312,0.19097498113943218,0.02031054897701507,0.001450358487770585,4.999499490664232
3216,0.9086003475461361,0.18072312500434767,0.021436997393734447,0.0013707930797494747,5.270715554105597
3842,0.9102379361142436,0.17876357657941702,0.02030925135021058,0.0015657177592490422,5.3948364017936115
2318,0.9102461486288916,0.19470556496502406,0.027866718652386376,0.0015285635724961912,5.081668343995338
3192,0.9108810396906597,0.17325631432735303,0.015887018371037707,0.0013912391861705714,5.384349120585512
1311,0.9109342793408969,0.17208975459545028,0.011126246740971473,0.0015090184976677048,5.415541456961618
3082,0.9192584872268751,0.18337561956698806,0.022152007313934973,0.0014804708096508503,5.197969112736006
3600,0.919282734832544,0.1792468237792112,0.023090481039838764,0.0014773346698689106,5.329296442249301
1634,0.9208484209897817,0.23651119665992149,0.008393108144183311,0.0019159171610123483,4.677774184748202
2929,0.9230755429170299,0.22143613592840616,0.03875728628092474,0.0015184863738469678,4.945622151199892
3584,0.9277276934521665,0.22528712460690514,0.024468137762106833,0.0015039195052560786,4.635013826511105
1615,0.9281607502746717,0.1824052098039376,0.02464202689280112,0.0015762593058538882,5.2893489170267785
1256,0.9302193287870001,0.2542061570814877,0.023933383767824272,0.0016688499408986654,4.297842058757975
2119,0.9314871186191845,0.22187603326410774,0.02732805187725463,0.0014989383266257193,4.7909703580057625
1871,0.932584351746487,0.27970624505640873,0.013716738470646523,0.0020513935554895223,4.150030268920913
3283,0.9338983688270147,0.35036385657981745,0.0294198741705682,0.0021058152892007883,3.1330002585283134
3147,0.9350300450723537,0.30917084824361074,0.03358788311702014,0.001735230928107069,3.6575100034392003
2852,0.9374842115980278,0.15664783827322637,0.02090962026281961,0.0020093185086721404,5.573216574051562
2807,0.9375756949522714,0.19795523711329485,0.02056559404432431,0.0014139699469994996,5.025413029626174
3388,0.9390064518497628,0.1976890424983944,0.0287750463857907,0.001522843478942186,4.975513975008418
1731,0.9401214506328817,0.16766119231809554,0.015702971463081087,0.001964701053792202,5.6679429309990965
1339,0.9405923106154359,0.17969549173914628,0.016271544610107273,0.001516961705670179,5.374504222999189
475,0.9408505056105936,0.2759527063390641,0.03167627178316444,0.0015685791870600528,4.263634168177252
3179,0.9415542992914772,0.4466143545198392,0.07952740523308163,0.0030304875255648517,2.389814524023321
1417,0.9415737373774321,0.3446497240964118,0.053356196492879336,0.0018881783303465814,3.537363028155219
3771,0.943053003981314,0.19362568983584685,0.02673298032500478,0.0013549082876271239,5.080326997011477
2915,0.9444042421875875,0.22628469130778062,0.04160386403284486,0.001412189568476,4.686291759875024
3710,0.9446935379345504,0.14316576992475996,0.0026838975444367663,0.0022384941021373153,6.565226670589067
2510,0.9458256317615853,0.20708405952463602,0.04060586277343483,0.0018133112951494972,4.452733393473185
2246,0.9485133266839544,0.23588962720733275,0.013153861723230777,0.0016451647180408136,4.490784016107492
2722,0.9488853570818548,0.17608107132079062,0.019710634718264765,0.001358500780051591,5.325784410559374
1008,0.9491580849859418,0.20730360884335874,0.032302668788597146,0.0014340077562173667,4.894667312541543
2496,0.9539882158787227,0.21065209503954976,0.014611251678089892,0.0014050028158830938,4.946786728054395
2680,0.954077507650928,0.18609131066253667,0.03080935649875869,0.0015567360523951797,5.280338833626623
132,0.9569228601361118,0.5702087720593736,0.12591158327961915,0.0058614319329603455,1.581536359230762
3632,0.9569434444374385,0.57151409061104,0.12630760731703491,0.005893904105983253,1.5720729986786866
2437,0.9596298722959962,0.22159274384783947,0.02760539474316925,0.001558529398033483,4.978420457561755
3583,0.9604789132943624,0.18823451332685304,0.019368521423813467,0.0015035192189401488,5.100040852236555
3428,0.9616125788161667,0.19749644617950904,0.027292730983506246,0.0014631069860953614,5.0253671712422285
3559,0.9619083746292864,0.23976499615151228,0.0061749709414594635,0.0015526199536763713,4.708865240270146
915,0.9648770434653691,0.2145691833126406,0.02312330740941741,0.0016036981685542662,4.967811954024262
1870,0.9660315579338342,0.21910819870097553,0.04695685832556501,0.00158300713417976,4.932183248457686
1201,0.9679044767485322,0.16379185611698538,0.02701934389244832,0.0017885268332534117,5.418740596434279
2509,0.969184164953578,0.18421522559290798,0.026626660200543332,0.0015026109710356758,5.273242713830141
3244,0.9695437914372229,0.18845389048970151,0.02678384390057055,0.0014703072214954553,5.045101094126941
1441,0.9720185146763549,0.14864442235048814,0.0309979907748964,0.0019066236664189715,5.581413107966425
2061,0.972694858746607,0.2365401750846752,0.04332634808461873,0.0015951235634541325,4.540235120404275
596,0.9735518711371675,0.25013769060346597,0.01235521980036576,0.0019173179314444502,4.412477683632308
1531,0.9740267436216886,0.13873040246672125,0.007466810965055767,0.0020711767606684294,6.490105404732208
378,0.9776529170660335,0.2704153345753584,0.026709488709717587,0.0016688594960690363,4.1600380512229185
694,0.9790042713298839,0.308390823061553,0.03398543317738339,0.0016892585165264188,4.016566078079263
1821,0.9802130992285791,0.21367849273642348,0.041127014079826475,0.0015562249103317132,4.465215180719872
1782,0.9820897023758648,0.17448689108029888,0.012482824829443302,0.0015143689008924822,5.3858277564284105
1440,0.9822860376961696,0.16926120243881015,0.012172777907403051,0.0016023394258093363,5.506972427119683
1923,0.9827521990309203,0.238071449986337,0.033620549267257036,0.001707523546611902,4.341441392469839
3308,0.9836816291126642,0.18800779787530408,0.018802201169862056,0.0015112897615055024,5.068313329796746
272,0.9847946711617215,0.18190910272922906,0.0133768819684047,0.0014808251033785775,5.2938820558432775
2679,0.9861567531982913,0.19466555518307263,0.036858756987980155,0.0013794387688358658,4.820192326094841
776,0.9879387420218022,0.2209808600225159,0.0532677000306577,0.0015513681880138623,4.560975585691876
3336,0.9899798748005298,0.26990163350550733,0.020220762916912247,0.001897200255599241,4.1596118892117495
2839,0.993066514240512,0.5544328380241335,0.15368460653770213,0.005957763418586337,2.3078029513257117
3826,0.9934475778640057,0.6179943573606339,0.17318704083792646,0.007059035394595629,1.6685681298715325
2245,0.993875900573554,0.21325300470738162,0.023514441446857152,0.0013936278288926565,5.049595506682809
577,0.9941183553509518,0.2333677513115613,0.04204654688145698,0.0014693611172685568,4.522614718292701
3317,0.9948666043427842,0.31028856103040603,0.039047654419863714,0.0019539333864571308,3.9747113446252307
3335,0.9949805220489382,0.2346895432786581,0.036938079689266184,0.0014928582447089073,5.00245500047116
1902,0.9959073118623555,0.29307206235547306,0.0339802456941729,0.001717111426019888,4.4750248431449915
1756,0.9968797618469546,0.2343883069170106,0.03974722177536635,0.0014589225459327429,4.8802520539773795
472,1.0004103961418027,0.2918698285203257,0.04556051214110198,0.0016590324295841404,4.123689835362472
2824,1.0012267448460628,0.21204591678652138,0.031164262192773323,0.0015440401786889848,4.978677519061375
680,1.0032551422275617,0.2358564341208726,0.015540388076362393,0.001395701608066005,4.591239451342217
1703,1.0064003413492917,0.1969193738000241,0.05437437698550889,0.001552761111373652,4.622198327868512
2171,1.0065201039281044,0.3410933687444624,0.056928745374463546,0.002069648560975815,4.843298568346012
693,1.0089094373654008,0.15223195671139828,0.015431504931459826,0.0018497864037451796,5.613999557721389
1382,1.009504003923894,0.18055491577496174,0.031491170438480216,0.0015253381071064602,5.200500241066556
265,1.009854472367492,0.21651074122844505,0.045262998398294965,0.0015352388494605405,4.974444165484991
2721,1.0100047504383802,0.23107707649856432,0.021095701374002872,0.0014612031128821198,4.666201908931399
1556,1.01173162522274,0.13722486004527987,0.012514773426422224,0.0020645917548082235,6.358462935058608
2767,1.0119274099252145,0.1865530754647517,0.02565911938528084,0.0015003733061770437,5.173223989434719
960,1.014750499430456,0.2902396122435723,0.06284132282649584,0.0015465601914384265,4.147975719530942
530,1.0164044314466607,0.19391925979534463,0.00884978488735752,0.001475729256675595,5.257711829344289
3093,1.0164633672418217,0.18573306699208258,0.017723414086766018,0.001466402788167188,5.28274881100381
181,1.0174621282368876,0.34652007215057845,0.07300828668699325,0.002057460586527382,3.485553046244604
2968,1.0198261197683325,0.25370888556730664,0.012174806428475394,0.0017293549119229137,4.542538588642569
1683,1.0201978450296452,0.26800261970942013,0.03974131596645422,0.0017649666398629926,4.206559571111544
942,1.020420618034364,0.25661904723769,0.027601031375719527,0.0014566337572053994,4.683013417275687
69,1.0226840413617462,0.19854353883842757,0.030175303859909484,0.0013819406536746712,5.035550075755786
754,1.0232508070891386,0.24660703899186975,0.03511188553273546,0.001429585670833568,4.806183978255046
2508,1.025138935439824,0.2759650066901195,0.06313135917018937,0.0019062616033261278,3.7130932087940485
679,1.0254740891662792,0.21774334544036317,0.04599636186710587,0.0015375865399438048,5.016186001924818
2010,1.025715813835445,0.29229162302998146,0.07155147364454949,0.001771887466203766,4.109692340354818
2693,1.0288621647699139,0.18023623859178586,0.03193156786397579,0.0016319713908758986,5.3493875527980945
1125,1.0303202753032625,0.2491429430094043,0.017210258522051415,0.0018092116824815975,4.349535904871308
3443,1.033473647884068,0.21123851257903925,0.039957956878155114,0.001490196210652708,5.046558470788206
3668,1.0359058809035562,0.20355784819821632,0.027817385591476014,0.0013694222626734133,4.863109673166832
1847,1.0360380269471265,0.18425670605852623,0.037040995896624726,0.001468611883174846,5.128118859593366
2009,1.0379413447400843,0.22249380415449363,0.0591216958022244,0.0015546610742759172,4.584494730767502
3352,1.0379431266597376,0.3103336102780965,0.034828618358705696,0.0015007458212060775,4.326545298957747
3292,1.0398587771193266,0.2668478648662055,0.047801764193522535,0.0017406612474315645,4.820836574207551
3473,1.0412907887284326,0.3314820286163844,0.0646200434726832,0.0019618099537479323,3.791726169657645
2766,1.0425536782601388,0.14069571527635916,0.007338926393389487,0.002006200913385384,6.504787276541347
1099,1.0441340472671004,0.21593611611235852,0.04679287776004982,0.0015917652561507544,4.6966223978486505
3681,1.044460906592283,0.22723515641221087,0.03944062076199112,0.0013317168768222374,4.806738677406683
512,1.045245580159224,0.29980495953204134,0.05667390450667726,0.0016039010429738897,4.374763682419288
877,1.0478632766649807,0.2814984644075867,0.04877827395388342,0.0015032195814648848,4.150248289907747
1080,1.0492649277550017,0.3287284894425212,0.03850606917131421,0.0016248353333090178,3.8693763179169713
3306,1.0508929053880958,0.2684297414323049,0.02294263197215805,0.0014842976940112713,4.145882590413399
714,1.0540649477304644,0.3368075984364436,0.07322611892911494,0.0016085974446854103,3.8223010129316384
1337,1.0543947950772476,0.20722298084485946,0.026646390078547945,0.0015019266979698104,4.979116685975307
2038,1.0564360792316478,0.1799238264568963,0.012826753019331755,0.0014956480287293705,5.320414931145908
3191,1.0572487271021793,0.21040453983974253,0.026571759400199135,0.0013486923308445983,4.892633251198853
3202,1.0592022955578586,0.27451012029446586,0.05743586121600899,0.0017095379586290194,4.03497717840084
2571,1.0600712866720443,0.17418808259926385,0.00908365777675486,0.0014654716858327158,5.418937294797989
2588,1.0601723592489352,0.19615885677784428,0.00948467181869148,0.0014694329153395272,5.179400213952577
1176,1.0615224144684434,0.2911350897613454,0.059908550173161164,0.0016329482953813571,3.9558148072321098
2208,1.0617383766908732,0.2958292399293404,0.0684492143323572,0.0015691177059038515,3.9707203898799683
2426,1.0659909861572643,0.22479098080366952,0.03481230444869003,0.0014082625240303863,4.912616034866066
959,1.0660876286746956,0.2127368110647142,0.025262496743586903,0.001413598574382012,5.086825896166142
1730,1.0691743842188053,0.29937995537041456,0.062302773400965905,0.0018310581710517476,4.553799247819882
489,1.0701796991957946,0.16152874766440412,0.02619222310154236,0.0017126225132710442,5.470595200351539
2264,1.070582847463298,0.3426711565853984,0.06687951045384699,0.0018319575394220053,3.5970434186777065
1255,1.0712401162517184,0.20295463431023497,0.03030027766027731,0.0015251721194875843,4.973508621599569
384,1.0763966451941496,0.20221095643681103,0.03533875091630556,0.001547548382973663,4.939352541550077
2286,1.0784526656558737,0.19686923340443008,0.04245046875205839,0.0015422510909269191,4.751705474005282
2823,1.0790274569420033,0.14476756085957093,0.0037635120413239674,0.0022828080670344187,6.453564185880288
2838,1.0793079035010953,0.2669699772200301,0.012288047550827557,0.0017613826789468225,4.551027248657079
297,1.0828952569907258,0.22300698704411448,0.04365212253809976,0.001588208992004812,4.382114838038952
812,1.084158122405199,0.31802269504956543,0.07254992492116863,0.0017545476852921635,3.5207155683114038
341,1.0864744406978375,0.19290978570477604,0.024602995615983052,0.0014844355550122908,5.131593142249567
3667,1.0866246814074478,0.2170665295781366,0.026282453761881576,0.0014134956840290494,4.670511387094677
2615,1.0874365943969542,0.19364595444318972,0.02728368967620953,0.0014862047448388018,5.231499699186539
2007,1.0895218605980264,0.36676163946098783,0.07792958009583455,0.0017080193228764615,3.996817210893684
3647,1.0902298693684456,0.2536648001222188,0.01702962639151359,0.00162869801535364,4.377515753966607
1664,1.0907913250496963,0.24314907007788894,0.026620521343424904,0.0014799209686903651,4.570058648484502
1555,1.0929326740386418,0.21096556644179898,0.034301110882739815,0.00134716025208395,5.067247217234651
3187,1.093977680231121,0.2904077180379291,0.048004479876176204,0.0015055599887868775,4.201844701090929
1006,1.0967391398166302,0.24513941533616287,0.04869547307915599,0.0015628672591156156,4.743528026990315
1439,1.09675142775518,0.3217993497502384,0.07743874010155244,0.001798510123146764,3.756158778728388
3146,1.0989089676231376,0.1825687996437547,0.028029542705804277,0.0013640905673078718,5.326262235272912
1554,1.0993189678218067,0.1756678581543626,0.029861052000240498,0.0016045831117742209,5.3097394814772185
1982,1.1012383152341423,0.1901177283740607,0.0224261868016627,0.0016541564277436603,5.384284021723227
2224,1.1038816167823535,0.3994299900623861,0.08039314329113224,0.0018093658479143208,3.4664039691454254
120,1.10618750231717,0.26506901788090176,0.0548261039035745,0.0015419864786055284,4.053330419168963
1283,1.1072410290261858,0.19107851920520075,0.022505568795847898,0.001414037076790166,5.008319197618794
1663,1.1084503721366246,0.16721154198506183,0.015563735382042058,0.001717214448794749,5.638189873169529
1254,1.1100245600666112,0.25917533234571877,0.04472396351713559,0.0014918448469875042,4.788258417593916
3003,1.1112336211013574,0.19724695088461985,0.023848962147219148,0.0015391134202887955,5.3594843948569935
2479,1.1128000407691552,0.2629951570674388,0.05138585630330063,0.0013411119154651211,4.331021576446674
394,1.113760037474876,0.27952398070144857,0.030871837623588912,0.0014459392989240934,4.066127395511705
1614,1.1165274778065362,0.27940353506131743,0.04565872352577456,0.0015342294231080122,3.88575380457146
2822,1.118330833531419,0.23592179403053193,0.045438069897069104,0.001435910148628793,5.122839642574027
753,1.1183405056165365,0.2289589368717651,0.031632934776104106,0.001420766422920953,4.802514706103345
68,1.1200097749258247,0.2521471405724307,0.016938395877279463,0.0016964917240267353,4.337283560523254
1900,1.1211064760385576,0.26444120358292533,0.07042404888341348,0.0016477851598933131,4.705432929468671
2115,1.1230650203612305,0.35172982924903706,0.0632806029359203,0.001807349821669635,3.4356379440322162
461,1.1285436817948227,0.1782628996413569,0.03136061388735811,0.001530315739468049,5.275288472916888
1062,1.12938476291894,0.18030475603052912,0.01667076144379801,0.001520837570733984,5.241337843648571
2851,1.1313222144072181,0.21139373953521495,0.03563028701368233,0.001400279348973087,4.8817392607489545
511,1.1318517221077335,0.24454013705173203,0.03288025074328622,0.0015497488956967781,4.46097627004076
1920,1.1339045651676922,0.2235347683506412,0.027852704101366976,0.001420917883058609,4.688634945582534
2967,1.135104718054589,0.1939601589464709,0.013768613330959302,0.001468607028008204,5.319562923631742
2253,1.1367355754383552,0.2263273774068023,0.03346599407343298,0.0013252263033357175,4.594890751148487
2285,1.1387026424513123,0.24293453290801106,0.050383988475782404,0.0014501292242257394,4.508233165504644
1530,1.1395692258875547,0.2296466997107829,0.024010706323011444,0.0015469554819697513,4.96708033516353
2628,1.1416296863762505,0.17674563045735311,0.012218939855862199,0.0016476129661656036,5.478537627397596
558,1.1419702888617003,0.21541146974685527,0.03902915261688328,0.0014419830628135614,4.857033467153935
2495,1.1447825790307145,0.2496458497351626,0.021044239723125586,0.0014687147599953753,4.778775212089757
3757,1.1458166013015711,0.31380212368329397,0.0810431527205132,0.0020160408214107113,4.373745893152386
3326,1.146627872829594,0.24885752600674516,0.046305597412227575,0.0014042364416880448,4.1692495429952725
2821,1.1474047845389648,0.159645523356217,0.01535434458163753,0.0019959113915877878,6.241138660879601
1843,1.1487731865350104,0.294652935163559,0.051755184440877504,0.0015238836226811492,4.2078244577526664
631,1.151106409219374,0.33209923315931944,0.04730587140958695,0.0018713417186773948,3.704791437724574
1357,1.1537410298773547,0.28682579057353874,0.050941345372025305,0.0015679863389662602,3.9574056460334033
2206,1.1551953343470582,0.34103097392091364,0.08373069625735807,0.001912942708103293,3.3521232471633464
1981,1.159668634421538,0.23707101502308042,0.040150269608190424,0.0014150132126701312,4.571915419806216
422,1.1604611269105185,0.17846148666861694,0.022720971704687058,0.0014714823814209043,5.224841603821169
1079,1.1610313785824025,0.20491098192020055,0.041450626736481415,0.0015621470614362166,5.223696577607998
2059,1.16228271648374,0.2966891833723302,0.05124321887913775,0.0015012512251998463,4.378709264805401
2691,1.165859009206217,0.28728286702985417,0.047588851872528794,0.0015406786074897603,3.6343755688065524
1613,1.1681079305769053,0.1893915219936949,0.020821604978894313,0.0013551369394133672,5.2314883734318345
1253,1.1682240600742515,0.2279358478111435,0.03648793647086787,0.0013318836637459125,4.95765695441723
2396,1.1715885913021546,0.18457342408852773,0.02490670960616203,0.0016232596295428,5.429041879288298
1078,1.1721916907979397,0.2703710858135972,0.04190586689578077,0.0013808110600335777,4.500592945459931
2870,1.1730727240176013,0.22059735170758427,0.020520977438704832,0.0014321450018255557,4.829206100648029
2465,1.1747163546165718,0.18257857659769045,0.01663222536654151,0.0014184765301256763,5.306073922865554
1252,1.17560531371931,0.23112665285734743,0.03724021182556255,0.0014465104740625518,4.470561398520511
255,1.1763001471066945,0.27308712146782066,0.07756181206658985,0.0018475779811171745,4.551523102217784
2976,1.1779546685246411,0.22155144099257273,0.03945560921283771,0.0015078124415448982,4.961951684404819
649,1.1780688310022291,0.27601738960328176,0.03692062768770284,0.0013294287808444656,4.479810820509839
2958,1.1805536712878193,0.3099554961467614,0.049408264610119566,0.0015310901452526208,3.826803597803491
3576,1.1811634776548918,0.1553251573867754,0.013170518518689958,0.0016715279228431475,6.188487932503772
360,1.1815464990424092,0.28018538525251035,0.04407229627300985,0.00167740487230838,3.922682251600098
1586,1.1851609746829155,0.21292271553137082,0.02127482489901794,0.0013605774212309225,4.813601495768371
1702,1.1858665553015384,0.20152476587574034,0.034145960907961063,0.0014501823255728566,4.928808009043776
957,1.1922471277911348,0.2897977856794665,0.039469617495178355,0.0014775278699168868,4.019809765451756
2779,1.1930596742544115,0.2290578941478132,0.03770738310110834,0.0014090078485768948,4.903932009788181
2058,1.1960113224476463,0.2943796548808607,0.046531902718774,0.0015075151137344666,3.7892556065509524
2690,1.2004199566500464,0.20573754370584257,0.03469598999739296,0.0015186117237791122,4.890207153228522
1077,1.2009521527157232,0.19942806252790785,0.031110803728584817,0.0014789842024740373,5.357838008445405
1612,1.2022393995569631,0.2877773891485724,0.05314468192609639,0.0015808117024711384,4.550693026596814
1200,1.204710423753376,0.2430468464007952,0.030822657236429536,0.001479244967065093,4.60057686712274
3274,1.2059708992764657,0.273477232910747,0.06815810124577681,0.0016597232199084405,4.5322705753786465
3609,1.2077743604313138,0.20113248188712496,0.02245324672237319,0.0014152199393249177,5.002759653564737
875,1.2090420002839188,0.2759206463404186,0.03594720731644252,0.0015431447513868063,4.0248851452495575
2765,1.209504878399451,0.19701075584511585,0.023661689201611644,0.0015416226504413185,5.268322591272046
47,1.2100969776584687,0.3707090486857231,0.05810788160649132,0.001833645152922081,3.3814239595015945
135,1.2117092581299382,0.1811843965532503,0.01772386740798589,0.0014424720417259237,5.286254955696745
825,1.211823789619136,0.19334332934499063,0.023230229262060347,0.001472890341688526,5.130311227703714
2820,1.2132968564047892,0.21174587940441442,0.028006765310409416,0.0015170624781336566,5.039605968065863
2896,1.215232433944411,0.18391869666628072,0.02189572191096246,0.001987920380784525,5.9946255628501905
2193,1.2166683616320804,0.22002771577014701,0.03031620991019339,0.0013687363885686772,4.517557265377685
792,1.2176119335817601,0.18490527573330917,0.024971386786297244,0.0014767250033364226,5.333484437895073
956,1.218685179299641,0.31955240206584,0.07954268361147965,0.0015281801792638152,3.6606757578141873
1517,1.221518647048281,0.33921022435826154,0.08197061779038253,0.0015730649806441437,3.90753421077304
595,1.2254440200726033,0.31640055628838404,0.04638677612488271,0.0017222514268086515,3.2540514898069723
1659,1.2317753788453223,0.23105790504358467,0.051703189927967144,0.001461195328361187,5.101347498133942
775,1.2330243033018724,0.25598579155451423,0.03560664971151589,0.0013881261423829918,4.6242265334409165
2436,1.2334572686363254,0.19894580201165987,0.024378938029227432,0.0015073129615879362,4.956585493203264
2088,1.236054629346448,0.2807822714333319,0.0829807687458041,0.0018456633868475325,4.547591995260792
510,1.2364287071226054,0.19383552869455328,0.025768981189795585,0.0014494701645312226,5.031503714598262
1005,1.2391449169991708,0.30966268653955703,0.04494450985984752,0.0015977713748378693,4.061421845906599
1464,1.2404422494916543,0.24482231054674175,0.03008433840165456,0.0014609197103965103,4.227620283342501
2317,1.241449860852925,0.24875318777636546,0.014557586577612767,0.00140173862301545,4.573158890189602
335,1.2436904090379384,0.20798491569425226,0.03515828554182018,0.0014100161379283949,5.035208761902746
1980,1.243761097517836,0.28823185657522976,0.045937523027412705,0.0014433589089815637,4.167695956345984
1897,1.2441495997936924,0.1927601498883207,0.04743387878233808,0.0017742072318402905,5.126670900021065
1516,1.2460879386471364,0.26127583524566694,0.013968270159666668,0.0017649529035414972,4.095732730703432
2057,1.2472812844797827,0.171097205425722,0.02954937036735746,0.0016946293676456281,5.401153614281736
2613,1.2498182862413,0.16660827845450227,0.009532188198196375,0.0018416303661137538,5.8857915352486145
2895,1.2502515704227728,0.1845790715430498,0.02247271521886209,0.0014153955583391137,5.341107504586224
1308,1.2505135889140195,0.15452636991681926,0.019971568437765472,0.0017241653521333435,5.886238603354889
2506,1.2557953899754695,0.3709319154346721,0.053480160643227484,0.0020280750906042405,2.815161025871638
2709,1.2575832721209617,0.18121626221389375,0.031374366648600605,0.001496593514354647,5.333186706500143
2409,1.25864778903074,0.2186769448159831,0.02909202342070268,0.0014665581936541008,4.862353295396655
3027,1.2633927943971357,0.32692543580221195,0.0781791446001353,0.0017751827181610366,4.346710501234003
1814,1.2663421750550439,0.2580989872920997,0.04849703516462024,0.001523956130615345,4.363538777439347
3466,1.2672168963309052,0.2843592928653248,0.06523675859915437,0.0016237668906336667,4.487841024271587
2004,1.2706829423434294,0.31555480083001136,0.045585873566799745,0.001545328178227658,3.983761450392542
1611,1.271021713674431,0.23275723457332526,0.034585704766237235,0.0014650134585362808,4.446766553452033
2667,1.2734359240674122,0.2534751821924063,0.01084800325754071,0.001555239465314448,4.509742927944034
2140,1.2735477768338201,0.22118074057875192,0.03714906343022555,0.001382665590389038,4.707432089452896
1213,1.2762352957798522,0.31374278819614476,0.05475699803639087,0.0015682155151834109,4.0068303764287325
3273,1.2769854198931432,0.2472508706520701,0.046963132211172216,0.0015608368954199753,4.784953827161077
1463,1.2801134982812128,0.2320419060773628,0.01658212053579638,0.001361367279950907,4.6749502035013695
3291,1.281808782368055,0.24870190811042786,0.044639105831742416,0.0014179540564376693,4.45502262905088
1979,1.2833061381788993,0.24153217964209406,0.05565743162068581,0.0015223075374351058,4.440900399515458
2677,1.283784220968844,0.17015383690413266,0.015247734759197357,0.001807340854784099,5.804285468939434
3268,1.2850606961674405,0.1772996817780521,0.030434020579651444,0.0016402550989649484,5.601234778370946
2657,1.2874260423601744,0.17341439128530067,0.013962173302020398,0.0014432185294391304,5.378930709349757
2750,1.2883076767166786,0.2173318556801933,0.04059343354366959,0.0013712803630185457,5.011164650443833
2316,1.2899703524687296,0.2873864263984632,0.04233580421950466,0.0016259823015985914,3.7099773046802964
3615,1.2913539258268774,0.23880989198509164,0.041652050864744855,0.001368353502503408,4.925321424712163
3552,1.2919508481088202,0.20810585415524827,0.03272332636558401,0.0014409497168796804,4.959040467920696
3641,1.298499006420408,0.3135465424367115,0.09437547143602955,0.0020369775061419523,4.40634655708404
2882,1.3010792531491655,0.33352389908885016,0.05408098918269948,0.0016449110698112544,3.7516777799462253
2055,1.3016820626547805,0.247470916319835,0.036556884406561546,0.0016341960503900516,3.945342714583221
1336,1.3043287689795162,0.23433277100887923,0.01564518904965833,0.0014588727966187104,4.788485337382161
2113,1.3062872925267708,0.31871886634859875,0.06131676486410186,0.0014825362067771087,3.921064216508084
1004,1.3089377914869154,0.21769238912283928,0.025748342275045286,0.0016032719944081616,4.636332630266499
1380,1.3104583473517182,0.20095058914541764,0.029967983010784276,0.0014130351652205432,5.04439742234141
1919,1.311810512585616,0.22278390021073846,0.012477571376750755,0.0014121527650572002,4.716876416108347
2170,1.3119647656089894,0.20111446900407867,0.03185468460117038,0.00141690124424557,4.959454634223963
1249,1.3152373468094485,0.1902340316101843,0.032869119701597796,0.0019096183784655214,5.370404482245856
3002,1.317787342349714,0.27951721972941757,0.04324905758967299,0.0014376604795054825,4.342907270114126
1550,1.318301315046784,0.17808143711622265,0.029868306619077162,0.0016171427940340028,5.216603003708585
1658,1.319001351178042,0.15292626695297445,0.017838381580075377,0.0020049676441884997,6.3203160644299805
2169,1.3203516630954562,0.29858105680017955,0.04299953591715934,0.0014979672319788398,3.707907163640447
2453,1.3247996244197597,0.20123583017870358,0.023748120048103102,0.0014438542844371354,5.288858466505914
1307,1.3256879405456543,0.1817168754878548,0.017077567443943707,0.001427601395788586,5.294678074524683
3674,1.3285134524430045,0.2934732530665509,0.08093506613555944,0.0017497115270734716,4.742513485277634
3068,1.3298546844394465,0.22213768528061717,0.035052014551683774,0.001495063410314234,4.8246838538986605
2764,1.3304363929485372,0.24159243875286252,0.026254668218313095,0.0014129526789471482,4.4029819763130975
2689,1.3343698839687164,0.29001265842984725,0.0607002203261264,0.0015193807072755839,4.274215581596241
2911,1.3345771722975357,0.31432621839087005,0.05090683614002295,0.0015604849903200976,3.816260992904538
3190,1.3376742179992358,0.36123478359491146,0.07230723175421391,0.0016128300398822637,3.48641499233732
2191,1.3389776633392632,0.26601963737907786,0.031182967251279423,0.001689696806361818,4.153540979439789
2168,1.3423589107488365,0.22829849187214302,0.010196575850038365,0.0013954759074788997,4.693747926500162
2975,1.3454531844030042,0.21593902252971842,0.03628770792155738,0.0014131860698442724,5.003737429621108
2505,1.3463603982638843,0.29457346164727444,0.06539583086461791,0.0014702545432719498,4.056888218425291
2353,1.3473305476584212,0.2073182845053974,0.033300362600945745,0.0014747551889173194,5.097535317302358
2869,1.3491774938696934,0.2436675004964142,0.046968267397873006,0.0014737358968876953,4.655867315551308
2452,1.3506115455277008,0.2417196709482329,0.025839967185939484,0.0015828459092927882,4.864193292261492
3067,1.3536980788950586,0.18013052418455805,0.028655639433753242,0.00132405691773258,5.225138670317832
3267,1.357394283984344,0.20387919114314257,0.042402572234136474,0.0014542290473215295,5.072962789985551
3266,1.3589684709625471,0.2138141193443182,0.028664977520475806,0.0014494294089053962,4.7858320861970105
1813,1.3613123226051764,0.2332550031764953,0.043313073072187416,0.001525050310770354,5.1817176079716365
2301,1.361969577444732,0.22735528910250197,0.01915357096859928,0.0014653445434289506,4.868468365761019
3421,1.3641400938400317,0.19433118052343482,0.031877714553240816,0.0015396480256285963,5.2919380246128185
1437,1.3642565294697822,0.20429592466577567,0.02467259112362798,0.0015113576478211046,5.1064646820178865
1866,1.3653341522754485,0.27818057869239243,0.06339794424211748,0.0015240524366983911,4.38710508248767
2984,1.367466972334728,0.24622110499209043,0.045299392555292965,0.0016225217646155998,3.9373805782040234
2586,1.3678698329372072,0.3475739278177947,0.06131738214877857,0.001678998326580863,3.6039470994153655
3240,1.3725881812315963,0.25443407914354943,0.017974558443052124,0.0013550292798360946,4.457803110038808
2036,1.3746060852234152,0.2567217120270135,0.013638770554181405,0.001745555125013596,4.112059498350312
1752,1.3772977347603679,0.2306365259674143,0.06377324869108976,0.0015961321678094381,4.885982800623026
1917,1.3822724975520528,0.22907557168220763,0.031018908612148344,0.0014815813972078975,4.7150475311968965
3802,1.3831638483775868,0.277501728576226,0.04073631285364548,0.001480756066792029,4.075934646368683
939,1.3843216930495847,0.18170629123255405,0.028813329131586726,0.001516872860904648,5.358412895276518
226,1.3860061280249507,0.24558345615605987,0.04607390242655696,0.001459980151401562,4.6618321080908265
1228,1.387120572416971,0.15401625622152215,0.014472416652688253,0.0020853111490351634,6.359082821006501
594,1.390100988583813,0.27960417701925255,0.05195224687284089,0.0014540680239344065,4.503202920955551
3281,1.3930847813145784,0.1984932792695616,0.034046419661655745,0.0015492939806651099,4.917793646215451
189,1.3951444825442407,0.25755721961257005,0.06511164177165848,0.0014875207815344326,4.879509704912381
2421,1.397195235409682,0.29904810532874804,0.03288027417906087,0.0015482494867887402,4.13650588317182
593,1.3973861256808036,0.29057354629298604,0.04211286785124985,0.0016060755056979765,3.887845016333947
1412,1.4006914599902187,0.1820876541658691,0.02263365073167888,0.0014190840507006322,5.322442022579744
3280,1.401030654949532,0.23474395253470437,0.026144409928800773,0.0013870145741238218,4.742092146777934
824,1.4030883532057163,0.2071579363043996,0.028496795082855447,0.0014115873096566013,4.915255479627145
284,1.4034260464786377,0.2466118760610606,0.02001789902074506,0.0016497119267877584,4.477783498136846
1003,1.4049788181356846,0.33843703101248723,0.06915167412570249,0.0016534818963988582,3.7457912267045663
2393,1.406907276946234,0.25470128175170537,0.048072077732267085,0.0014956691169429645,4.6271645671724615
3807,1.4104374618701294,0.26056868532343214,0.04799804707018061,0.0014203853717839887,4.373651854665851
1865,1.4138445726659985,0.3345399020465286,0.06842325073652633,0.0017072659714387427,3.4764055475110487
3411,1.4184581548139221,0.2206510837672313,0.040851815938837244,0.0015531354909387644,4.466949110453614
1585,1.418894510793406,0.1397284503975297,0.006650596442748129,0.0021391615688866133,6.501149130101558
2763,1.4195939487301081,0.2329841952702975,0.0427143767507747,0.0013927255197572013,4.91931279677837
1864,1.4195985680756196,0.19120382440320693,0.02677979070554422,0.0014936029681294628,5.129894227097504
3200,1.4278023744864838,0.2663426559165586,0.04739233109063977,0.0015245641865002664,4.541536162222256
2034,1.4291542523460692,0.3110899337432448,0.0375639857750446,0.0015897369232234814,3.9151381916893087
2539,1.4303604326622128,0.265577901610798,0.06973999839822903,0.0016461174478156699,4.354363987108212
1436,1.4330012129182812,0.23011105596853407,0.0413039666704666,0.0013669334837175455,4.744383652445585
2676,1.4338735450377333,0.23895997043833786,0.0217109134583127,0.0015266088390832786,4.566904740678325
2995,1.4356109736180669,0.21561219722788155,0.02758569339246068,0.0015436843126837563,4.767957143227455
166,1.4368808874645171,0.2732581514456194,0.047823094050213594,0.0015427761589383432,4.406930627951399
3199,1.4382604542645367,0.1817946644736112,0.021484154085570313,0.001510458250820099,5.36507412461733
954,1.4383969056470989,0.184305097450182,0.01808339821417965,0.0016755157053168737,5.312809302177952
2478,1.4391909580491522,0.2408628477144151,0.012334660056647297,0.0015669429236089705,4.360910962341823
1841,1.442336870959314,0.19324786645023853,0.03916731397113735,0.0015058937190616324,5.100774905829109
844,1.4482545052880809,0.39632498169016206,0.07809914948987548,0.0020691000111211387,2.704984387270303
2568,1.449839359493812,0.18903731738585597,0.046189404697314786,0.0018563675683845064,5.470693264044803
671,1.454355550766316,0.1447918404349978,0.00575138755787025,0.002246012285108012,6.512442778070021
1172,1.4560311736886573,0.33632051785916656,0.07896266670056216,0.0015518877211948832,3.983162759595486
3599,1.4569081710115455,0.21973196298421294,0.016583114269950044,0.0013803719365858896,4.7306509807492
1751,1.4575827316012284,0.2003084811250297,0.035746852488953235,0.0015179257033369727,5.052818786206089
2749,1.4614850987297834,0.29267679274424163,0.034842395220783744,0.001548425332143221,3.9875421470418217
2272,1.4635675815948181,0.2924506887813392,0.06770554515008832,0.001549803631745651,4.3331231985600045
1027,1.4659460927902606,0.3075318710017041,0.055053888699701965,0.0015094948944149862,3.9454669778838807
458,1.4675849939640584,0.21293155694296392,0.03587307961396731,0.001607943524078551,4.737801581252446
735,1.469848367736446,0.22717753729874351,0.011519331938774637,0.0014303285050085359,4.713262245209452
691,1.4699697479757732,0.2394827087354753,0.00853760177226798,0.0015852879533555992,4.491597837173796
509,1.4725049624148325,0.2641991047719472,0.04634555087248826,0.0014682849551622898,4.580093633553954
3785,1.4751619277184407,0.19428678862863583,0.025814502153388597,0.001436895863542816,5.273258914396671
1749,1.4761539051272048,0.20354182791946382,0.028388415421657712,0.0015282034875795931,5.237936842501907
3614,1.4765245369960098,0.25152151416184193,0.06611657798607004,0.001462829592711034,4.608367098797174
2793,1.4796715159986047,0.2124263696906626,0.05281028772144569,0.0015517093807866215,5.004857770854089
406,1.481005503932944,0.3130184045037052,0.05643291144108119,0.001670458983438815,3.5237447716176575
751,1.4859567874138677,0.1483106239540863,0.019745279875512754,0.0017030085922973017,6.163348852927577
242,1.4905157694036155,0.2448476788671352,0.020463893502293867,0.001410542379287395,4.58702357527111
88,1.491184711876718,0.23170020563986676,0.04011869562469409,0.0014318140951713582,5.037258508905168
1810,1.4937041456205358,0.2559365136803177,0.031039542037511716,0.0015168643159444721,4.079973600582265
592,1.4961659731208448,0.2840681622741006,0.07731649933410552,0.0016152002361534768,4.2583208874627285
85,1.4964390758751607,0.326741323678031,0.05185391862048215,0.0016082896153191703,3.8533364417750144
543,1.5013507461618867,0.24285069676678422,0.014906426024337512,0.0014458063283294318,4.475450822128662
3608,1.502078751621232,0.2476948567752316,0.020311258421626448,0.0016984323809688796,4.213122693982961
3198,1.5054481955735977,0.2335655568515721,0.047249627176260085,0.0015388180649292557,4.7986132386366345
938,1.5072280222759424,0.188751623056086,0.02699915110295418,0.0014722841730144707,5.176774227823348
3197,1.508702087290714,0.21255589098230365,0.03900922215495386,0.00167092057875172,5.112061105407513
2778,1.5119045959342323,0.16429368464108196,0.013862475467286809,0.0017180258567925347,5.615396100326492
3250,1.5120453641021225,0.17194114684090755,0.01311253997138401,0.0016572520810137759,5.568535670129364
3499,1.5130269679707136,0.29867859715551925,0.06507666084147437,0.001597550970457399,3.7960948284313414
2204,1.515796742389612,0.252926425002043,0.06494801945461959,0.0015834705362318513,4.722323678099674
2166,1.5192323941373214,0.3366789383172554,0.0695353240127864,0.0016679437302251478,3.781218961081645
1629,1.521720192720178,0.1599765721153627,0.019066386562830894,0.0017316233139257748,6.1102540239787295
3748,1.5246332929836683,0.2969299741062328,0.03059812549800171,0.0015491544086468274,3.8619634388473503
3693,1.5248903245498675,0.281782842850849,0.03514892150642677,0.0014765704150715923,4.349252423068622
202,1.5292291454115654,0.20551392873191002,0.023356184826651888,0.001492613367342397,4.95177539000212
1951,1.5319465531859018,0.3505565398004123,0.07580667960967347,0.0016908680317656753,3.521745986648067
253,1.5322319076222781,0.24649162903136526,0.041683847812985224,0.0016045586643824562,4.565120173654807
2601,1.533315089960593,0.23831167681918397,0.025854299732893167,0.0015904834038433784,4.5669620790664265
1334,1.5369420146985886,0.2540297739264692,0.033015998601283035,0.0014446535713261554,4.454874093132998
3377,1.5419801470083812,0.18288508020801883,0.025107485027353788,0.001488930535916782,5.311354424685346
2139,1.543092738485386,0.23786136902025104,0.04447325716709216,0.0014132885698120564,4.81780350993413
556,1.544988616841295,0.3323112563531401,0.0948229415192414,0.001789124322806538,3.6575442407924035
1198,1.5468512581898526,0.1974415626127692,0.040181572589020755,0.0015188539455816955,4.9571956223507065
3613,1.548356354128981,0.165329564336113,0.007644480050171953,0.0017900280683842695,5.821179573567592
3763,1.5490215698356287,0.1883330617084096,0.021616374332441318,0.0014849233838664915,5.16151936704229
2567,1.5498168213533148,0.16681739748540128,0.027159443614345538,0.0021067581519574343,5.995838390929453
1656,1.5570879679855008,0.25696792475754093,0.0285293314867335,0.001464736368204528,4.09019614251942
1655,1.5574193038621758,0.3100988270035922,0.041754145921610045,0.0015494364076531315,3.8850671583653114
710,1.558315783581053,0.3050765255387306,0.055445219228096435,0.0016083034601747492,4.105918995661693
3113,1.5627329656830837,0.2402669510638049,0.03441401194194959,0.001519825828143288,4.544985522338957
1976,1.5645642174271208,0.2505511971701208,0.025569078065427374,0.0016279209694497862,4.417349515616704
264,1.5652938030581576,0.27463195028875054,0.044242991098348394,0.0015731570918265418,4.211668675849037
3620,1.5692975047577005,0.19614877286376853,0.0317801205695219,0.00148449515006985,5.133014010453167
3562,1.576825618269883,0.28102331145380177,0.07026852286892506,0.0015782483862206314,4.611793170476147
1549,1.5781378780071407,0.25485786286915735,0.06110622448767791,0.0014269471954364314,4.402285955690834
468,1.5788868401605296,0.24434864142700635,0.028291365608054633,0.0014821458554921854,4.644639556262058
486,1.5803435377274986,0.29389571408314663,0.07206356411670574,0.0014611728648468486,4.130232616715114
2435,1.582380504865523,0.19781588943591588,0.03594453104271885,0.0015391643201365624,5.140206561966323
2033,1.5833874143826865,0.1368372311952212,0.006315451611129269,0.0017802906379460466,6.2699513200428
2894,1.5839583518294895,0.18032643525607966,0.007949610144552584,0.0017256294838898123,5.633525867626201
1548,1.585109371807918,0.1912592036370197,0.018521087698285255,0.0014968738040467041,5.131942898236666
2314,1.5855039237352713,0.20690525914831664,0.0028258900940770566,0.002297142406976098,4.6356750096061905
2719,1.5864318603668275,0.1819888077410366,0.02726978385298374,0.0018476382242702755,5.610880793782046
2555,1.588661429167921,0.2503538959990559,0.028695139274240836,0.0013247580924387913,4.580109381628569
3830,1.5897558283449225,0.3032283269989828,0.04304079358865935,0.0015660437117979472,4.060020827835006
3391,1.5898626228686097,0.20618607954237922,0.005937904757937002,0.0023550877670436496,4.870644343006072
240,1.5926368023856492,0.2577032822348058,0.013071867348516453,0.0024839143704988866,3.7839975689718814
1610,1.5937967616138429,0.26441716664770454,0.022678228645472035,0.001726657186146992,4.234097491446274
419,1.5956228634489733,0.2514291974954499,0.022646841958813193,0.0015101451254272205,4.196483920887352
393,1.5976056272315549,0.14085611557990219,0.02062573801762706,0.0019586181469936695,5.670973559893207
177,1.598088214017346,0.3431152432886578,0.08330081277396863,0.001564903129824542,3.72510033651693
3488,1.5989036205119556,0.2639732145936924,0.0056451687313829315,0.002406196572058486,4.506115230329506
2086,1.6018913367208392,0.19071988715975233,0.044160174799364786,0.0016052072852717767,5.196475348921443
1975,1.6022876281187,0.21565864102712431,0.01670700716177997,0.002456868312083254,4.834830943621787
2300,1.6049998687983735,0.21568282709217643,0.036699635896776085,0.0016055086399177528,5.077964853349744
1040,1.605046927309146,0.2660502509900456,0.005612183951684242,0.0025999652829807028,4.354160219215438
208,1.6112479409602176,0.3297950961694908,0.09260424836709683,0.0018367533616212787,3.446652609414434
2203,1.6120197178235374,0.23105435571299576,0.029711887023131017,0.0018880201132407915,4.284031657065293
2406,1.612153807802536,0.28669671412520825,0.018825709393395642,0.0026892559687481323,4.091322019378538
1226,1.6125060624414447,0.2171605701262811,0.020516592067260465,0.0014786434372966995,4.8943751990032425
91,1.6133956808242864,0.21250595310770606,0.03804166085980599,0.00146849074842919,5.151809176295406
1486,1.614464297348522,0.1392655643704104,0.010186005512721972,0.002016660900586481,6.421543995901281
1171,1.614814178162088,0.20315554845196093,0.038893021886677606,0.002271109149734928,5.288336413536209
3819,1.6177723353756246,0.21582946482388723,0.0234318357897623,0.0014935563355199628,4.664559366580907
2283,1.6197280382129986,0.22909039533793618,0.016985099863949353,0.0016467519198884242,4.863059316263209
405,1.6197750583812713,0.2465572150337053,0.013506107315587042,0.00183271570284763,4.671818196721863
1679,1.6205397051431323,0.297088222432777,0.04378018876000847,0.0015097618762755782,3.9361412212461846
3177,1.621784592553221,0.20970321951281606,0.020520070364870104,0.0014569805626242455,4.900877890309066
3236,1.6229895360984032,0.2866199688249369,0.060679466182924996,0.0015389908721449724,4.200935586707712
2299,1.6235514607665138,0.15786576062232288,0.014929765013763235,0.0020938913936877027,5.126137735907635
3427,1.625887276655781,0.22320528945730836,0.013418252403897582,0.0018476055419701725,5.364215747094098
3654,1.6261777081191038,0.23465380552831364,0.00960132651243804,0.0015954112180218503,4.711529839466944
1002,1.6269816916861013,0.24348609038147478,0.03133445485033101,0.001412370629692574,4.471657678780453
3435,1.6286135635118872,0.27584832638012224,0.022647363240740633,0.0025798182802593307,4.424885066000794
1915,1.6298956925191352,0.28353895362834214,0.06177478134863127,0.0021390441018130173,3.640892913030949
646,1.6345490292902143,0.25170332993321104,0.05813175320878022,0.001528702166316072,4.771395526065533
3510,1.6369314980883118,0.259348803996512,0.019183209976261533,0.0025127658822418474,4.370342515311133
2190,1.6380402238875704,0.25569452468051035,0.022123596563563424,0.00256023907713925,4.678378938425137
3322,1.6394974100545956,0.1868562386234159,0.023518582197641007,0.0016669366004424424,5.40430336627559
2340,1.6406065580545754,0.3293772966839715,0.07457261642336598,0.00164714995294381,3.6716191480736495
3589,1.6438889204641443,0.33241245465916924,0.07356809358606022,0.0018407565747156317,3.4959882106706655
3836,1.6448659125736933,0.27821674641667793,0.0461362421565689,0.0017294511319877386,4.066368888266233
3143,1.6458783874082166,0.18957095278160033,0.0334277333814935,0.0017299412690779635,5.323266581316391
555,1.6465460080035474,0.23852240334615382,0.02962685756529633,0.0015217009489748063,4.976508793029589
690,1.6484870156352005,0.22160418339435572,0.021848882894643682,0.0024021527802664503,5.07840157674244
308,1.6492235622660805,0.29832753289929104,0.024309794870049573,0.0025264794322538433,3.603519735229469
392,1.6492468016169297,0.18958054168163313,0.029232555056393418,0.0015832932113224907,5.238990232447383
333,1.6499673084547921,0.23427435186904955,0.04534998171866614,0.00142615392700841,4.435507895397681
1777,1.6505270746060297,0.1488867956793036,0.006716536839107426,0.002149788585168956,6.453526023441825
2666,1.6532571600379382,0.23119810641412009,0.0222235127520648,0.0014282805448565374,4.71179428319406
2805,1.655540653744641,0.26513017701474884,0.046069079343841385,0.0015248096399932288,4.275419905434344
3279,1.6560897982704141,0.18271996229815013,0.009507289500038036,0.0016443630445564172,5.379097807559194
1839,1.6567494894900379,0.19192398701043126,0.03340547706752287,0.001554301436770579,5.243059726671763
1974,1.657065243607514,0.23899908665097241,0.02271841346657551,0.00138861918802409,4.391865655193248
2003,1.6575286712891943,0.2400340816734303,0.03234049066765151,0.002159255659657481,4.633002783214239
2860,1.6576816309728422,0.24673536600999788,0.039348505329292,0.00232834275751878,4.900330042569751
467,1.6607453458205497,0.1672752655819198,0.010608139763091638,0.0023429795996722535,5.549700907201162
2600,1.661830140101777,0.22989145339689285,0.0021730888798649588,0.00249639121595529,5.158249889862109
554,1.6631816928737015,0.3685848008056063,0.09925867970186926,0.001837354680981047,3.5117876145071376
2994,1.6678398739684086,0.35121980445000217,0.08676848731018767,0.0023387456855630383,3.4542978129601494
1145,1.6695148797920463,0.16436722421368816,0.03908613632489728,0.0018060002556297208,5.522662911836263
82,1.6726206991158918,0.3252921949099036,0.045472284268001324,0.0023848045462887503,3.25173540335554
1973,1.6729083478137314,0.20507399439588359,0.02456117304536891,0.0015221265186797321,5.225249574517478
1243,1.673542286241708,0.17499766445716725,0.01919822381368586,0.0016876363461480418,5.492205721904339
1144,1.6752953694070478,0.3613391199998468,0.0784225996618573,0.002036777769696233,3.342020806858542
1378,1.676662488751683,0.23521711155659433,0.03154796139317322,0.0020100568866344964,4.822855069584298
391,1.678419474736654,0.2903595410205892,0.023844825688218513,0.0015741005277497104,4.143049388344295
1038,1.6788708733640871,0.27116747411590314,0.04788122448551094,0.0015505521245946507,4.225074455631246
2282,1.679908171506127,0.18347284647396614,0.03714205211591069,0.0014955002856573115,5.265774378214802
909,1.6823269189867247,0.1850947149622475,0.029284495564440554,0.0018862699212776502,5.432941639795136
507,1.6823920307516447,0.2504347200755799,0.056898984984381465,0.0021497128477067436,4.712400420904359
1528,1.6836905652670384,0.22271593645243004,0.025350871486220637,0.0015325623169972645,4.774124034227299
2849,1.685485019533994,0.22676098698697045,0.015536896607659462,0.0015702885524029077,4.521612825861862
1076,1.687021300195565,0.2834971444518039,0.030465681962800615,0.0022297977321507345,4.0673722363970395
591,1.6874063195548903,0.25549061333159667,0.057344791458268755,0.0015860095555745492,4.478394189152374
821,1.688889793615657,0.16464952777232233,0.009397412959654933,0.0020512885446878995,5.551731720853154
856,1.689031070234685,0.2012838699583991,0.014369827536441053,0.0015770766404316855,5.13721748253499
2223,1.6913897026595464,0.1857801459355982,0.022285559847113882,0.001577486154070447,5.399735930051042
1197,1.6917447244014912,0.2438925262295425,0.04482435452001459,0.0016392876938259218,4.603574506093853
2640,1.6940083312094125,0.2538194581673049,0.06552140998430804,0.0017023026512055124,4.531333786740284
678,1.6967299486291134,0.3387430646822334,0.1000889437260072,0.0018704877295158987,4.012169201393727
3426,1.6982489624055803,0.19008992036739472,0.02063191910546624,0.0022882400093414807,5.355151048015204
3604,1.699465367446089,0.24084965177562878,0.01384825552957165,0.0022222684356122922,4.783763595564982
627,1.7013842612487171,0.38164631222782425,0.06721961051893452,0.0018337835021907337,3.4093459111804796
855,1.7046254161384966,0.21348210544183932,0.027367206197120228,0.0018034428008157904,4.91155193803261
188,1.7049593071299138,0.16388016194311958,0.024822241176893745,0.0017890237703208551,5.638442639288593
709,1.7055229876186506,0.2924325940939174,0.02622857423143577,0.0017152348613522026,3.945190860310355
3481,1.7069650328224533,0.2562636697458289,0.03928484334345091,0.002060376625279277,4.402379193268372
2813,1.7071168130460839,0.24538132902260607,0.056867429663100544,0.0014861317095455598,4.661695744019929
2521,1.7077657446939323,0.29493535214700906,0.02298049616152012,0.0016686096600219134,3.889967460884521
1527,1.7115130654450517,0.23363795835054718,0.05490778251330605,0.002068397962775132,4.9287003225170345
2240,1.7126807673292732,0.22885192214138667,0.014202390798328244,0.0016492093972421413,4.585578767088085
158,1.713810142018245,0.3206293137161361,0.03585247362587782,0.0023741698710872377,3.5742211096336614
225,1.714492652126985,0.1839640431549171,0.038465265340703686,0.001656966520052523,5.835814480173968
1120,1.716260924697684,0.2288608151684491,0.024707489709803538,0.0014149060676298512,4.45178726436443
590,1.718548847479046,0.2738350759118911,0.08388909326109498,0.0016537754120041779,4.267624334825561
1305,1.7190389894815803,0.19376521721295428,0.03833089415413991,0.0016077048561081175,5.088174828535767
3631,1.720936751760705,0.24742558863215003,0.04795224151611696,0.0015335595784051774,4.64101978369416
873,1.7227933524549193,0.20874912756762312,0.03995966275261463,0.0017338150163730068,4.76510075081025
3410,1.7239586884765563,0.24065908056530935,0.0405051732897787,0.0015189634115006236,4.913814060282228
1377,1.7256533427614251,0.20618292402123328,0.028902277783780655,0.0019397820788307515,5.359354057699785
771,1.7257689418742597,0.16965155253026576,0.012716405459805735,0.001696656065147127,5.555111528408864
3035,1.7261868508038196,0.14395128510260058,0.012903703075011656,0.0027592408424073297,6.212374485718632
1627,1.72810386010569,0.29178808138980494,0.06975306423013439,0.0015514153673602184,4.354677336096508
3357,1.7286717769419357,0.326491243795778,0.04738385371085636,0.0023132216249126722,3.6137542369706233
1224,1.7302270982415249,0.2360007132699123,0.02980351846590263,0.002029209433267089,4.775283029414583
952,1.7347849649562956,0.34036983022369494,0.045077835827013385,0.0019000798812597549,3.5076963474914606
2222,1.7353056492832115,0.2693157413249686,0.036044936411334376,0.001582749907256447,4.514346157777823
1095,1.7359427726743453,0.2752705076164754,0.06053692276791364,0.0021028172258585856,3.978894270910068
951,1.736184010956144,0.21913728680929606,0.031101931704982096,0.001420634031204265,4.803328703679174
3690,1.73622552875111,0.14474240871575111,0.010849677076860662,0.0021185761114817566,6.324743056089285
749,1.7385812977797208,0.24251461091858198,0.04063192223334264,0.0015531796378032065,4.4659800444680835
1196,1.7410350170639006,0.2983799417648588,0.09324147766568325,0.0016012010410608477,3.8893712523801804
1776,1.7434232948409891,0.2980922275538018,0.04160282703938654,0.0016994452952733777,3.9980278936955447
263,1.743641660098529,0.21302164288774544,0.02228149398795653,0.0014092361341721028,4.712984521529085
708,1.7454560817548805,0.27993950274460366,0.04480440072785978,0.0018791321404104434,4.075435461577397
1526,1.7464384538688036,0.24371598002833125,0.0482433169860129,0.0018497439266269972,4.559094350824733
3676,1.7472358838688489,0.15733492244612468,0.013884856756908853,0.0022838682433925016,5.806164642224366
2941,1.7480592801737163,0.18759541406257496,0.009199578295840257,0.0023826321763964413,5.585699213583229
3405,1.7511659505462616,0.26969577017133317,0.04813414174016261,0.00204937489519264,3.964548868045911
1972,1.7530939278585482,0.19554234039793272,0.04291187658332937,0.0016656263834632368,5.186484316593619
137,1.7554832576036652,0.1915048468346049,0.018621119452722018,0.0016148845146341157,5.340822690314507
2084,1.756167623107561,0.37454602718661545,0.06141131408821828,0.002034326967171468,3.509424902482378
670,1.7585401802187204,0.1832937572609331,0.0073510954617345015,0.0016586993163565705,5.373337471411182
3636,1.7598843964269988,0.17535900897181234,0.036673749495309146,0.001679971441495426,5.463892540675564
3791,1.7601435463349284,0.4134608879928155,0.09209208353312769,0.0020485916666779422,3.2442481306326783
3673,1.7628323318775978,0.28481843232823745,0.035689695690532916,0.0015629563948180087,4.067408988891056
3734,1.763253250267217,0.2509365403037562,0.05649022029282351,0.0015084101282465785,4.7163718017395
2656,1.763264912783221,0.22213262288816843,0.036337459822938706,0.0019216335649052923,4.491556327554459
2339,1.7654808957977086,0.26611111540869414,0.03417065891855809,0.0015993369330076172,4.031443945390237
2083,1.7661942856934854,0.26035625911246446,0.023181174763474623,0.0021834923274408166,4.2916737520695145
3704,1.7684535185316193,0.260790109874401,0.03548717548350408,0.0020181041636645257,3.9009215471128145
2298,1.7700281655568324,0.18479815633072244,0.024617062848637863,0.0018623461030353998,5.068987748592734
3491,1.7706954166495377,0.19226761207092186,0.007846859403093013,0.0015974123732363976,5.485885102660839
3497,1.7717565498820962,0.25498112280526175,0.0513976786126645,0.0015131937477382376,4.35771113171711
3024,1.7740090446836918,0.19925012738109105,0.058432753686781295,0.00190749629593771,5.243591346583431
1950,1.7741167488072076,0.23631416616372794,0.03329025101935426,0.00202845381622672,5.28321413423194
3568,1.7753702784648027,0.2917953130245304,0.05186246360792484,0.0019372430591897457,4.527268286929607
2553,1.7760271690659415,0.177629217956828,0.02801612117993522,0.0015286722782768799,5.687498916059225
937,1.7819161306511173,0.2013973502356482,0.04315339243750482,0.00188361922438625,4.783035535649986
3741,1.7823260448059202,0.16549322224115237,0.030453732858347484,0.002270325740191941,6.042195135687837
162,1.784608140348473,0.28411367552606825,0.06850852406569928,0.0014964957699257224,4.250457305981923
3612,1.7846082626884643,0.15967082201495697,0.029215012708326635,0.001946673122672697,5.604258527397889
3504,1.785548456444547,0.22588220049074245,0.009167563541706674,0.0019871118987704055,4.871388486393815
3603,1.7861709617539454,0.2751551772443859,0.03716790934230191,0.0019140118225526282,4.0096656111583675
142,1.7880475156273343,0.28181424042046854,0.055712617725752644,0.0015673868222655216,4.303033475709198
1895,1.7890425339606288,0.27227188987054496,0.019905401591029832,0.0015824666872123916,4.2766426765569365
574,1.7894918683128582,0.3541518023555734,0.05775681100602007,0.0020897262839521097,3.6590289609975217
2366,1.7900000971045684,0.3130868346965726,0.03279933044921811,0.001700172418521947,3.8315979027158775
3790,1.79283615296169,0.2670509615814127,0.04351678130514898,0.0015418532968395297,4.61445333197432
890,1.7936188465697915,0.18244486951450373,0.025048480829889544,0.0017321954160064012,5.327662693091341
2271,1.7957822392152545,0.2522991961417267,0.07228754557903427,0.001593013637714561,4.53696169114389
506,1.7976964157839974,0.14510940493740798,0.02400458973087056,0.0018676653489204842,6.09523775444611
3775,1.7986515558173124,0.23003701849866126,0.025238636379982467,0.0014433616890244159,4.454212088629936
3102,1.7994800090276308,0.18509134366576807,0.030634604591474338,0.0018769432553514627,5.398926254993006
3535,1.8000265225681324,0.23531153586226108,0.0329506337322301,0.0016490752530963883,4.489024311465936
465,1.8005175729293141,0.21873494728668869,0.0493769765902387,0.0017340672636030263,4.842973710651123
3490,1.805094291408286,0.27994728986405726,0.06000670925505874,0.001880916866925051,3.7449457159042483
3458,1.8053912606480589,0.3060316924165787,0.04084638596247959,0.001689871110414431,3.9997196857346053
770,1.8057950288521192,0.2058294665670502,0.004297379669548971,0.002079952236945474,4.740043895721777
2983,1.8069060101716972,0.23172890863984688,0.014793793505035607,0.0018436480947370973,4.766400098184365
457,1.8107720489954446,0.3401025939924315,0.09845054636332981,0.001994871061788144,3.80114052085729
2566,1.8137646198119346,0.23487863415553945,0.0667951359391324,0.0016466261076645266,4.970867698097348
1242,1.8152619572631934,0.2949912312623754,0.01905043363089192,0.0017860718700960128,3.9614999202441776
2655,1.8158040111188736,0.3017883137689399,0.024451250566404605,0.0016974891663083334,3.9486470832109246
3841,1.8177527286345605,0.2646384981537233,0.05422531251287411,0.0015624417489678,4.518115119698526
3370,1.8192614714791977,0.227894287761068,0.03850452621823644,0.001577246523255076,5.03400839863378
1654,1.8197851027897882,0.21918101794289502,0.04362462350999069,0.001680674383806473,4.849840299448749
41,1.8225942076698671,0.239805369457273,0.02398544278264122,0.0016088267081640125,4.226041452540452
2892,1.8232939863818263,0.21001947800346804,0.015205522856877873,0.0017437343303371344,4.9465535788130826
2419,1.8235989267514832,0.22690846186061797,0.031709639362543486,0.00179954098709586,4.932014358732534
382,1.8252468797423242,0.29314211529028145,0.03750244744705135,0.0017156811184532118,4.471920270417068
2392,1.826238145293671,0.2566273251930793,0.03803774893922888,0.001609739648469202,4.6238867113255635
3023,1.8266265734925338,0.19666592023180474,0.02065749020848498,0.001765175634174925,4.753371793057909
3724,1.8282406566394565,0.22481661896593533,0.04392147633743836,0.0014724323121609335,4.753139832639391
377,1.8295422820480285,0.17232270470658198,0.030287074110101522,0.0018473557525228296,5.589840893420041
11,1.8302527382559732,0.23053388504495392,0.053465313700180886,0.0015943828126560105,4.7013103155437275
1748,1.83108466828226,0.18332631899731083,0.00341853736203855,0.0020582106588007323,5.611527609051328
1547,1.8334070639835351,0.16110512331612178,0.022537708799198176,0.002129529268929123,6.3253798074005
1460,1.8336596370350915,0.21854967424519783,0.05510980805867028,0.0018986226199433776,4.625288191695164
3786,1.8355470828013527,0.14670813514583214,0.018356113949193655,0.00250784399645931,6.378939028196714
497,1.8384635063124486,0.315576841448069,0.08550238739396857,0.0018764427145101107,3.642508954988587
1193,1.8412141326961544,0.32353518051004376,0.04273356219798159,0.0017268316871921242,3.7319194022217115
75,1.8414819384010124,0.3238322890784626,0.04668203694170878,0.0017311256480516356,3.74373219299488
1949,1.8419125374634457,0.25725948749413596,0.04038123156053114,0.0015795974486794053,4.108348369958051
1459,1.8445465880225749,0.3404390176405184,0.03797424637942455,0.0018722402472226881,3.9973191629035014
390,1.8467093575891644,0.2357146508929051,0.028885266150120832,0.0016956634001509484,4.419641934361236
49,1.847703444881601,0.29407737425176644,0.07869594125074927,0.0016406558998543713,4.0806728018754725
161,1.8478769710768548,0.1662214461063296,0.00587804337879601,0.0017856186294552341,5.699716877698597
1303,1.8490027911481965,0.22604589340752818,0.03704091164672708,0.0015917229561033305,4.6607969993108656
3221,1.8504893236970712,0.2892352575761924,0.05690220834718612,0.0017945294086651644,3.879406120538942
2434,1.8519470086853675,0.22051036465151957,0.0154943281607185,0.00170528582295545,4.73432445179358
3189,1.8546580884210753,0.2570535448304274,0.04621242214316504,0.0015304384611753233,4.471293723661828
3547,1.8546809978184124,0.17531485455434767,0.028405823112825777,0.0016395769249155224,5.492256652686821
2877,1.8573423692102085,0.19596508179030525,0.03953510537690064,0.0018775067897646518,5.240579620870388
980,1.857617928105257,0.1787244912978983,0.02535237415781873,0.0019597955202026217,5.477003047511991
3544,1.8586608564260738,0.17564789268788278,0.03346224921075137,0.0019142983301451328,5.507901462534553
3157,1.8599132592105843,0.2048747460880122,0.03760026116441274,0.001638744352221186,5.0369582943756805
3127,1.8601672824859388,0.2695108608803183,0.055294940587635885,0.001796681711460681,4.405937276133324
668,1.864847969861664,0.2889603394478528,0.023610137326735815,0.0017526772249242468,3.778855844747495
2082,1.8651968498940537,0.32078094163715354,0.03674885132988207,0.001750542468668093,4.072920415782608
1485,1.8658933714999029,0.2843434370080753,0.02273186641702018,0.0017390990387428228,3.905292088352921
3079,1.8664220339234958,0.30892502189019144,0.030644458351189924,0.0016646114869186747,3.837754151309552
359,1.8695665244213955,0.16781137781533068,0.031871950093135946,0.0020855588514765394,6.116352545937051
48,1.8727619434253762,0.3281964004546238,0.08338013511392917,0.0018235681051705095,3.59571328918438
207,1.8738378506990332,0.2386963601985035,0.03821780348764334,0.0016029171287007136,4.615718217854022
369,1.8740365695248977,0.22404379762246707,0.022850817221623805,0.0016390294957623023,4.569698586369073
1192,1.8753962737941314,0.2129906687939493,0.014609456234124598,0.0017625112071177603,4.656856756739935
1075,1.8778870187998977,0.21215978350095463,0.01820758355112069,0.0016511766342850718,4.982445772225409
1353,1.878358806234764,0.27791676162941076,0.07821957143287847,0.0017276077480939524,4.353464172484855
790,1.8794982933848532,0.2817698245211885,0.06882339784729682,0.0017798979462996065,3.940032377014814
358,1.8825824937331292,0.23049358086829747,0.06290681895583099,0.0015624309186007526,4.8968265790950145
1484,1.8854959993384481,0.2122323485927683,0.03431716483615133,0.0014936102557212211,5.242627701228252
3278,1.885807970829472,0.25421099087354526,0.0472766001759463,0.001601377247550543,4.721060907498643
808,1.8864963460145516,0.1953773235677566,0.008542959520605915,0.001981859665621779,5.573373877520311
936,1.8876887026840965,0.20803054134455962,0.0222670334404996,0.001699403815460421,5.041006769405508
841,1.8883493441805135,0.23299829754859236,0.011856843949571356,0.0016569305715095433,4.47067982433335
121,1.8886103721069505,0.2575566789882224,0.015206867107319152,0.0016960882056961046,4.543635207491121
105,1.8892706459180342,0.21504438025860945,0.0286642338378989,0.0016993425881214165,5.090978849302502
332,1.8904625519886924,0.19004194828444454,0.0092624172653017,0.001954897092562614,5.549332450664908
150,1.8911538161488264,0.2295445081786816,0.03983253917933188,0.0015347091861141963,4.687732006618021
589,1.8914256785209496,0.22752630617005154,0.03580336293959525,0.0015326915240127421,5.326483134561295
2031,1.8945637216123374,0.21268791486797334,0.059566924158255465,0.001675083249792266,4.98633354952233
1037,1.896794554551288,0.28911752240250976,0.07433993991505741,0.001738374525304951,4.050595632076126
1581,1.8989575215236218,0.199436394750922,0.022710178466214904,0.0016548051200180442,5.007294657942686
854,1.8997798379106263,0.2673886143637152,0.048444187944423775,0.0015935894250635398,4.382292027069436
3567,1.901866707558743,0.23771008882432515,0.022256072765910604,0.001785353516979191,4.573484457922673
3132,1.9022256343653647,0.2751944103788584,0.056972415522355255,0.0016436981002714052,4.049255895610887
1059,1.9036115494673502,0.24093559732358036,0.05408917471791985,0.0015820086211672927,4.446101840568243
2111,1.9036528302698885,0.28743105843711925,0.04461968141887609,0.0015623201812699973,4.17619146047012
3503,1.9074908201051888,0.16820160232177833,0.040986553601362746,0.001977991258810272,5.947863862410504
3831,1.9105883875627454,0.2991171532022483,0.027986962274514117,0.0016975789338399177,3.827166247870945
3112,1.9109884406207156,0.29959728783495465,0.024906346531722075,0.001702693048404064,3.9407073865391027
2707,1.911903831033189,0.3292435659941614,0.03580005578643909,0.001760382642120033,3.9245247699587162
2297,1.9120368001682788,0.2715475334389421,0.02525474469048925,0.0017011674793040842,3.9472271869631195
1626,1.9161921254979186,0.26901190291526644,0.06587284835345643,0.001565090843330407,4.230263645289792
2847,1.917687074532,0.1913144852497714,0.030266971065800806,0.0016870944803753299,5.226387443388031
3078,1.9184962839072468,0.2138968440284227,0.03918314400083719,0.0016491781241741638,5.1310316777981075
606,1.9187660927925168,0.17066483465210314,0.018618645335096554,0.0018989470862470952,5.69685693468309
2902,1.920042711283064,0.19533016756949423,0.04237676844218105,0.0019066443771224256,5.268553640779385
551,1.921331225333876,0.2556694657290005,0.05881861125302668,0.001813728215514864,4.326895189427827
1511,1.9224531109559473,0.19442659413171454,0.02616713137980185,0.0015644725079644584,5.444075215991967
2493,1.9249503874357938,0.20729348479336915,0.015017394290596654,0.001666557144819293,4.733331222779769
1546,1.9261223783375934,0.24015250952414274,0.039967776447047805,0.0016114358172439516,4.321605967284469
2940,1.9283474511533332,0.1948414091542071,0.04222949255426657,0.001864311619696397,5.054210413529056
3325,1.9290770667450985,0.18574350636203962,0.006330862099991539,0.0017691300546181334,5.655801594925043
2901,1.929358182815231,0.31151415934345345,0.06375167197153625,0.0017273901315115919,3.8335848932336014
1167,1.9304126744403372,0.28495197695099106,0.038856576355515676,0.0015578662815052273,4.2648280918136825
935,1.932883546798126,0.26910510135921734,0.022850745988019533,0.0018090684464553885,3.8102191319303964
2520,1.9334689673011145,0.3393189505141917,0.06789883323350449,0.0018278610039637135,3.9191591512874737
2612,1.9355824704364064,0.3237996129416381,0.03183528375442567,0.0017144235173752569,3.774911046319864
853,1.935682657842148,0.30297628534954557,0.026824420777973486,0.0017937215473341607,3.8310304351745534
2350,1.9412130250742397,0.24202269269181947,0.0713569289189008,0.0017824258839939766,4.507663227275218
1969,1.9413256194592958,0.15463052413621287,0.014521932511396236,0.0024388230717588646,6.290661666679274
2891,1.942323593308012,0.18994299283901578,0.050456496214262604,0.0016516064098427824,5.470350097247822
3022,1.945007554321455,0.2188097455807095,0.06335926434209892,0.0016252572861566706,4.643168515948187
8,1.9450629914671556,0.21776687092169916,0.04325980368567243,0.001601962166688364,5.175805261743503
3090,1.945879087205532,0.16507107799363777,0.0018320274848590754,0.002091613657374368,5.620817409578775
3066,1.9473758911503307,0.17091020114467254,0.027397190022323627,0.0018920226053456778,5.574481340285632
1948,1.9496258612434951,0.25266711430332817,0.029791343931438997,0.0015990986042638074,4.819617301204698
2365,1.9501213168661187,0.23646181229020796,0.027756606416692853,0.0015916076678389216,4.420640209908379
2584,1.9511697826894916,0.2841092228698018,0.056245756619415575,0.001709555699868936,4.2222240779638955
1482,1.9523257127125453,0.23392725345475623,0.03445419150790269,0.0015176963587213957,4.645116888795409
3743,1.9526813740793083,0.20917882764370757,0.019145947354166002,0.0017372318285390062,4.904755181592093
1892,1.952992230706021,0.24335407103153978,0.021348018075879854,0.001562210576263827,4.867727547447238
2081,1.954658959638913,0.23850435353343136,0.024808178340347996,0.001712320524956219,4.556943983391687
1724,1.9577473362444342,0.2225838686333111,0.04390129456934835,0.0015928132671630775,4.839809675180884
3630,1.9578554404819595,0.20666602414648372,0.047491514163725955,0.001671347168686693,5.271008767055324
404,1.9587335352496535,0.22670670502344117,0.05030915923284166,0.0015081431813394127,4.911196650272068
3703,1.9615105459733488,0.30758692845611685,0.021209175075788875,0.0018554746644093316,3.844840432779317
3727,1.9615468006849728,0.2842758335647356,0.015276497546106962,0.0017444039213536187,4.054046195529465
2777,1.9628050648456397,0.3650029165923781,0.12242831940962687,0.0020838608663814435,3.423241482617823
934,1.9646486538422516,0.24356306254065652,0.06826124378080198,0.0017899323674607434,4.599075098987419
2053,1.9698874656464214,0.18647918271574312,0.007929030223894672,0.001943519182142953,4.899561989184231
2504,1.9701290838258672,0.3549810260124645,0.05271818024229619,0.00196034927238911,3.7944509403308224
2390,1.9714268599092697,0.22299840661912673,0.008320142742152823,0.0019440209239205964,4.862120580291569
141,1.9728084940617234,0.2615781724052204,0.036185325769519806,0.0018616781660804117,3.819388079933366
2163,1.9767502972670579,0.2515125795313792,0.03793588551632451,0.0014951879653843662,4.254714527462492
252,1.9773601056595282,0.2089505826077821,0.03186046703477431,0.0015719801761458563,4.845797391607645
30,1.9774847173803325,0.16178817494127518,0.023817968229451512,0.0021119959306160484,5.595079697270962
418,1.9782948815485253,0.2115140646991321,0.03610559275955868,0.0017586907599120077,4.921165647331462
2109,1.979116551001706,0.1640502630807896,0.020934454911687442,0.0018507584264534174,5.942439409276648
2220,1.9819728129464314,0.21037069531959052,0.034411700874375846,0.001538438722441651,4.925053791607013
1373,1.983012334814814,0.2129986582012921,0.042155317312155015,0.0016067984150127926,5.026064075520642
1807,1.9849056426730787,0.3396029656972851,0.06557357704454114,0.001800170136073719,4.063431555408103
3555,1.9864727164702216,0.3340825872033969,0.05476363060342956,0.0017886694838724255,3.756879402662316
908,1.986820030130664,0.25972221696799214,0.04051947602786042,0.0015403041368115353,4.3647087379448815
1544,1.9882267695783447,0.3437038657845758,0.04006485295582065,0.0019465429635892333,3.708190144057654
3519,1.9897593282454407,0.2238662380931971,0.013638666239103458,0.0015532023437695225,4.895425382993686
1947,1.9902741809467301,0.2566755399624761,0.027513589875784727,0.0020862319485664056,4.117834000649701
12,1.992295085994618,0.19472205553418287,0.038229883281067176,0.0017211569621511658,5.239988762061952
180,1.9923139024571608,0.24570639865200888,0.014648535018848195,0.002074072752019296,4.509162197769442
3333,1.9924553694680875,0.20220563865131524,0.032097062830031026,0.0017891862675910618,4.921972497470342
3717,1.9948621617494486,0.1770739280507415,0.04355876355861947,0.002139187342531142,5.882226446044498
2108,1.9959728121393836,0.21435458790039405,0.06059923465531439,0.0019512827656822233,4.895968908706964
29,2.0003395301384734,0.2076355548731561,0.052422738732550656,0.001483770628295256,5.240193693360199
2001,2.002083955175553,0.311107121207299,0.06315249119909545,0.0020601919972751907,4.19533032217273
1330,2.0022498539860147,0.15771105898928423,0.013106168442055711,0.0024349154980910516,6.113639532724355
2868,2.0038738294057654,0.2506328169960226,0.053302527886972484,0.0015033870152241862,4.76087068249507
1696,2.004132478094982,0.2249358142241792,0.04744228022259936,0.0015471885023395544,4.733128042017942
24,2.006451085251296,0.19693786880333536,0.008185802397232897,0.0015299501721699716,5.2479461109458185
3670,2.0069496046830366,0.18197777161132483,0.030736834646173352,0.0018584596208110072,5.079568164633804
1329,2.0087921908224557,0.27468767026280355,0.054149036637008215,0.0017997234343731052,4.050369653697373
1862,2.0089223898658366,0.25193971132855253,0.033014534835337485,0.0019988137405027003,4.030408445126491
3731,2.0127740336740847,0.23683532857702116,0.031746285216905167,0.0016514177880328383,4.432035290584695
3451,2.0131205563506063,0.24205382343300624,0.024628018637971847,0.0018154300446044896,4.614477729347707
2881,2.013478040203822,0.24603178834892833,0.03205030017124959,0.0015280150121041876,4.359318748438873
2802,2.0136235021617277,0.31652862519279545,0.047590310846953664,0.001671076545030348,3.8002359578175113
2528,2.016732176178236,0.25008934729764054,0.049773605381951705,0.0015137497099306557,4.752908305084009
1722,2.017807450151786,0.34721098077253465,0.07180924774961436,0.002011667391194785,3.853012407225476
111,2.0184718342552,0.18514592838665095,0.005425368900544365,0.001684234168855537,5.388823800843566
3131,2.0202796198808475,0.2996692874193783,0.047357235087138266,0.0016149357355061654,4.336192649166156
1914,2.0232659148122845,0.27306195571968106,0.053816804744332515,0.0015439337521628873,4.567024908333808
3680,2.0234076923979933,0.19363377646562185,0.04063239170281154,0.0016296311185235288,5.02303626715403
3611,2.025054209286407,0.2520007935553718,0.05252648240414274,0.0017221278575711757,4.278158035090509
2519,2.028884382918265,0.15427969909391337,0.012322945274735635,0.0024088430571708097,5.643287843841403
2492,2.0292566917550676,0.19173828883349203,0.03547967099099421,0.002029430405580584,5.3929173260449454
2775,2.0302244952335275,0.22942173805344607,0.018463083562874315,0.002160885940051763,4.863300925743312
3733,2.0317369712347877,0.2803703458998696,0.051694300106103735,0.0021418813711896853,4.112140650425026
2389,2.032957365268755,0.22645125620346385,0.02396675542782952,0.001387631811370288,4.572775054893007
3175,2.0339704289807066,0.25185230419669596,0.022160154728374404,0.0015549794153957215,4.291803947114726
1721,2.0376515175450183,0.28507004687497606,0.06009996493070487,0.0017945756306277428,4.103837342668396
1092,2.0386484826599305,0.23874283509946248,0.06284563210561836,0.0015288154574828502,4.38274862105915
789,2.04016183700939,0.22882688069873242,0.039553336331644096,0.001943023689982742,4.657460306060585
155,2.0403958916065483,0.28093651305768147,0.022680979062790072,0.0016222633628733064,4.0638966130637435
788,2.0407842706802235,0.16846738310977571,0.007729660556187559,0.0020471524218791844,6.1011942638462475
2078,2.0423342612762894,0.3207575723207392,0.033607519255945816,0.0018150854398960334,3.652730846408696
550,2.044327917828377,0.2098218844618131,0.06513346310156247,0.0018151401070607743,5.264719803664656
3824,2.046060046233381,0.3686671848968888,0.0671672581334747,0.0019803121616280826,3.470691908453008
1091,2.04752843621744,0.2913967110136957,0.038927516155168006,0.0021611525799161368,3.955064618056211
1525,2.0499980352383864,0.18657248466454904,0.04315600642407844,0.0016983106150290585,5.379052251674629
907,2.0505494831740054,0.1960779773502391,0.04507325567962444,0.002137757778351828,5.730198786780861
305,2.051078969462318,0.19709581638094542,0.017264360915696116,0.0019265837512467369,5.452275969193863
6,2.051391213185175,0.21693161136983605,0.03519608813502527,0.0015511701671464461,5.170279307332409
153,2.051979103162246,0.20655118729095717,0.019000270109325375,0.0020065303160393495,4.909144663573777
3289,2.0545770317260907,0.19299706273073616,0.020665369896865196,0.0016587211279406365,5.35748787857286
3077,2.0555548823675474,0.2757059551116625,0.04941188852382074,0.0019004895559010368,4.161958652120796
2859,2.05687293191028,0.2440146106707471,0.06586567740776796,0.0015322871614769906,4.581780779733988
2269,2.0604703401307187,0.18354278552622877,0.023430302964433727,0.0016233926082858206,5.2949086135983405
2926,2.0609029065871165,0.22294465708769387,0.02630480180027592,0.0014817742071466433,4.533775337132928
2981,2.063232087939536,0.18438321859891696,0.030652872368291985,0.0017621709165942805,5.467129229010265
505,2.063263358127266,0.33194062481906905,0.04492333008953197,0.002271984454437643,3.552075316831705
1891,2.0638650511565655,0.21973783064492972,0.022767251945860583,0.0017435847543818747,4.773573647003726
3305,2.0656356158861446,0.26273120436455527,0.07141208163020134,0.0014839660550100937,4.297882210837413
3769,2.068228710788931,0.2830917118777835,0.036647457501270415,0.0016675823294707512,4.238929430858419
2280,2.070343292311708,0.21719167168541187,0.022894394271438127,0.0018008648722027455,4.717718549883328
1608,2.070650212982044,0.26428500759741175,0.03101103085144778,0.0016834537260518566,4.289082981130771
2202,2.070897077144037,0.2213230811961841,0.019622467279342803,0.001531201795536244,4.77061929561495
1278,2.071251976906974,0.33921881716857305,0.061444860913638946,0.001814784800566131,3.5567611097114895
2552,2.072030190086917,0.16143406067321556,0.0258948009386871,0.0017998022454897241,5.616025588137539
1090,2.0759100341700876,0.3415621376960426,0.06679670717750821,0.0021233679700728226,3.776930719630088
2219,2.0777282762183056,0.16134833568471674,0.013614657447399944,0.0023237781866993256,5.712309642253151
2992,2.078324037629734,0.2231065776727617,0.024934254438535097,0.0022252967197325404,4.802254919491119
2909,2.080874724926397,0.35384738477495953,0.10062607864875191,0.0017542807501994206,3.7310796595672704
2598,2.0829127357148676,0.27743465690757607,0.06944340289889586,0.0022013449961478665,4.282031582960029
1165,2.0854440803452032,0.18320837707675755,0.020709248600527377,0.0015730315357428632,5.376466455285973
282,2.0864434607052127,0.21202557873731168,0.028352176880472327,0.0015228340648436361,5.18389495701395
2551,2.0879161961553585,0.18788325289247007,0.01761750868010002,0.0020498624779880185,5.526116972406199
3425,2.08862091081718,0.1928341860422642,0.02529712489783324,0.0016860893864490288,5.237264827010945
733,2.089983603474373,0.24322848443607514,0.05698790377944287,0.0015636645709906096,4.726893739606329
172,2.0902070913194306,0.24314074691214083,0.031729422158040886,0.0015050215577087293,4.53514725800291
522,2.090927358245786,0.239998493072212,0.022641862375365758,0.0014976765208006716,4.319748877716702
2491,2.09284257117439,0.2682116642383212,0.041136057808546095,0.0017931436621712012,4.247082751227923
1607,2.0943111635643077,0.20755078825059387,0.015961949310319908,0.0016771591257684667,4.883277226969777
1327,2.094507595784137,0.22081129184704762,0.03627876170527621,0.0021546421109666486,5.247692465280012
3384,2.097120101116803,0.20605897191684436,0.04215181154249828,0.0013028230473671977,5.034630240189568
3034,2.0990560692579585,0.2837339044367355,0.05061502420292548,0.002149764924512221,4.191442014940495
2597,2.0991236132287856,0.28397404226678624,0.019045831252292696,0.001571463037411068,4.098623609913923
2639,2.1009441459075724,0.16914839918880256,0.01786883265885339,0.0020173524622970054,5.10422874954911
3288,2.101260973722954,0.3596492883935461,0.07045046948717265,0.0020007406353478503,3.3570048751122434
2502,2.103431630962636,0.19070183491524167,0.015838266236181824,0.0017530291698878246,5.6149220800083155
2761,2.103999147442687,0.2920196666926781,0.019549146933373073,0.0021993872092238623,3.9056518384717407
999,2.1046493153457106,0.30620047738171663,0.054596688349638184,0.0016703431294242178,3.8444119422939766
3700,2.107361767368272,0.24117217987316822,0.049371894098582884,0.0016938793217677035,4.74207489692421
2162,2.1090035403059426,0.305513756022683,0.07437122697858582,0.0015502268943773463,4.287670949420374
3206,2.115058231798655,0.14735832933902387,0.004942081230960434,0.002441708951881463,5.744393795433905
1056,2.116206055650172,0.2578021477518311,0.004217392203426709,0.0024049797471636485,4.563661845563313
3271,2.1172047972141748,0.227072379164245,0.052058222654677216,0.0014684138602472816,4.727224174120913
171,2.118350429914909,0.29194608624785934,0.07131214148655184,0.0016839390365859287,4.194272844334682
3142,2.1184775132189264,0.2281566854058686,0.03060813073983685,0.0022877242032469545,4.938841665021782
2433,2.1200731225156013,0.20392699373973303,0.03063003691419153,0.0014733079713369166,5.1582300718860825
820,2.1204913344988143,0.23804346113155125,0.04135167155124475,0.0014632488704839771,4.556753791474718
541,2.120882167909674,0.18224991806718965,0.005074436376348162,0.0016655763985198167,5.332629306008608
1508,2.1230454326895436,0.2356032419927757,0.0427790871655994,0.0015241527973576486,4.348740856467644
1968,2.1230738089391124,0.24803106211431872,0.04063693481237428,0.0015198237277248272,4.671170077972195
2236,2.1260672026857117,0.26731882721171674,0.05308267993782405,0.0017671697433563958,4.008699781309743
2665,2.1264129385540103,0.14138135319508266,0.006441398200749455,0.0021347176410631908,6.4577492889278645
1302,2.127214629911571,0.2341141031100606,0.035608656837791346,0.0015076071242963022,4.43907512673994
3111,2.128122626470709,0.2224529928819592,0.020648439047621377,0.002414754314050394,5.138148459528553
1861,2.1290840857107147,0.23646242912987434,0.018148422687665033,0.0016856823037330634,4.806223261507221
3088,2.1299351786983656,0.23090676867281074,0.03419646175626956,0.0017506069838815314,5.052827730174032
3755,2.130721688954517,0.2166056656334046,0.021763604229234006,0.0014583826329798504,4.806600404055507
1457,2.13178424850765,0.22973275133706234,0.022178329579364827,0.0021727693619888883,4.80714249658986
2405,2.1328875480200833,0.3721019331458578,0.09916964756128652,0.002155396894431797,3.198920451006951
588,2.137484252172916,0.20429094849102797,0.02291209273015046,0.0016076060498911614,5.185440131006796
2785,2.138678690426183,0.24264111851463477,0.018131622867810504,0.002541349280723634,4.858986182846693
1277,2.139171336986716,0.24595737596507106,0.029065559606131594,0.0019769143519869337,4.379512312419347
1911,2.1406987976443177,0.21033281956080563,0.03831824313385179,0.0016949064461738179,4.949164178709238
1806,2.1433575727535277,0.31666674021588426,0.05636219438018024,0.0016886297702495617,3.690270202758051
1456,2.1461775688963427,0.3338190965015969,0.09017150460179002,0.0016472174149094493,3.530480575075929
3792,2.14817513082563,0.27254737174109955,0.01808944450003519,0.0026537113576326587,4.567207678999519
1746,2.150357812868156,0.236827971959213,0.017043149076426435,0.0014159461747205585,4.374626823065939
3184,2.1514812920009607,0.12421027388660602,0.012586792282987655,0.0024189158763456434,5.732602607870286
1966,2.1519358056162603,0.23860689193807555,0.012518454727590583,0.0020976870263304994,5.05672386039838
2652,2.1527176836428166,0.26012741563144126,0.029577251200040983,0.0015605972660326078,4.602906392272815
3687,2.154591531655554,0.25114934019476504,0.04102656572063097,0.0014727002462393954,4.517767051918763
3689,2.15527642083945,0.22536735373576333,0.028242979870342536,0.0013982020195879062,4.768884250285867
3042,2.1571229778282137,0.2825801174020206,0.0170179435003613,0.002569724497874394,4.298272216266399
2432,2.157231233375713,0.20482734205526315,0.011988095924522742,0.0015694091237921605,5.060607003217225
1889,2.1590433918817085,0.22826849629128365,0.02178517536871602,0.001470102007524876,4.638467806555921
3000,2.1594329405585366,0.2560182230074097,0.036472747918193,0.002183970140430095,4.217304908288984
1675,2.162080032299373,0.2076577494945002,0.045385123792911104,0.0015037469648554573,4.958938665581492
2451,2.1623806860767303,0.15673373892154097,0.013754693477059567,0.0018140862371254884,6.191418752051705
2051,2.164249561859012,0.19521024136507545,0.012119740217245328,0.002195042253161016,4.729266485861034
1275,2.164490998229852,0.20220938037261113,0.017184976807431467,0.0015151875342544782,5.217991010135985
281,2.16458986529214,0.25405674505346326,0.00846393904500484,0.0021118224478830056,4.71950426467491
3515,2.164969229344828,0.33091414840962735,0.08428695307279928,0.0017774569826043958,3.6345707769504876
495,2.165973257395454,0.3584351561989062,0.08013676332901067,0.0017324286956830002,3.502448817262473
732,2.1718256628138666,0.2636932936515167,0.009161766951492446,0.0022849998077220054,4.4564708801687045
2136,2.172326007494677,0.18628350636582988,0.027266161751891217,0.0016325408862774495,5.404107204075496
3729,2.174204806775982,0.21775156232711176,0.02399456865085139,0.0023221742434291204,4.678231894371205
2651,2.1771408479514314,0.26127007043823003,0.06475772262064729,0.00151748918267923,4.60549322202044
1888,2.1776442481285363,0.12514100895803493,0.016985370123412856,0.002031969087108071,5.871638420948793
1116,2.1783292614412586,0.2645845276391653,0.002744529852113634,0.002501410161068234,4.6057200828267595
3204,2.181249342920172,0.2399160697677611,0.026262656657237243,0.001470445779218854,4.5110127240389986
1405,2.1815023366425375,0.2455610361850847,0.020184713069294678,0.001542925106685835,4.222655215168102
2858,2.1836977946132636,0.2609099356712236,0.011392290728427857,0.0024492438994735814,3.8511980017729655
1301,2.1859219014243365,0.26433568700364507,0.05113200342667905,0.0014946891927771972,4.241877986896073
2363,2.1864037615983527,0.2913233953122135,0.044546102206226734,0.0015137913226564233,4.254759825697276
2463,2.186917986370643,0.2335884629876387,0.018888372263096108,0.0019024766965620255,4.692955973398155
59,2.188156600974495,0.2550103136056521,0.026619469748387744,0.0013710664709187426,4.498120232540364
3264,2.1911967492972244,0.18022616270665784,0.01997851639733389,0.0018007408333721485,5.45381057504132
3065,2.1914746685847977,0.20984807877324174,0.009307231866807092,0.002078333826372325,4.694508023989782
2473,2.192098936130271,0.17706118331335668,0.014258311644563194,0.0015532885829175709,5.389425433543337
1577,2.193117371932529,0.17429323804576835,0.008033265304725456,0.0017226260366148614,5.711876599269162
2900,2.1931546147429293,0.1406490526709538,0.005907904819283325,0.0017685566840892522,6.162338823634087
1326,2.195038539509731,0.1553161890376308,0.03204518469827807,0.001754660903913541,5.596414620100946
2535,2.1979723136715323,0.3752695739340667,0.10630817977869367,0.002164847923844818,3.2056801901062646
1625,2.19802392123895,0.21866209947227228,0.04156235813364085,0.001452581824813716,4.9861659570768015
2462,2.198749055476375,0.19539559715764082,0.023064929608702368,0.0014406558130496397,5.068778824954627
3683,2.206265021506624,0.2760628362770078,0.05465771718806658,0.0015118605358553248,4.405768472854314
664,2.2092277432144702,0.20869764970677307,0.033717463196798005,0.0015425715878197809,5.036787850635503
520,2.2115255518367327,0.3211944523735426,0.0817844264968724,0.001551899663457812,3.9799504534562122
3496,2.2120122799115687,0.24650605584637297,0.02280467990143928,0.0016068403795002537,4.2908375831599415
2596,2.215245315144125,0.2436151986433024,0.012701681194648356,0.0017557042637832195,4.411779830071767
238,2.2196201317525732,0.3052286551769378,0.04269807146360389,0.0015718812563415613,4.153187527235472
149,2.219880672712082,0.3059010926252653,0.031872875483260926,0.0015899003911759393,3.769926974479484
3304,2.2249842411978187,0.31794039607764807,0.06323841499042637,0.0017670805028636182,3.4865762832440894
1945,2.226333225509259,0.1748703600404365,0.03670986953320329,0.0019093123111512441,5.913030732822861
2050,2.228622701222411,0.16714214924438647,0.008932322748094213,0.0017410967094728818,5.720961960294839
2235,2.2289949156679323,0.18346752591888094,0.014718908508301215,0.0016555925259066323,5.4576211572339925
3390,2.22984887403769,0.32772387393088553,0.0754204078375292,0.001682375012432137,3.6588677620028
1944,2.2325558607362685,0.20268482519457773,0.04104847492037309,0.001733403387906832,5.259987995125249
3825,2.2345185915518315,0.19565658236961364,0.03612653483293897,0.0014372446673464904,5.097563035117279
3644,2.2355837489603214,0.1974628668060425,0.038248656123198575,0.0016006037120064411,5.200040611983308
3827,2.2408481962997784,0.2237837593214812,0.02416009076445506,0.0013173376908439316,4.673741546022945
2833,2.244064894539134,0.26915650129277835,0.027958475211050427,0.0016305788267129532,3.997812649744283
352,2.2458570589757016,0.2870345171571772,0.04601798854813483,0.0015532121464161492,4.297278076731188
19,2.2468217044646943,0.2469943938799964,0.057729304350478704,0.0014817051169093648,4.525581111509845
1074,2.249624490986901,0.24037431843098822,0.04418625032836715,0.0014620725536832909,4.656881956359084
2729,2.252014808587856,0.2926945419491911,0.03246428616033339,0.001496859068596029,4.066986731935646
3167,2.252273466061614,0.2700691415989821,0.03148959193832065,0.001477621120533053,4.135274585451105
209,2.255300138783439,0.13930512363775777,0.012908159276474252,0.0019588960947710932,6.436988901064453
540,2.2619828270601445,0.21983581586229922,0.053394764480719434,0.0015908322325683258,4.955919488935487
2416,2.262831594316066,0.26979047309320814,0.054746696282822936,0.001521254427760615,3.9363667341388897
2338,2.2644768543430973,0.18317191851246734,0.015422115752207245,0.0016741254915910665,5.482169964968191
2925,2.265005378379439,0.2320656829295662,0.055274751617325986,0.0014637180314548152,4.831784461368947
140,2.2651859237793754,0.2598693994220765,0.05495059662766847,0.001419584465629212,4.576988628504294
2200,2.267858980512786,0.2535497265397909,0.043368637846199445,0.0014273821829149048,4.739808607066011
3075,2.2701657996313975,0.1893523094489332,0.02180587919202872,0.001457531106090795,5.235416094053093
818,2.2746626002063195,0.26210758506024306,0.032554910703206194,0.0015410880936958238,4.385998405570955
175,2.2751029377712886,0.23744302265239187,0.026723568522863894,0.0016862336297999766,4.422271477308525
1430,2.277398478754215,0.30734401527126,0.04374392450107029,0.0016847511034304918,3.8836173614555447
319,2.279498884846755,0.2524883339986858,0.04852586322013502,0.001438323999831454,4.6602287449959565
663,2.2819264687937886,0.2794125147689023,0.03727156878825055,0.0015064172503755225,4.123913141910314
110,2.2851160084065985,0.23593076298752513,0.030614653829201737,0.001476802217033815,4.616566806545668
930,2.286063306892424,0.2908224599811371,0.05333533187578719,0.0015083371810904892,4.585361666230172
2450,2.28801210682117,0.305009874221404,0.049589364088136134,0.0017087787420732498,3.614355846065316
2028,2.29174199044071,0.1516659639103416,0.016384886373375544,0.0021237889536371624,6.4130334765748005
869,2.294804296610655,0.353681089488286,0.08033724264002044,0.001678195244481445,3.2970894684042342
3725,2.29827404260839,0.19516629678388575,0.037864841326503425,0.0015510511575728934,5.091677832802881
950,2.3013599631469837,0.16259968075075668,0.018535352094091365,0.0017306758965593772,5.595114991804218
3810,2.3015312349721633,0.17099665856941293,0.01770637246476405,0.0015348133718966228,5.489313562709444
213,2.3033574204797,0.24708786916222583,0.05206366600549518,0.001558835200785244,4.685580611622507
1162,2.3062359675061925,0.22540279354574977,0.022604782740580785,0.0015434655781012751,4.7229337093728
357,2.307412074298803,0.23005276855870754,0.012590517191751888,0.0014607823535285308,4.61434156040238
310,2.3076285688552147,0.20465253496180552,0.016343280974101673,0.0015026888546456909,4.9402358122174705
3156,2.3087350005834395,0.23554712081004986,0.04015773873428775,0.0015996956946787177,4.481122265715017
2745,2.3126718191456512,0.2902896815816449,0.08503568767817667,0.0017327144395889265,4.183738582867084
2624,2.31359888459804,0.34266321004903333,0.052477345800997666,0.0016990657247419644,3.666722471808045
1943,2.3165682791739526,0.2571439014724062,0.03555846833054141,0.0014729621989952358,4.209476926501677
1404,2.3199269690906035,0.21737967266956734,0.017450960166587648,0.001377851521346616,4.939304990120426
2501,2.3201941049545547,0.21918634719143393,0.04375782924559202,0.001414014717059636,5.0884825957027795
1910,2.3227322019912213,0.144758765082276,0.004780565497119004,0.002237416086610009,6.504562098897858
2636,2.3244157374641845,0.17645741034545667,0.03975264958408113,0.0015858483696769754,5.103513003448106
494,2.3293984814539406,0.38256018490600924,0.07802206794662611,0.0020627364008008356,2.8289877137806427
585,2.3316241250746037,0.3261392524032787,0.08899798646019881,0.0016143571422371004,3.924597074267936
1324,2.334527791493614,0.24116907651400418,0.045686676772175625,0.0015317439551742996,4.764758934868611
1299,2.3364833013901114,0.21503295321064353,0.03747940154660141,0.0015232177262973887,5.039864372952974
839,2.338049175633955,0.21572333702096938,0.015891340516305138,0.0015547607758442455,4.8266817017485035
1140,2.3395023827381407,0.20137090873891308,0.01831445098254884,0.001500114448554159,5.146302011298577
998,2.339673222686153,0.20974357004740302,0.024077851768505156,0.0014683463471263443,5.06174724612775
184,2.3419086887082696,0.24794419385308303,0.011393300203272524,0.0016385653138898508,4.356737900316052
3109,2.344756968527246,0.2945512189636985,0.043571088454310195,0.0014652897868992984,4.134170745303963
1369,2.3448794427687867,0.19997645169427464,0.042874804117441045,0.0014241505832144855,5.080542954301279
1771,2.3478745854501546,0.2921146062322982,0.05134635897545577,0.0015404749628123897,4.13248886914509
573,2.348486334578387,0.26820515145031376,0.03252124509903803,0.0015112653408814773,4.266150728538461
3331,2.351821373842821,0.3385489199748201,0.07947448300865423,0.0016972527061031963,3.91470024638026
584,2.355498499746572,0.2255376381240836,0.03788749076783898,0.001472551393331638,4.8086382336575175
455,2.357560778720961,0.18513288274222223,0.021044376946047612,0.001456863953032127,5.2239009105695935
270,2.3580473500217365,0.14242428994636486,0.0066435133951268845,0.002123555790975082,6.461988174905832
402,2.3612957999852004,0.35035625532429077,0.06212001591474068,0.0018125132538685442,3.1548013391314296
604,2.362245368935616,0.18533930816112448,0.04827730647848811,0.0017528662784594958,5.376069467388148
3746,2.3676621053154316,0.23487509806106666,0.02776627549238353,0.0013193706957905494,4.560351677531777
1803,2.3726265414409724,0.27932440351705246,0.03509263194815407,0.0016275490764374118,4.0425503408448105
1860,2.373201161355204,0.26187009668508743,0.028032008731698525,0.0015866085737970099,4.394175737197988
74,2.374269186435078,0.19232473553972076,0.022890281730792463,0.0014791039837347456,5.2112131313509495
1402,2.3756655479517907,0.19242998550426704,0.027718790151859636,0.0014122885212784837,5.224744760477458
401,2.37572787764,0.20900384594447546,0.03295961364136885,0.0013626959643845639,5.010043097611328
108,2.378175557449088,0.2565834199622376,0.06275422092483629,0.0015907753971026973,4.082854957152993
375,2.3795510012988226,0.3369320252148309,0.04161891032959199,0.0016974843384923032,3.716818683097545
1273,2.380354870500629,0.2695245094079275,0.053135357428111624,0.0015127902021878467,4.703490567450926
2250,2.3816617860071445,0.19394146476229068,0.026850454773591728,0.0014439039008550618,5.071742329448945
464,2.384185358515445,0.2162783342741933,0.04198689385385971,0.001540641698340155,4.848388763570787
3048,2.3889506127402877,0.14944572834216624,0.018707109546553174,0.0015194909310906495,6.031550897735465
1367,2.390650643279586,0.2802800307919804,0.05498083144278307,0.0013654949238621694,4.469002928482343
1997,2.3921915343354874,0.18785481868164627,0.024964986461962275,0.0014598968105526732,5.324930790713264
206,2.393442741107655,0.25423329853438437,0.03864832405013262,0.001406960436666971,4.300738483160027
1942,2.3942600555946068,0.15611855057659774,0.016899228828152642,0.0018360990274700936,5.66741117539293
454,2.395327008975045,0.36633682909973014,0.08310270806722211,0.0016397468024434085,3.3196140788834803
27,2.401134394986343,0.3125394051111936,0.07261532707247709,0.0014887737617829697,4.124725927940565
57,2.4027071553501758,0.24987155015879764,0.023208658254764637,0.0017534566580349026,4.3731050350770975
3625,2.405410236049101,0.27136911448416035,0.02098370896421737,0.0015798126562670423,4.17631963482547
2856,2.4074011461796583,0.24318142894839642,0.04433388867736212,0.0014589875947524469,4.717575099357765
73,2.4093475740045394,0.32485509226520687,0.054865328523378075,0.001587528790345965,3.6135029483494687
179,2.412252735386337,0.2195486189229988,0.027666084861630594,0.0015001925786698545,4.950811863567155
1650,2.413304512697365,0.22820760627960937,0.05469190233232786,0.0013966668161817157,5.006909299937782
997,2.414435198463319,0.20742742767438493,0.015234715135317815,0.0014486430427211277,5.093891028543334
1770,2.414942223247952,0.26422509873877187,0.03768069557635233,0.001502638916165565,4.138058039901907
2198,2.4156607999009987,0.25315692949971536,0.04281437029403676,0.0015174012728764639,4.932581714809026
3219,2.419687201224036,0.1810114123751102,0.032070533049796526,0.001506532468794954,5.1981524830892205
2234,2.4209141400450838,0.21198585579549606,0.032476316056477654,0.0014443377549480457,5.07602670969178
3100,2.4241784870937986,0.37528028120938733,0.06526484851793485,0.0018152703969639482,2.9632786725357954
1605,2.42485291756473,0.15016467119999452,0.015044483939109612,0.00201781595016255,6.396364088263607
1694,2.4287544858725605,0.17779950097064395,0.026053148735335506,0.0015757241019221132,5.30402210866015
3804,2.430767250034167,0.1797236504781566,0.02537832743968325,0.0014959935266503793,5.2535312959569245
3823,2.4309105488152105,0.20396502952099071,0.028440490311591952,0.0013507939198357684,4.877824839013689
3571,2.433253910250978,0.2598011177536313,0.05956354947584269,0.0014618061105790277,4.525131776970333
234,2.434728421377119,0.24235553333439275,0.008738028571400231,0.001408925119521326,4.710049535058483
3235,2.438275805148099,0.26875678313833956,0.020738150011104104,0.0017741383500030831,3.977495590957669
1800,2.4419603059758574,0.34979030890354074,0.057680267193044324,0.0017307611186191253,3.621430950210244
1941,2.443368270683352,0.2874810127416946,0.09028646557650959,0.0017713053102523418,4.091254924889888
1885,2.4456111630753536,0.27602411090654133,0.03975299476555633,0.0015394350549336549,3.84498803916932
2663,2.446404981083471,0.24472427797350516,0.022636280089467407,0.001376780679129897,4.740008851871432
3489,2.447818691844899,0.21634308169554622,0.04729378653496728,0.0015011048705999969,5.231054059619961
1241,2.4507614743325035,0.1877048026729923,0.025433695882865356,0.0013824813151960553,5.217711660067106
2048,2.450980608575324,0.23220248754498407,0.04218559275337862,0.0013895986758558254,4.995515517898324
766,2.45455331743511,0.2238936027610509,0.03625447956454403,0.0014237050595909812,4.513479753166933
1476,2.455822101050569,0.23340263028722705,0.048669017881951375,0.0014798278621836862,4.904141748760283
205,2.458226873071248,0.13646000410607306,0.003115759525862964,0.0021265911932162305,6.518820172625075
2899,2.4586564061748795,0.23682247687974886,0.05243375951864023,0.0015513524480771273,4.461513937467659
3508,2.4596059300473696,0.3534221514121142,0.06963888900755931,0.001679871067231355,3.329087548785002
381,2.461274413746221,0.26508265485195565,0.0460567270313163,0.0014298729223322759,4.595722105572223
1185,2.4645667327279788,0.22196576325651998,0.01691485270019729,0.0015847147781149042,4.9691893936289
126,2.465727220776499,0.1944264597969267,0.020243841162151634,0.0015716432543561526,5.197086466255509
3263,2.466450542408931,0.18427623089609285,0.027143675896838488,0.0015033312526073542,5.137889790224243
3570,2.470331697286872,0.23504529198712756,0.03646004417221168,0.0015766536591632731,4.735024773537447
1348,2.4709366054801207,0.3069535078867991,0.05921861202523935,0.0015037782256085346,3.9440385106610365
3356,2.4721937771431683,0.25010737767950597,0.013900865579588771,0.0016176441717424624,4.379619096826989
1859,2.4755825700073877,0.32943311177401713,0.04726506538601733,0.0016528690271277512,3.8030921129212034
2026,2.4769157633086327,0.28675810739113355,0.05113886865892961,0.0015116914232880911,3.9475891589305663
2650,2.479802433238692,0.31948214394498475,0.1000325351218569,0.0021571271582913327,4.481692494425567
2047,2.4832477609250265,0.23939221164450947,0.03199418526412806,0.001430616398278692,4.581971054307473
2499,2.4855882389749584,0.1908515732486299,0.022140691849034437,0.0014040652400011922,5.163203988473711
400,2.4889372185976097,0.23749208569760272,0.031761523524971975,0.0014644115687253777,4.747931092022061
1272,2.4894839493505985,0.17698137041146206,0.01607333599955468,0.0014239638512537078,5.383171188632799
380,2.4898721108816604,0.28708663729033407,0.040931671674132676,0.0015160249428973443,3.783200749014462
2296,2.492421391411464,0.15033577487844074,0.015158513415950764,0.0018003930224202926,6.266113361669321
3449,2.4942416249618966,0.1672075106965289,0.03328889882770847,0.0016637393431504874,5.325845610802409
1271,2.4943035815447834,0.19040968106478467,0.030006704974658346,0.0014520006214567482,5.213670518909666
77,2.495390882082298,0.23855017266124498,0.04466465669947245,0.001593022457539293,4.722250691541301
415,2.4971196130654008,0.25321896470145244,0.015575178720615902,0.0013350962122014066,4.5835246457503045
1576,2.5021920619407356,0.28179945745947244,0.04104514077862262,0.001514504269068416,4.313666303739899
1161,2.503359027566225,0.2592775695739782,0.01336826476856556,0.001599406157141899,4.3334056448039435
62,2.503999977369409,0.19091787013342348,0.03561211649504934,0.0014946269331157025,5.012953823103253
1719,2.504690591024427,0.21610552229201827,0.029617805054276664,0.0015102594511196628,4.955460167448853
1184,2.505570886824792,0.20644680598627985,0.03355117185434758,0.0014996043375784041,4.845770664355371
2046,2.5071892845722794,0.35084594141080994,0.04553337738681933,0.0017513836939938273,3.6145828841985432
2623,2.5088685277240907,0.2956999406118924,0.09603101244338477,0.0019246387358166383,4.30913441333092
441,2.5128254735654014,0.25604372442751777,0.03742298274575554,0.0015763067114773909,4.141286019407579
3448,2.5168665935340098,0.3293134475558753,0.07661286813844896,0.0015367275747896383,4.228051831710221
430,2.5187967611791393,0.19397541164936294,0.030502294891479265,0.0015143492471358586,5.302382856424277
745,2.5207838208939015,0.36068927773195714,0.05786991527276044,0.0019884894750529032,2.9045795693653877
3195,2.5233924578657496,0.3127282015297741,0.07702338796761436,0.001647205941839441,3.640739416676589
2831,2.523757315794198,0.22536623487863605,0.049485305678416684,0.0015868230557354746,4.9912154229826164
802,2.5270441299803132,0.18796834286065245,0.01955781458381469,0.0014503282753525776,5.313184435834311
2102,2.527572153923997,0.1525757421031985,0.010543014484753073,0.002250419347209922,6.339296876146416
1858,2.5283291269514145,0.19670321532864937,0.023997378524189733,0.0015825219535345436,5.1147702622334865
3592,2.530659730074494,0.18339438584573875,0.028907702512206146,0.0017230779166916095,5.413193398298034
1964,2.5316783922575734,0.249400154373703,0.019108397700790928,0.0016313572976222551,4.55982218063611
2402,2.5331983066089165,0.2599806495542716,0.03840717597129614,0.0013922911360184373,4.293881401833933
3242,2.5336901893272623,0.19180655646944783,0.029512341455679606,0.001440883125816207,5.101990876687459
303,2.535858836141041,0.24745376532089258,0.012690734522622964,0.0014390681359945706,4.447420119151458
3527,2.537470627821048,0.2160301376225649,0.03757778272730915,0.0014538243283652927,4.783226476146098
414,2.537645651969305,0.3284590768810529,0.041873359621777594,0.001650467064485827,3.8631594591323237
1089,2.5412669306240048,0.26082796983053735,0.0753206183989798,0.0016665341558357953,4.81835656581841
2470,2.5418864666551464,0.20193895904537829,0.030424429028185953,0.001505040531929472,4.937661239187529
571,2.5444338116802068,0.2157943806951998,0.03314144552719471,0.0014692191939541291,4.862968671608934
1449,2.544880689041513,0.23713931677729932,0.029260035635351032,0.0013743139311218494,4.631411407830884
3726,2.5450740391211997,0.26474420426623524,0.0542418729795656,0.0014437966441288941,4.787874345867376
133,2.5508546854858416,0.36554938294892,0.05816012663767872,0.0018688376569174273,3.0448379149736424
2373,2.558512457849119,0.20248042360303384,0.03219499745457201,0.0013745136993475787,4.864801511277358
2073,2.558851430449716,0.18396859458175943,0.029125052743726433,0.0014583795317695306,5.158272366578296
2232,2.5602205201236794,0.18756567556246695,0.026353665385446076,0.0014843988930429122,5.702471297855217
1160,2.560346861989048,0.2713701429132814,0.033662754610336125,0.0013461028536253634,4.138913466810597
1211,2.563421993556505,0.30900423129668375,0.0558483178865393,0.0015407976493990827,4.217568497655445
2217,2.564664067731906,0.18896768481080412,0.026487816095197573,0.0013996823942612148,5.210654801113973
1111,2.5646783495794305,0.1767242844460103,0.01934423636117996,0.001421228523138841,5.358809643963403
453,2.565575797639813,0.18109799680752658,0.012607545812834253,0.0015957051941235822,5.538637494449797
2855,2.5680298532286314,0.2981331318201641,0.052606381824510336,0.0015829770033101264,3.9184474818178487
2385,2.568032248790744,0.2585696763196521,0.05165768936735836,0.0013884335702442187,4.555030176820747
3692,2.569113752592682,0.21736187717280017,0.023038578535075165,0.0015374723892854587,4.770184130227094
2562,2.569550221122484,0.27697107419041844,0.021547322464237406,0.0015133830875251387,4.335625634972789
2649,2.571281437816034,0.25111628503922667,0.07220286971694802,0.0016316022163923318,4.818862439256694
3214,2.574709005910878,0.2637546044686425,0.02753819411080112,0.001524368639774733,4.139450657796904
3234,2.575131384076097,0.20394869512135133,0.02463859684894369,0.0015812740267863914,5.29336531044955
2866,2.5766914966894947,0.24524823136635795,0.04980094072174277,0.0014635992392590552,4.880508746558102
995,2.579006938455803,0.20999708553746343,0.03489499535767561,0.001365201453201417,4.776711363935343
3506,2.5814121335722904,0.24460118727457725,0.04829363485037532,0.001613752125401607,4.603225959688084
2816,2.583250593649228,0.43162161283714773,0.08224039963791405,0.002202107120957614,2.544862887959785
3795,2.585576138381453,0.27854949252260275,0.06760856804766815,0.0015058828744081453,4.502945509135163
1053,2.589257255301443,0.26721261974849064,0.054242244060194664,0.0016640008111597363,3.9126965301596885
1366,2.5919284668539264,0.22198742612383415,0.021035211824983257,0.0013815326592116846,4.816255834920231
801,2.5953327579236554,0.20253858306422984,0.03026779087484361,0.0014324540422447644,5.193027970081548
661,2.5961606337916927,0.2622721536240925,0.03566669813727308,0.0014794208615792224,4.805080294819845
2962,2.5969731858165774,0.2301380717753213,0.02785447836682277,0.0015697393862141294,4.767595512686082
3063,2.598072912032555,0.2745553091232108,0.04239665197142359,0.0015038730395833444,4.495668462585048
612,2.5997303510244762,0.17940740588890564,0.027560975972760218,0.0017154086694230464,5.405703906123939
3154,2.5998506639498467,0.24535285206172752,0.023892222738879317,0.0014293091866732774,4.450066457307883
3395,2.6012031438021315,0.257224849528666,0.0742805338540174,0.0016697117210898776,4.844278916480233
2674,2.603206986230808,0.19392703319883875,0.01784635920941747,0.0014156359791187303,5.127454063611204
3686,2.604006301216641,0.2223334881443378,0.033678961264947224,0.0014649656062465633,5.308310372800672
1399,2.604929847387135,0.20612574594626204,0.02373519571496522,0.0015007570773491563,4.980218648611162
1601,2.606316725352058,0.25122241583711613,0.037705606727696336,0.0014007565573930477,4.243102011748407
2384,2.608144246177187,0.2069268240331797,0.026038038648582208,0.0015065808513395112,4.9238312368667145
2132,2.6091563981890853,0.18836937183068708,0.027027877497159517,0.0013840322785781615,5.193759025763544
2259,2.6110464673107114,0.3053340610803511,0.04539381819862157,0.0015790691680222766,3.676453072135658
2621,2.616165166059795,0.17727323822097477,0.0232257296349583,0.0015162553250638294,5.246049819246899
2275,2.616241159502912,0.22814080747300017,0.040589405147321005,0.0014011591913347073,4.592922567716933
504,2.617164230300291,0.2321415709971243,0.04113900954269488,0.0013707361964067249,4.8536637520892825
1672,2.617343895897152,0.19277960088002544,0.025806546573165084,0.0014121245290941527,5.2078148301278375
2661,2.6238849493511243,0.3062098956642718,0.03386632854136268,0.0014878441800091865,3.8579469391743464
440,2.6246847534490096,0.37432338769383217,0.07021519594347293,0.001782327558205224,3.1778796147815087
1182,2.6282422121814943,0.3023631115545787,0.09075783639260479,0.0020109371098877456,4.393907341384308
1767,2.6290356336162364,0.3063267894554572,0.05163579996353773,0.0015337443255766222,3.894801980750146
1766,2.6293786457722175,0.14556237188236948,0.007809935182507672,0.002128239339875654,6.559657428607114
1072,2.631113158461302,0.2413575435612828,0.03951550372337987,0.0014342472108528354,4.445097072361193
3409,2.6317306940848404,0.21331699749851502,0.02185483724722482,0.0014633372986896235,4.941846159806685
642,2.633800131357543,0.2592085424957323,0.02812795949066916,0.0018399249662189971,4.275598585910249
3376,2.6348397088052318,0.19706235959428178,0.021752466869476517,0.001669757315145324,5.286448408133847
765,2.6355405504286864,0.30713442270829316,0.06174302153635138,0.0014305690488352987,4.417071259060828
1020,2.638275826955891,0.18800021206805442,0.05155337633935806,0.001656507002190116,5.269256574281076
2703,2.6398099514263675,0.24192210051347357,0.03508747106837894,0.0013890797592899273,4.4807053032608195
1019,2.641579866216042,0.2466712327874146,0.035255018547764236,0.001585917574649077,4.618923752166279
1671,2.641616856279393,0.3249841418604957,0.05518269649630591,0.0016167417710552209,3.750116015473957
3513,2.642079493962556,0.2105738565483713,0.018053213860176474,0.001506968178576802,4.7582003652132805
583,2.644978921573115,0.20393328512716824,0.043103871395520535,0.0014465560462938332,5.116175887902889
2783,2.646392437569572,0.2022777194263257,0.020781383783097053,0.0015377895298409,5.164961328044518
2158,2.648043856086231,0.19218676555497827,0.02483720846674444,0.0015830876689714147,5.283753531850383
2335,2.6501362112458144,0.2741964246014495,0.06232655189298145,0.0016329585446934122,3.9401912271059176
687,2.65249276713764,0.30109425275873614,0.05560111892236155,0.0014987788022133512,4.1330599017579095
1833,2.6546466037214045,0.27871192791473187,0.044614116786692075,0.0014025715066414148,4.185034560818781
866,2.656474637214683,0.2758328636392606,0.058479202909586116,0.0018340300407242445,4.539905879304364
2687,2.6581697921308627,0.24836397746795447,0.027804204378698766,0.0014684343678667072,4.494041101290964
2634,2.658912831152509,0.24669653053354407,0.04567586094258176,0.0015323076139242744,5.045140656480985
1574,2.6593567169540915,0.2449919926281749,0.03633499370806255,0.0014439794155329823,4.657092991202458
1573,2.6632856414116763,0.25520896794355674,0.025084917688654233,0.0014850403252350299,4.090062775164563
1693,2.665102091218942,0.14908809011773005,0.01608631380466908,0.0016333894034053526,6.053554293620913
2309,2.666633526216214,0.29466176416038237,0.0605212145757552,0.0015808622065946847,3.684336326066574
2890,2.6682860107488633,0.2240527484820407,0.039314688631801015,0.0014079041381976547,4.609594555601083
1158,2.6686668091051637,0.17923698579333916,0.02202872657949149,0.0016275084529427334,5.3803019395647205
451,2.6692327850216615,0.22844827254011857,0.03248594929039627,0.0014147935014371192,4.9320045862152675
3739,2.670349985687204,0.23951114880065016,0.02965918201661599,0.0014211304027233003,4.558153338193858
1623,2.6752118788169796,0.21794892032785315,0.047268733429991786,0.0014709948294795827,4.834155156785084
3780,2.6759532804059707,0.1689728847556998,0.01947673322896164,0.0016102659012071224,5.40444104100972
2361,2.677354774293835,0.2513695893139345,0.04515761472263802,0.0013534131456938996,4.630340483378633
2673,2.678125144565949,0.1833701146674782,0.019873781883682967,0.0013429141688430677,5.267072268541585
2130,2.6809161135633945,0.33928325570477275,0.052559170510900956,0.0017410802560527067,3.815403471737439
3108,2.6820311266093153,0.291024272227031,0.08003588474633944,0.0017112840861187187,4.617636357217404
3203,2.6832260855657726,0.2299208139678394,0.033723401136655236,0.0013937777212590415,4.734752300636831
1647,2.683479832932599,0.20515087764908374,0.03468239741169532,0.001373540203903542,4.913755173136483
2231,2.6856490583464887,0.3114806172588981,0.040391855194276786,0.0015607546457385006,3.903332628011754
2873,2.6875680896181486,0.28466035620217633,0.04011687515578567,0.0014631529151988242,4.31519081739064
2743,2.68823823658585,0.19687153597286078,0.017628017784136894,0.0014656694096843441,5.088261693026503
3543,2.6898144841494736,0.20594535039563316,0.030208309579523654,0.001497681681630287,4.970340193099847
976,2.6900783975141445,0.2852304419132015,0.040317014039470626,0.0014099889265190232,4.522159221885192
3355,2.6922201405274673,0.2623969238862849,0.05338596856913643,0.0014522192393847065,4.188830867038014
3494,2.695003890239132,0.3098561447802727,0.04926068351969979,0.001499763281645569,4.21924055981263
1600,2.6951771714455117,0.2550936521363565,0.05727739596841064,0.0015413238201994121,4.020294128716913
884,2.6968203388752854,0.26631357522789517,0.021998192332298473,0.0019010678114440023,4.315248100564791
1323,2.6979436933223906,0.15825654303872674,0.006087909859552353,0.002088967348570578,6.313258241498543
3099,2.7002461034483223,0.16565651899233608,0.031115630631026882,0.0017918864589449538,5.412648230409715
3707,2.701766158135653,0.26358657322673545,0.046390214306192515,0.001563969224233547,4.259806691238491
3062,2.704018577961135,0.2530314905116018,0.0597004216610939,0.001476452765380491,4.482065411180546
3416,2.706775911474917,0.17014535200603362,0.03129198381895815,0.0016684169642566325,5.456316335760077
3635,2.7072103775588103,0.3326769016351399,0.05644987436784148,0.001748418189840954,3.6988736345728617
1447,2.7087111961910586,0.3279749924784939,0.06867578248042411,0.001935767221158189,4.5394856112317665
1296,2.7093563700372854,0.20690273811797874,0.036626497091638524,0.0014551755131452973,4.851439195477632
2672,2.711964127543402,0.21141759037112193,0.045075848048281804,0.0015607764119787543,5.0592012107018896
1138,2.713253023462915,0.2740971566169071,0.05450582486966317,0.0014884608276228824,4.121543856049387
217,2.7165499517566616,0.252193031102204,0.009904058382893056,0.0015155293828249623,4.549581277195323
660,2.7166193061029302,0.24704618350153285,0.05799861406910792,0.0014847630819783246,4.486067772009072
2953,2.7169344751313393,0.18824614753093188,0.017677248186770786,0.0013670110597335508,5.158184860953591
3512,2.717093647190017,0.22936378492121778,0.04975359858335354,0.0015162243672181897,4.618829209735065
302,2.720473157103867,0.1864069458499643,0.021994947383853054,0.001408545953632428,5.265242202609736
118,2.720547703312986,0.1788203061071466,0.011005995758935403,0.0014698504821020167,5.352779876608128
2936,2.723820457903986,0.24517610291999392,0.03960601639688794,0.001422836323382461,4.73207041683075
1718,2.724758510854613,0.2194041305195777,0.04267803783250053,0.001465732423515753,4.740536882437871
247,2.726163878626035,0.26931219449973187,0.016780926171927932,0.001675787932751843,4.088888898842125
1646,2.727612462450337,0.3372728785632354,0.07769462310455913,0.0018940643913710545,3.5299717755258175
483,2.729068668091471,0.2703972910203616,0.038108303222542446,0.0014630801547073531,4.413807766604073
1938,2.7306075321835896,0.26049086935855653,0.032043918790864,0.0014928798682595872,4.364956348907226
3596,2.732712413907349,0.2601622011651439,0.04450719128926654,0.0014387072536862133,4.677279744355163
1832,2.733172028097908,0.2222765501222166,0.04979450672222981,0.0016501158573051968,4.514112652066297
702,2.7343921591750204,0.136348378488714,0.008491271738790716,0.0019305046270856679,6.434785738143847
3276,2.7358573231339967,0.32437418883424185,0.07246091685084836,0.002108305884284502,3.782260219081617
2582,2.738211089435869,0.15509275016037538,0.010251660332656757,0.0018904967096803403,5.788405798773386
3415,2.7382185609659095,0.35953531425797997,0.06569865126999921,0.0016929193346024256,3.9548076504283403
2157,2.739233828698934,0.3286038992380439,0.055530809889130936,0.0016641846927517455,3.5973526247053367
2489,2.740777746090651,0.2303925064131378,0.046550201227165355,0.0014231028889079235,4.6594177580204725
570,2.741718574715331,0.19113630491733352,0.01926994934675742,0.0014377193472571673,5.250379379198485
25,2.7457973869870616,0.19190279486323283,0.028860639367937008,0.0015918765543571176,5.136121824710885
1883,2.7462902479788274,0.23562004068321035,0.038593361981568146,0.00155148292478122,4.744810427622665
148,2.7472521120565907,0.2749754822236004,0.022849561038940203,0.0017696870019486461,4.336778041357903
2534,2.749210373174382,0.19858064066619352,0.04594644374574923,0.0015885010864990614,5.091998641069489
1210,2.751908468280693,0.2718680698553315,0.0775655914920174,0.0016367762923508529,4.308504500017005
1137,2.753487852804227,0.23854014763598697,0.030616516607708293,0.0013646235293449007,4.747908487517913
727,2.7541434637557134,0.20902052608244076,0.039458448180265164,0.0014501524328594368,4.8507989952589305
3532,2.7557793135861717,0.2708970458337365,0.03436322587630169,0.0015059929898630974,4.366873177518482
2156,2.756341931945553,0.27854652317875633,0.03469683175371683,0.0016553405576344173,4.31321606432056
97,2.7571214641590642,0.2468115893890043,0.011959045077697532,0.0016686129912810688,4.527910867335571
1087,2.757463416132212,0.3228161307687901,0.04787092509855599,0.0016087076435058565,3.8639712641567705
2549,2.758327148481082,0.22545038564382974,0.06414631733401792,0.0015583023809959658,4.560728629057308
1157,2.7603280111731854,0.25942311648834393,0.04293260705242829,0.0015497650159997482,4.4893286961053835
2701,2.7605285560975443,0.18357470617636074,0.00907374034180222,0.0014757149004609592,5.253535883295736
1645,2.7626915113291517,0.27130823815160854,0.05134028886493951,0.0016181812492268117,4.490383615712783
640,2.7650802903587,0.13644954098324974,0.011993176095303515,0.0019555024398992334,6.4231697324771435
2401,2.7661778881026367,0.18400966240806527,0.03638966446684068,0.001464363768070109,5.180166441704931
764,2.766408602070726,0.21045580861677698,0.028685478521361447,0.001465090687725294,4.77574702406767
3346,2.767292013060184,0.18820021633876238,0.027001125668260392,0.0015307202290587927,5.1852679302992355
3433,2.7673102264931364,0.2227789753437756,0.057323603627288944,0.001484584579175328,4.48246333842279
726,2.7680643935969,0.15421737770222133,0.015390442398301079,0.0018545415782156432,5.618771526640838
152,2.770699188917053,0.23355837776985994,0.06080823705140565,0.0014630646590982816,4.754788033083651
2865,2.771218113637422,0.29834836183262914,0.050629793241191344,0.0018166057035904875,5.115802283007769
2294,2.773814433815629,0.24466491309954752,0.017404792090132928,0.0014679837726608567,4.605658518896898
1717,2.7752815018957597,0.2673853156398587,0.04493169855436404,0.0016711515585901824,4.29527269237896
783,2.776425345403975,0.2750246021990105,0.03359377112157392,0.0015732028698314982,4.5780217993024
1599,2.781056282248966,0.18150867104310997,0.030336216361145196,0.00156509560754844,5.335525974937666
1295,2.7811467370920187,0.27315483895721304,0.04615063001115645,0.0017332270979718088,4.567741711649097
3354,2.7816559553601983,0.22406473289094586,0.025194151271778688,0.0015090801044522397,4.7488416204706665
269,2.7825615217749586,0.20383591134936027,0.022519177693548165,0.0013670032139101776,4.957331002011381
2700,2.7826250778614696,0.2085691344801729,0.030453497776666047,0.001442904414050262,4.753879466342906
18,2.783391682084916,0.39046539007409964,0.07317311235593642,0.0020906213146910783,3.6694733459972113
31,2.783573882446896,0.5942068200106574,0.16395280583581204,0.005404935711292296,1.668083950236039
3383,2.783846295294615,0.5654632007637095,0.16941519830344026,0.0062553275730936435,2.0598143672094755
1071,2.7860643823162,0.2759061760673703,0.020560362367148016,0.0018566602063032043,4.045018113817335
2,2.7904719072088193,0.19642265828709457,0.03262517533562792,0.0014007873191087775,5.108234695612339
2670,2.7904794619419437,0.21462664467020642,0.04809097718884316,0.001480358000063604,4.588754108126331
503,2.792614667521289,0.209103675758534,0.02180129808592408,0.001461073222445057,4.808439163239276
277,2.792944182722188,0.22702022049480572,0.03801241460139796,0.001774750483798138,4.192675672750206
658,2.7933993484880024,0.19543928228032906,0.025863784079148598,0.0015997553386133637,5.188210505613235
2771,2.794761459939543,0.17084221782340586,0.010053924619868065,0.0015904979595073381,5.513120290156525
2961,2.7949412505442717,0.17155042078690289,0.010221986704845386,0.0015797006970559005,5.467210511901245
71,2.7969437567486657,0.2971030729469557,0.058938596972498244,0.0016771143296508148,4.020732474633801
3607,2.7975033931200737,0.2590524854089752,0.032471688586744124,0.001673274087690714,4.289505482452133
3656,2.799702741627103,0.27433423036600835,0.029726072663091657,0.0015306462690497192,4.125745615113352
2383,2.801755407459585,0.22768951249947478,0.02522960601655917,0.0015068532716224045,4.763585936122244
2648,2.8030842156093914,0.13571034073123828,0.005416261718624861,0.002201448272644352,6.5524750123433915
2360,2.8036248119377225,0.2559806883058807,0.008534298840661666,0.0019551395211994263,4.429539333554115
1798,2.8049921760464125,0.15336211996405225,0.03083059826207307,0.0018336153937980545,5.485176869011054
1670,2.8074739173017376,0.19543835277145694,0.026289483756495712,0.0014771003623259837,5.000052099106032
602,2.807477896067337,0.18609380518336527,0.028111494901311356,0.0014735765131759244,5.141117266729484
169,2.8090537868867846,0.1638390196648724,0.025520602351379346,0.0017715983031052582,5.372083953734739
883,2.809383776383014,0.18699905336898456,0.02110264478446424,0.0015352316694595052,5.282364039820218
374,2.8141692724275242,0.263169975604731,0.0481062889913538,0.0015850662048689625,4.573298276610324
3457,2.815027148783097,0.23084967058188577,0.005571060730819854,0.0015281866123787687,4.775302688285787
56,2.815536105940428,0.19092271217864992,0.02683548061068347,0.001490962042622255,5.090750694099199
623,2.81660525379618,0.2004577714055574,0.01827239770006176,0.0014990506944236933,5.023174395137308
1797,2.816828832128011,0.19507121741159802,0.021035180335897248,0.0015269782338765915,5.301757300952909
1882,2.82002197592254,0.583314518265261,0.12680592777121166,0.005925371495256824,1.5027780143841265
1715,2.8200356643862468,0.5822933195224766,0.12643543585572048,0.005890957452436347,1.5130944564015998
318,2.8224611299264835,0.1931408685090698,0.024975310856772993,0.0015460624829313728,5.166328816296545
492,2.822976585790081,0.20676085107248865,0.012510345035694969,0.0014108198586879584,4.99044195133253
3478,2.8280343472990497,0.17998036066732587,0.018709635549508396,0.0013741420533680325,5.2446517636261625
1796,2.8280640563445245,0.18268125720766926,0.024594398229125812,0.0013215293591036065,5.197802315170916
3534,2.828839451604139,0.2440098159579208,0.02293026627423884,0.0017332213469667627,4.376163819421246
816,2.832259262660489,0.13266000102748224,0.002546618012129013,0.002238835993777101,6.586109308400841
160,2.8323318649876663,0.20696009488860373,0.0424996086648415,0.001513072162738584,4.533987398030602
2845,2.832944165740619,0.1902872308062059,0.0347871141071522,0.0014841072121331979,5.0622874619960285
1365,2.833276598774042,0.19123733115288627,0.029182562514262433,0.0013909381225677177,5.019588618363373
763,2.835413610814018,0.4639958593523513,0.08404987637342125,0.0031917216279490537,2.3252558908545526
1427,2.8355721917660355,0.4388571195086073,0.07721124799841216,0.0028185521753476637,2.6105336567536077
548,2.835659074233677,0.17606393348630778,0.010191598698182348,0.00158185355993287,5.391364055214742
1523,2.8363009838770346,0.19318620528109529,0.015354162186521341,0.0014305983934720702,5.189523408269052
3362,2.8369286079094,0.1803900670768765,0.018191491318288296,0.0017372595762306668,5.353476901952547
3659,2.838892375168214,0.20563915979570924,0.03470304516888298,0.001566776177853929,4.922308272502962
3464,2.8394643356195357,0.15485901508937575,0.020518600297815767,0.001910029957762228,5.514400474039839
518,2.8395516924708644,0.1725817338181233,0.02282360696238735,0.0015818358253246287,5.351639222913974
904,2.842671818690832,0.34299891842293795,0.03204211197670492,0.0019483723644093433,3.2656429587426183
2101,2.843060966826422,0.3430031841016679,0.03246717002213925,0.0019911734872049463,3.433252577841059
975,2.843677554744414,0.28733197041440517,0.020073126098138893,0.0020775668121842325,4.002800113714095
364,2.8456503534928945,0.26049774922111435,0.031491509805447016,0.0016296435697099431,4.221639723674783
3071,2.8469225750958875,0.21281897465759542,0.02848114506959377,0.0015728260262078083,4.965682311581067
902,2.8485989528968174,0.22837281009242005,0.022984815322816078,0.0015130578560561471,4.513065902079317
2595,2.849470877597118,0.21342592883587222,0.037293294105757116,0.0014634485758964063,4.928524301276855
3345,2.852767560240687,0.17821776838393572,0.032690496414379176,0.0016672832849729275,5.250066164641698
350,2.8560981645499384,0.22971517249170903,0.004680319431610597,0.0019141245734141047,4.722523721083152
2742,2.8574404376794003,0.18809764414259134,0.025920428259152372,0.0014701451392672897,5.243523566416884
1446,2.8576528743361043,0.1825931112133505,0.0211409298356448,0.001487940210114339,5.177175980028807
1962,2.8658031106037987,0.17514559535642663,0.016332102696807523,0.0013848597906634768,5.289458812042838
1541,2.8660329287123756,0.16732071309913632,0.011949128597495445,0.001444736476861026,5.442321162028463
2527,2.8669815570036667,0.17999204992332263,0.02341133104595913,0.0015076994043432314,5.2662243777188165
1857,2.8671893744464447,0.17044842909827967,0.020796754353589235,0.0016358024388370257,5.444627323374167
1474,2.868222342844124,0.21084503790197703,0.019211911326683234,0.0014664281621139855,4.84977642580558
2609,2.86866691876434,0.21021176758808652,0.021445097108989505,0.0015478787887094005,4.714297170642805
3477,2.868897881610299,0.18334002265909602,0.03239906447584394,0.0013961425110214018,5.084768529465546
1398,2.8694246447193597,0.1731958097400202,0.026785971867522015,0.0014200953859901902,5.294730355583674
3403,2.871616896204968,0.17359394684336907,0.015157491475903772,0.0019203845472627113,5.832726116250987
3275,2.8731101759363016,0.15853244611935904,0.008938614498650826,0.0018770686259837511,5.738077266951304
2488,2.8775955699191407,0.2110571293655514,0.025344665748037606,0.0016070891040341473,4.813922959840934
2714,2.8785796135243182,0.16547803767161087,0.022839083977447567,0.0018157058338315788,5.54913157324536
838,2.880062040770628,0.19485341794716682,0.01729111180750643,0.0015570918423055058,5.069919057690873
1086,2.8803562571076844,0.23409576297159057,0.011824873963997836,0.002064527298495093,4.477975700501746
2325,2.8810773241175665,0.16422778756052842,0.027151960739826442,0.0018284767328533413,5.4378559824511585
2372,2.8825585118195973,0.2381371512601266,0.026784827368545688,0.001563139887485124,4.288509622444938
1219,2.8865186780687795,0.20994309474029976,0.029640370422213104,0.0015430873941034463,4.972552784169647
947,2.8881535769804114,0.19758449744782078,0.027499334174247724,0.001443685216190151,4.996845342748632
413,2.8889225691866205,0.1791777481063829,0.018038722814795606,0.0015554251698735512,5.147866758331743
3368,2.8897813334489286,0.2817568000460046,0.013771276756920898,0.001551344512297551,4.007915085162011
1740,2.8899989070454577,0.359696404038034,0.01233305267610158,0.0021811040281765424,2.9787887079147395
1995,2.891065509049626,0.2746456572354314,0.024560806106625376,0.0015060596975186899,4.131573816156114
2660,2.8949913836969503,0.20563078475810598,0.0308869408490565,0.0015524013453088838,5.0535189748321585
3019,2.8968600748121074,0.15452197324601805,0.014318069184358812,0.001765100362082241,5.854845068040174
429,2.897242473161943,0.2079550736170785,0.01035521539144274,0.0018772217808060933,5.132494545779851
3815,2.897791195876807,0.48912658351228727,0.059762628354687104,0.0036636780463872396,2.0490234928361755
2071,2.8978448919135698,0.49482697812964216,0.061435667915754666,0.0037573005026938634,1.9725915213777843
387,2.899377800232545,0.1264267256074254,0.02428446008154456,0.002033877741196351,5.662973061075471
3262,2.900295926947467,0.18466778375492812,0.03809223512387987,0.0017344680263647377,5.10138081627594
2155,2.90213726033056,0.17757130740153126,0.01564070472340457,0.0014186410303973335,5.258753740757624
1522,2.9023842155973028,0.16990967884761368,0.013917724239509374,0.0013803970017288094,5.409418132627788
2952,2.9066032736731984,0.16871325477189092,0.02427213910622561,0.001581308139611354,5.289821836154729
70,2.9069014645477482,0.16647682044615614,0.03725267272180156,0.0016861953077173572,5.196438471460088
1961,2.907091402868839,0.18140718922819526,0.01946746486215888,0.0015691789061960191,5.218527996584205
2129,2.908119068554166,0.17421303074732178,0.013352851279032104,0.0014959028939190014,5.415545890663953
491,2.9086271366015555,0.1742681962397351,0.009264396840008415,0.0016491323940219522,5.467488552437521
1209,2.9090252291664696,0.1747019579131947,0.02515461241586539,0.001578303216854368,5.311425052786393
331,2.9118283836325256,0.1883010285014946,0.03076684452115363,0.00139757273743493,5.0194807113416235
16,2.911938422213991,0.16611827293069362,0.018310138361449825,0.001429322211725278,5.404391657691357
2025,2.912195389122264,0.6845015883226743,0.17429167725671044,0.007810737161534572,1.1641703583079355
2757,2.912195640760353,0.6836694769862595,0.17406899536480894,0.007789311165660197,1.1703419709473248
1294,2.916823351507685,0.1913112952110911,0.015404722255995122,0.0015501467366188695,5.013237953959942
349,2.9193364443153804,0.15592209578987618,0.028555743903322293,0.001702021869410451,5.466194267515225
993,2.9204007539452546,0.23225734620189348,0.01853752342989152,0.001957354309231168,4.612775267040471
622,2.92193895214623,0.23630902380185592,0.045431742588577066,0.0016610997933137496,4.32427269886357
107,2.924851626019642,0.212055671600576,0.014735200388390091,0.0014891887687256,4.73537803466836
517,2.9285138373827473,0.2138576319930634,0.02230222901773176,0.0014849542878924789,4.734487614700662
2100,2.930109744088905,0.19816144090481552,0.02279691590331712,0.0015260500014081689,4.966369325157897
136,2.9318625420551516,0.3298417946975444,0.018288696298249463,0.0020045251819542234,3.12862480502912
1156,2.9324817848452587,0.319751590387226,0.012419420816430882,0.0019292387274654128,3.309294014582618
490,2.935967778177785,0.15030552743891581,0.006491822762974574,0.0021039514631055545,6.463877130688812
2044,2.936092953130602,0.19220741696458288,0.025823407688459303,0.001552013730002226,4.917380501725114
2293,2.9364893975732707,0.15745515758297762,0.019707455708248167,0.0015952111580535802,5.460980144091509
1397,2.9372530612645433,0.16727603710061761,0.021043645123205244,0.0015789264561336352,5.377675323004382
3476,2.939228039474557,0.18716897086983703,0.02207003950185567,0.0014147404412696355,5.1548257158759725
1937,2.939710710703544,0.17362514286753045,0.01637844184906679,0.0015666179662665349,5.47721837428662
992,2.9404844024399712,0.17244924792554578,0.009798823446396012,0.0016207701884999224,5.654482049128402
1994,2.9404863226310836,0.17335445684140935,0.028801249430145826,0.0017605900531701673,5.360970377705913
1085,2.9413027401333203,0.16449407281532577,0.023136675085359968,0.0014451955015441517,5.393420828836151
292,2.942390482162347,0.1856268772325227,0.02413956213713391,0.0014873534243539722,5.117908203087913
3794,2.9475526547510422,0.19652048627250995,0.02219155365194421,0.0016939701426931728,5.173890066814296
611,2.948785212976276,0.1875638960507148,0.024326588486810498,0.0017270932683004217,5.077878957182998
1714,2.9503062345607107,0.23013808776490743,0.014083491589083265,0.0015032083392591098,4.477775941699875
3055,2.951278312806156,0.4533299612887145,0.01858922550615367,0.003590397426764067,2.0975412825344373
3183,2.9512783160197915,0.46293193538155014,0.01837886954629801,0.0037845107294322633,1.9899159724396802
2935,2.9513180725595993,0.950923329843353,0.4967378632737125,0.027210355555660683,0.38632513395055024
3018,2.951318073494203,0.9509330677921158,0.4967174027660478,0.02720933725986388,0.38632375153263404
2960,2.9521636926486656,0.1710652844832465,0.025761253550780766,0.0016253784592999035,5.391290816956002
1293,2.952486083303576,0.19229878702002995,0.022558731041439344,0.0013813783407820733,5.1203658826341325
39,2.9570902994415307,0.15711020089331468,0.024662976514732843,0.0015691958392077573,5.392504760430842
92,2.957188717647264,0.1658260211678707,0.02284930332830194,0.0015029190796486127,5.392932196145139
1347,2.95886867668441,0.17316026840852178,0.020674679783322082,0.0016284654364629384,5.405430690255543
1540,2.959464512024667,0.12581006396224426,0.01393753741383198,0.0017795035429516016,6.094651900395791
204,2.9615241552901703,0.18774621667394703,0.020287455119945116,0.0015249271344801411,5.248436445119758
2560,2.962356970032148,0.10985154543004333,0.012786616395288537,0.0021875197232963488,5.902428097874211
1881,2.96287439365719,0.16729713873808033,0.0396008500537143,0.0018257799426557222,5.14814425945174
1322,2.9658666845935344,0.23563526615227887,0.018316416641863335,0.0017235197774351843,4.513830697472064
330,2.9688792516186884,0.23909330697628828,0.018178209942344432,0.0015736776052125757,4.306334609248408
656,2.9689217412552473,0.3036188433657629,0.024646972586670028,0.0018726975064132193,3.378197954567378
373,2.971749850619549,0.1330434236024609,0.02954780892463323,0.0020032240394052474,5.54236587646167
800,2.9723166416980233,0.1932104548687014,0.010854469463927619,0.0015083640204484909,4.850766991869527
2516,2.9745324704253857,0.17506633983517672,0.025033326463826472,0.0014028233804938065,5.278431302681971
516,2.9747538137510743,0.18000833337865066,0.01843989368043935,0.0013723094080058532,5.1828361464311
198,2.977405454736285,0.1914360574307034,0.027388803575613838,0.0016382437402846556,5.165595551350082
2526,2.978926817274236,0.1920660441265575,0.02335537298676233,0.001564404353023179,5.184393841978844
1346,2.9800599839639204,0.17681919525112483,0.022297838127745703,0.0014157752359365398,5.394865693155553
799,2.9801780182406037,0.16909929593009265,0.012657749248406723,0.0015242205209978598,5.555366009469788
901,2.982184696702324,0.15534101324132718,0.0209400856770672,0.0015266943252864925,5.426544543161085
2184,2.9826923373957808,0.15709369861209382,0.018421352731480184,0.001483707284574717,5.486353035906882
3302,2.984346716084518,0.1334427494045211,0.012973082959212168,0.001841030057859994,5.718880263970359
1909,2.984544359418641,0.6493046426741471,0.11835496112863336,0.0074786255165460325,1.215750777950808
3648,2.9845462534619127,0.6493569796197309,0.11836788829636018,0.007484874733021225,1.215754289016595
147,2.9850639477780603,0.1507837639485492,0.021144531345887792,0.0017656833848807049,5.532212263657792
2888,2.987844303105347,0.23697212123933112,0.03815394132453949,0.002445782563532628,4.196470039209407
2498,2.9944006976490276,0.422327301268009,0.0046700259239551185,0.0035596142929328702,2.130721446304468
2400,2.9944094517257414,0.42597456111203025,0.001772496224117476,0.0036497037148730963,2.0851912268950863
3618,2.9968054616683037,0.23719153085078717,0.04106884099001777,0.001598292227751467,4.319850484641515
1018,2.9985409462709867,0.25676215913028894,0.012198023098098056,0.001710820299893379,4.061332469440352
1993,2.9990195745311747,0.21495593480174552,0.014274898903852824,0.00168885399887766,5.130845776535441
3153,2.999292359459715,0.17411406370248544,0.011379709380499085,0.002020599445454804,5.902150223069347
2951,2.9997743305337763,0.17512824102065794,0.035926362486884064,0.0020027767888534122,5.282228061053018
2686,3.00079199651494,0.2494207097217423,0.01915746838239761,0.0016779034687583346,4.181889181149489
2230,3.0020912094474643,0.14357775099980843,0.02303178528799328,0.0017012978841418655,5.5508058741197726
1180,3.002861511763578,0.15432550161135028,0.010461809865692694,0.0016204838415950311,5.490208568831892
1034,3.004308469433716,0.18990931168841235,0.0201326183687231,0.0018083404438255265,5.485648100585354
1936,3.0046440291646124,0.17062763341226198,0.02536007426754718,0.0021404684625494336,5.638917228552921
1644,3.010568690870737,0.1773473144877467,0.045651715621208615,0.0016291273510703448,5.120192984716602
2844,3.0112076068771216,0.16089588824769152,0.03962830822168503,0.0016416506660128292,5.315363831552039
3525,3.012157622396723,0.15831001028761588,0.002784004109926589,0.0015784771600806618,5.725506555073423
2905,3.012228966136906,0.15671108807184903,0.005308175102500123,0.0015502697823533875,5.681188961796821
900,3.0138932132451486,0.1816398983083121,0.020297747959753084,0.0017768333627992859,5.493514406150263
1445,3.014515699382682,0.18122823609583932,0.029115742201479805,0.0019428061971313527,5.449776366760541
2979,3.0178321631149685,0.08696117394227766,0.007916539074808668,0.002090732804007296,6.401446308022859
2023,3.0184117454421955,0.18328210457477545,0.03135226279128125,0.0017548309802082548,4.476892855930158
2741,3.0215836518255177,0.18327381435557205,0.0343278530092903,0.0017641551891066387,4.811663856961069
2515,3.0219037950940844,0.1303851568482503,0.006364470082903731,0.0019224617672684934,5.645744157669421
3558,3.0225355196450727,0.15354401366157935,0.028135891369117316,0.0015838287901460994,5.51879557621486
2099,3.0235900040951504,0.1820606042323112,0.018516569478255706,0.0014452037271346708,5.281462461656611
601,3.02429066986665,0.15521174801446166,0.012068784456240406,0.0015781210836950665,5.459477011458699
348,3.0247123603824004,0.1709621415412286,0.024047750925733268,0.0015115438878890634,5.1315611141082265
1208,3.027389161492921,0.19970384540084113,0.017674216031911067,0.0015388994303357866,4.906563622612136
2581,3.0279641015564036,0.1855459490309291,0.021316231134709315,0.0017437630557211993,5.5032907436626175
1691,3.0280529720314244,0.22056396044979537,0.010345719966519782,0.0013991709573772675,4.90479082494311
3328,3.0285252708367714,0.3776761571233189,0.003819376956151256,0.003299595760796654,2.484849288177259
301,3.028966008548375,0.3154639184531897,0.008694072388398756,0.00207154199543644,3.318852019505033
1292,3.0311490591474164,0.13222204667104365,0.02093046902723022,0.0019362391425970344,5.38581147257372
2999,3.0356693660239586,0.19447909541854025,0.03228231239136001,0.001848701333845864,4.591663414907395
347,3.03617471653464,0.5793582682959585,0.0371818896093108,0.006532315753531637,1.3897049020979013
2043,3.03619458120926,0.5664031803359544,0.037196305938868315,0.006132019114474648,1.4943108624221375
2070,3.042445534772712,0.19703081518669413,0.04938569253650112,0.0016947069847016352,4.717146773723876
1622,3.0450845820311723,0.15156027693787233,0.021510292264059632,0.0017937152244430275,5.672895731654229
1109,3.0451660175916717,0.14941140105850825,0.025406679038154047,0.001721153066789777,5.664482073754811
2229,3.045916274050742,0.17119881360937825,0.012724124990753743,0.0015752194579727458,5.360844727203315
2348,3.0460165733178552,0.16990041516919707,0.008151900451984289,0.001649194868410414,5.512526154362861
2228,3.0461551894286454,0.18206998754241677,0.02640392137720203,0.0015424404526504336,4.9485419119983876
1396,3.049299568432753,0.16151590225482695,0.012848131690320378,0.0016301315491479035,5.470707856634216
798,3.0503513296210176,0.16778119930569566,0.023082507056796757,0.0014935078905385444,5.256453908231048
3314,3.051366629229391,0.1636644668170653,0.009411950604612694,0.001548762544951432,5.519375731061461
3711,3.051410734466774,0.164902957004566,0.009208096418576598,0.0015163097741629757,5.513519300694643
3313,3.0531654870481675,0.2239732725455652,0.03612883074304083,0.0017660571115009176,4.280740385942626
851,3.05546747473034,0.3483610441302597,0.014162050923531346,0.003096051272578699,2.6411829539878733
65,3.0558136918094223,0.31569383318925026,0.02801326845125694,0.002202072488268073,3.084109308006877
2183,3.0560951366543017,0.9354060563900434,0.37694405953022375,0.01987871137370554,0.5541485446966499
2429,3.0560951393561644,0.9353937613022836,0.37693778071529266,0.019878018688310187,0.5542108203011847
268,3.057950797658664,0.18969871918778802,0.004315688747873475,0.0025501066395578627,6.45607991875525
2815,3.058581246497087,0.18766919775750496,0.043280500434259156,0.0018548655752362783,5.206904803437297
2459,3.061690529459598,0.16944187550950587,0.018979250652786307,0.0018062564114179292,5.678366174585647
3139,3.0624969418733547,0.16948198889147187,0.032745086205424906,0.0016259275996086291,5.399227188959483
3574,3.065212519132214,0.1731146184700374,0.014655099357056096,0.001693697850311681,5.470101672607039
3721,3.0660372522563866,0.17795153574307832,0.0287907670938584,0.001686500830552652,5.354109239035433
1084,3.066693730913893,0.1768621889128271,0.021369577745036825,0.0015577901816930504,5.484486244430011
3565,3.0667624196614445,0.17974913222110966,0.017511691779984496,0.0015689176085280456,5.532533004883909
2989,3.0698307511468723,0.07104169159915238,0.006721958985951495,0.002132474664159256,6.362738221486239
1855,3.0707078637208776,0.15854908646433802,0.0255454904226269,0.001807021647720255,4.580019599186734
3172,3.0727233517796555,0.41924496674413947,0.012473039321020837,0.0036233087227540354,2.4681447833231984
300,3.0729295533395904,0.5005405684951421,0.006386062846533299,0.005463863002408915,1.7190618703691323
3843,3.073217231320461,0.2601676689975836,0.020530897184346624,0.0016935352919382153,3.985405957833384
569,3.0732682020184776,0.14386679816391573,0.010403944168102608,0.00172684632002611,5.6771924589971645
482,3.07418848534456,0.2085749635899097,0.030915279553681636,0.001610256280663505,5.09912250663538
3434,3.0759913763453772,0.20387063402389682,0.02108796881791599,0.001598149076170394,4.837072107455548
103,3.0776343517364864,0.14492362462228048,0.010972883167762761,0.0018434979283613857,5.114693653749667
3811,3.0803889137276994,0.1770511771274042,0.036389131361062185,0.0015526639193759724,4.990226529146659
3661,3.0809054552575814,0.18559871701339276,0.04439050257883209,0.0015878929873517353,4.908526149919253
156,3.0821984590181755,0.15766106931355528,0.007078082437412458,0.0015638480930443188,5.685880134322568
3809,3.0822551524113253,0.15945783959032422,0.0053532296597955855,0.0015636787461004982,5.725499886836821
600,3.0828151353318543,0.1449531635965873,0.01790895417404612,0.0018420615342560228,5.029047946026118
428,3.085178654159785,0.1421771970639807,0.00847146572281015,0.0018590002470128416,5.72712344333868
2830,3.0861107140588517,0.14950291626603215,0.018107493005242465,0.0016269239515689321,5.6384627146170985
2248,3.0884962359704855,0.17055602427151006,0.029055384584078466,0.0018765941509405661,4.835194102172066
926,3.0896994299341776,0.180797915873882,0.021505549102846626,0.0017697813590603555,5.41284934124841
2371,3.0900969735103287,0.17873293423146308,0.013924439714275623,0.0016231251240354562,5.264758121933269
2486,3.091811167665726,0.17931413609066688,0.011616897531538906,0.0015699594292513505,5.609769709652095
2181,3.091847566749576,0.17835313435466893,0.009920336366820378,0.0015239743197177187,5.579527597425538
3138,3.093857951703898,0.19791460905645708,0.026731945249735777,0.0018635645347000699,4.429340863519897
2608,3.097319225398617,0.2130525465967698,0.018174942956121036,0.001834870806614153,4.223761302474918
2485,3.098877111437997,0.42169164973799395,0.0076140300028319195,0.004659970249832228,2.1044155690974318
537,3.09916592509999,0.39881176156364506,0.005870765941164457,0.00387423890939575,2.4140596592529553
2631,3.10175772873015,0.17991611289855458,0.01653510718412872,0.001770588809833048,4.6721589773276015
2457,3.10653433222188,0.20153184632855847,0.0356497932576578,0.001982597789931251,4.315810415484422
1015,3.1069971830520795,0.19059947988272818,0.03493119458631664,0.001625129848184489,5.468739386971926
3817,3.1071712431020573,0.18599638058365736,0.033647073081277054,0.0016333983708240395,5.484639658240206
2098,3.1092432304951165,0.7804970965028593,0.20866233648313245,0.012961855452995876,0.8739454877148545
3762,3.1092441862503986,0.7809683300154703,0.20882588909363506,0.012977451566956122,0.8714695115560668
3633,3.109607789812952,0.20729677219234652,0.02425548250992459,0.0017289316353343515,5.75266168926141
2934,3.1113422854999184,0.18944928376511977,0.02593688370402129,0.0016756402791517956,5.1529505085305445
2756,3.1118521972013946,0.20295431048421725,0.023354336982848365,0.00208228278590209,5.430866729817235
686,3.112195236526613,0.07566413010294692,0.010670692496821997,0.0020041434581859214,6.222214925431626
427,3.1129057339763304,0.14408663705651226,0.017069919711421487,0.0018291282246034562,4.901871738138481
863,3.113690325547409,0.167892515311799,0.029728517801318154,0.0016498493909044756,5.067991428462557
744,3.114926585747629,0.13925753318551587,0.023020188797281658,0.0018382355834902263,5.625288045274048
1394,3.115429923864275,0.17686221166423255,0.020583785154396204,0.0016565914617292748,5.030086007008611
3408,3.1158945709013257,0.14892023453584796,0.01592632565631582,0.0017737131358945314,5.538861075273719
3838,3.115910526579372,0.15578838055108096,0.012794333421116843,0.0016853008544072932,5.713305153056687
231,3.1167543663807558,0.1795154529733697,0.02430439450835227,0.001682706600694004,5.319506763474276
2533,3.117245447043007,0.18255034356672162,0.010700473938104263,0.001743717146528383,5.373024186632546
2699,3.118236496667988,0.21230318910230594,0.015991893161186328,0.001643968953638994,4.627763655333786
2558,3.1201417666274978,0.16971647957098754,0.013520536578803432,0.0014830995723915108,5.563193050575473
3340,3.1203780419809783,0.1766212951090132,0.017372444185020756,0.0014800861452435553,5.476297642958947
2215,3.1205651759315405,0.19094903946468422,0.009321399358444879,0.0019481238139305564,4.476227900241218
3456,3.1229943456966334,0.18922772245098207,0.019700604793514504,0.0017024731752751073,5.199791961935617
3678,3.123271367771398,0.18527974201356234,0.02474059303842784,0.0018001439886023737,5.175208231414372
3424,3.1247090147843615,0.1697605445491338,0.012719929525672193,0.0018831716899935333,4.52799911398588
1572,3.129162191118507,0.17961171641851922,0.007601756177235794,0.0015955352619973558,5.0845840800371125
971,3.129924891627456,0.19352544520351345,0.011341363352918707,0.0017915532474837184,5.497101367003822
1597,3.1304988717722524,0.19559543337854887,0.01532797078735323,0.0016683922119558197,5.025975464762745
1393,3.131023623846444,0.1860785844090847,0.02579093454157651,0.0016310321527373225,5.240356787556666
3218,3.1312202922028787,0.19113493875827428,0.030488476811097877,0.00171926938803415,5.102841622336818
2557,3.1346665279575934,0.23413046778653712,0.016228508011378092,0.0017288433687853548,4.055121885952302
2924,3.1351614918707447,0.4473755173932011,0.0695285194726789,0.005490654326856181,1.8338416208127561
3137,3.13528713933738,0.42991663278595127,0.0684159184972388,0.004724441880741052,2.102322219967287
3212,3.137565841671612,0.20689620909156006,0.024523644759781162,0.0017019232619318208,4.59735463556922
2154,3.139688168970444,0.2135530341113647,0.028756387910952946,0.0017132761799724355,4.570502198553967
1206,3.14060082752406,0.02835306154045983,0.0034871828297280113,0.002463176011263716,8.573174945868516
