-3.1286269792357726,-3.121634195776118,-3.1411509962899777,-3.1306952187909265,-3.1340129774723673,-3.1258268108101017,-3.112537119581372,-3.128024499450535,-3.1006403115064938,-3.1372605121193997,-3.1387586449554328,-3.1306389629929114,-3.1081744517870518,-3.1131455828891843,-3.1402537559143577,-3.1305202864049395,-3.139886989081617,-3.140547228563208,-3.1203511852570704,-3.139423696257971,-3.140951457084319,-3.129070198348481,-3.088953036992926,-3.138336179272763,-3.1392913175084876,-3.129948126998703,-3.1381535957839843,-3.1288091374358595,-3.132563629149906,-3.1307397954406557,-3.1372509448404933,-3.1327985772165063,-3.1393145963162405,-3.1251924130575075,-3.132403819495803,-3.130900729826109,-3.1187054740777023,-3.1278490327799804,-3.1162738199869984,-3.1016854099063367
-3.1278784955465406,-3.086003542425488,-3.110301191074083,-3.1243581218864067,-3.122714096891152,-3.1173664648119694,-3.1049889548782126,-3.1071758772844666,-3.0777643120646276,-3.0962636123034963,-3.1173887410475825,-3.125563834832173,-3.07605887335104,-3.1005142481353682,-3.0190628030141258,-3.126006797753209,-3.1314631614546786,-3.1398173558921583,-3.0823330709117416,-3.124574615228858,-3.12876295044602,-3.1075175932813606,-3.0702416871307863,-3.123356241520268,-3.124961111540068,-3.109255118164404,-3.1347486007642194,-3.1068025032833506,-3.1124518235230707,-3.110753745173778,-3.0953253034632007,-3.1076090758797945,-3.1112748697975543,-3.1020013741544523,-3.1272228976034797,-3.1169443600561904,-3.0912723989446254,-3.1235655498332338,-3.108928782093937,-3.0835912888118546
-3.1111724823143545,-3.050294528355196,-3.0975797342394076,-3.102344286810702,-3.0966068169090613,-3.1012163113753073,-3.069655633738813,-3.0850664044126037,-3.0554098813440222,-3.059438782978929,-3.083181729240283,-3.1008221723670597,-3.051630636743868,-3.0782590016629583,-2.978040138404578,-3.1141019033653707,-3.1108068584463378,-3.118617154237237,-3.0551180050737794,-3.1086481532092174,-3.1206025993418725,-3.088891177991104,-3.0547434475492143,-3.0836383328290484,-3.117493220951653,-3.0529131600126833,-3.091292592136714,-3.0891032798288585,-3.108928501502534,-3.104678255095219,-3.0480227648726035,-3.0832345694332264,-3.092524875261617,-3.0937804270964913,-3.120988367604261,-3.0879338184714467,-3.0892657249060185,-3.1031940930914184,-3.0891420548544843,-3.0619930393551
-3.1027805151606542,-3.010075493964505,-3.085833137464558,-3.098403013287541,-3.0952146676380496,-3.0926474913967152,-3.0669364874146,-3.083275081765287,-3.012410124674892,-3.0328694577498037,-3.0538849660536806,-3.087702108813842,-3.036184868646594,-3.0591822921583596,-2.8914674744330795,-3.1034259655118825,-3.095129857676321,-3.094194915325093,-3.02503247488154,-3.093999667436725,-3.1012071585942147,-3.088195460290239,-3.042840509402047,-3.0772898536660036,-3.1122964976586234,-3.0159496730340516,-3.0546543675080695,-3.0562316045266886,-3.073757401259536,-3.090199639293084,-2.984318153435039,-3.0747360514374025,-3.05635702610533,-3.0797090695162823,-3.10337470303575,-3.0576264214969333,-3.067753857657762,-3.097519908456226,-3.053899706109956,-3.0555196469157906
-3.0324253298976354,-2.9109998358698066,-3.0813244256969345,-3.0661314159961846,-3.072877978626238,-3.077514077873587,-3.0596234518139713,-3.045317894701546,-2.9901797217694517,-3.016995386594422,-3.039178849094353,-3.0798613467604987,-3.0205163164225186,-3.0247135444372812,-2.849712768521822,-3.0926103419743662,-3.0890544165264466,-3.061901447015365,-2.9961411124394464,-3.076770280687061,-3.0891334315068106,-3.074845056619255,-3.033321352782811,-3.042107234975398,-3.105902695266233,-2.9923333965607664,-3.015089119430808,-3.0306823323202527,-3.0698418859397614,-3.0759645950391894,-2.947236938820463,-3.0557292328009327,-3.0253817429174776,-3.0771645407719923,-3.0938563744581944,-3.0330147512002483,-3.058644959554882,-3.092549974607269,-3.032580819796252,-3.0417794208613773
-2.9184549450682904,-2.8649476626459753,-3.0381318678838936,-3.0421409706184197,-3.050548900862932,-3.070155834479455,-3.050388704007165,-3.030621652621831,-2.940912233786713,-2.928090581829953,-3.021141290220428,-3.0705453832989975,-2.9966663426228233,-3.01741882029686,-2.8083491756162653,-3.0833113926831297,-3.076371354178362,-3.054809619539225,-2.970127538844121,-3.071405935751905,-3.0827529573299977,-3.0478330659721733,-3.0253917838581263,-3.0249501282554956,-3.1057415573852882,-2.954009068502509,-3.0058093005122584,-3.0103682271788452,-3.0616532657193525,-3.0688948348492993,-2.939103444799621,-3.0369760846396225,-2.993668018033334,-3.072538453838035,-3.0839816413747165,-3.0149551302900917,-3.052178871098764,-3.0807793679928115,-3.02120700272088,-3.0318988583398854
-2.806196237890657,-2.715791211294305,-3.0146609814591394,-3.027472100310483,-3.032093100431772,-3.0564917831337577,-3.0359461483123242,-3.0200408372948138,-2.894927069181373,-2.904320227708974,-2.993298370664207,-3.042094832871773,-2.90657114459198,-2.987108662169921,-2.760671554548085,-3.0745220196571155,-3.0382260498970846,-3.0353459850476856,-2.947632127091298,-3.0539095908312732,-3.0668695396989287,-3.008153490249564,-3.0186455884560703,-3.012075969099491,-3.0936940717047388,-2.873858372550123,-2.9615415460823313,-2.967403710417091,-3.0475508855167224,-3.0613430119040834,-2.913241093142774,-3.0014993150758467,-2.9637164982712276,-3.065357092994005,-3.076750196971329,-2.8934006993548147,-3.043232016799458,-3.0719827175453815,-3.003965363270217,-2.981886532948343
-2.707203375343953,-2.623301442932564,-2.992889019131008,-3.0213523189926255,-3.0277204324877984,-3.042242791524412,-3.018286407524223,-3.0050356638921984,-2.8340704398671934,-2.875453358819768,-2.972286264410944,-3.0182111056583576,-2.8855295275325883,-2.956406058270251,-2.730863079956926,-3.066516293643989,-3.0155901408170345,-3.018479343668109,-2.928932625546694,-3.0342127924111773,-3.042814759223594,-3.0034283786444678,-3.0126944345478965,-3.0038859083296763,-3.0872945073422593,-2.8154772553120915,-2.9352975504393344,-2.9171823926343885,-3.0404828149322998,-3.0543401855564962,-2.8952535887651574,-2.9767284983785043,-2.92605921455544,-3.059822125880064,-3.0710738397965702,-2.8712357673095124,-3.0322613559935334,-3.066183692654534,-2.974596803584484,-2.9550056312873108
-2.6222941175034182,-2.560902026711678,-2.964800993546774,-2.9987089435646745,-2.9868923957879545,-3.030964812447269,-2.9902187834351053,-2.9867382682514387,-2.7949445406294493,-2.8405527835178304,-2.9346407854728116,-2.997298954733571,-2.815513800353027,-2.9421960177620687,-2.6563785128023456,-3.060944193411618,-2.992468422018469,-3.00245953406808,-2.9142225597380267,-2.9979548183519493,-3.02684627375087,-2.958471242033372,-3.0079874541762357,-2.9789803645576365,-3.074691537329378,-2.7279146458751837,-2.923616219857169,-2.858649535494324,-3.0299869770158305,-3.0509965859960566,-2.8928112759142093,-2.948008279283933,-2.8991135254973672,-3.0541432583243484,-3.0664233503797953,-2.83751514641238,-3.011725913053288,-3.058769321381541,-2.9404524818149183,-2.929359194095797
-2.554769873353377,-2.5087230516983148,-2.9579086448606486,-2.990284308305366,-2.977464032430213,-3.0226256769597613,-2.970980090447645,-2.9698276106098467,-2.7805862947191344,-2.8017742463192956,-2.9099008697691313,-2.9749547245754946,-2.8023978100213256,-2.9391009076685335,-2.6499620618630284,-3.056460967664436,-2.961406663775979,-2.988794682925895,-2.9036388739132764,-2.9831998745893955,-3.0132699143158748,-2.939336533008564,-2.943723473555795,-2.9303125912538137,-3.0660134397553183,-2.666850704048893,-2.9091924734950774,-2.8082586759657713,-3.0224834670790752,-3.0454939568784867,-2.8838458832591947,-2.9381139737372735,-2.885043612140374,-3.0449216722999966,-3.0588462647538,-2.795055967146924,-2.9856803372091494,-3.0446377686705963,-2.931815092614526,-2.91617008449128
-2.5375833963783485,-2.497390825983572,-2.9408905237976617,-2.9686509685204583,-2.9732444821121975,-3.011939607967485,-2.955613733113501,-2.9288512410323566,-2.7640950365666974,-2.7602802988778934,-2.8867474721524933,-2.970955381734017,-2.774374703294181,-2.934105164924988,-2.6309564286234948,-3.0369630121986164,-2.9466554951531276,-2.9601234901079128,-2.8972619630833014,-2.982591361914999,-3.0016673525163133,-2.9276106986846226,-2.9097381543811265,-2.8992880811346176,-3.0619917582530367,-2.6455305641914433,-2.896243343603677,-2.7763722662953194,-2.994231398964062,-3.041120404156895,-2.877675719930068,-2.881500146323445,-2.8706088654732143,-3.0370027923260956,-3.0494835881803346,-2.771018274715255,-2.9489178178912754,-3.0348389448056197,-2.911684250770389,-2.8933622916335575
-2.490517617071099,-2.4715119586662415,-2.9182973445035625,-2.9535475657007217,-2.9516725184715487,-2.9976944972794954,-2.9355706502406504,-2.919869127590362,-2.73886496501465,-2.7176722896928514,-2.8534673096233805,-2.9581229526900037,-2.735769381640549,-2.9060810708121902,-2.5871822387383903,-3.021619654705749,-2.9232059270953994,-2.9599284887317303,-2.8428478504390915,-2.961395302728788,-2.9915484346868846,-2.8974046800836026,-2.8199524828123987,-2.8618951860262793,-3.057351384712902,-2.6129160370922917,-2.8578447522508545,-2.7550985079684445,-2.9871031751212014,-3.0288270887116537,-2.844143865353207,-2.8768850819232745,-2.851080726139173,-3.035517144826669,-3.042546489530656,-2.7561271130797116,-2.9333242254323553,-3.022062258830881,-2.8926516168951437,-2.87712075616852
-2.4514506916542596,-2.445567291268864,-2.890462166944499,-2.9462780495334986,-2.932053583887692,-2.9891434429691723,-2.924204949820588,-2.8879021307693526,-2.716865918363615,-2.681455465379738,-2.8261602472408764,-2.9338278068938095,-2.7288439076056585,-2.8795027015315524,-2.574935486055662,-3.0113315587036817,-2.896460142112326,-2.930921107591866,-2.832938868415585,-2.9453493024977053,-2.9861581588641046,-2.881421903291141,-2.8018898808917374,-2.8442362676218096,-3.0460806009966728,-2.572552472950402,-2.819832683571914,-2.7292983320014526,-2.9788205387527333,-3.0184609251954035,-2.816505506551647,-2.857184186812708,-2.8465051654472866,-3.0175409098570114,-3.040063964556979,-2.7464632556041866,-2.9160109694063134,-3.0204633189959087,-2.8680013036555496,-2.8568897968104
-2.4217153340226023,-2.425953079332171,-2.8808868789956668,-2.9431122546460182,-2.8895546342287663,-2.974320200116762,-2.90803795401759,-2.8561007975200265,-2.695876297581938,-2.660526643824234,-2.778073294076357,-2.9280720444568065,-2.6751808237166492,-2.8551472672435763,-2.513108969729608,-2.9939009454048238,-2.878508878573794,-2.922388919437432,-2.824144662479419,-2.917271696900896,-2.9730143313952415,-2.845884199171064,-2.755095153555355,-2.8333111060041025,-3.032093176508664,-2.537382868255132,-2.799193664362106,-2.7093104749596035,-2.964188188102573,-2.9999103875093485,-2.7925182610276944,-2.8498061513814976,-2.8342123545252726,-3.0151934100151556,-3.032934285404826,-2.7323731008161833,-2.898413024859172,-3.0146735643071443,-2.83818624241751,-2.828140509359375
-2.4003530107261333,-2.418997987459069,-2.8587194488557097,-2.9212451113732745,-2.8831323440033,-2.9676083643418063,-2.878993341440467,-2.8406326427444624,-2.6800893339213707,-2.6228547395377673,-2.7552189748125935,-2.9268590966536934,-2.658712078015658,-2.8485369530252598,-2.501476932400202,-2.969988209061067,-2.8497573203686124,-2.9113014453273194,-2.8042717258391288,-2.9122541171481506,-2.9516807712946402,-2.8385125641067943,-2.7020968583125944,-2.755495736234853,-3.0233474730822434,-2.520459351557988,-2.78253607521597,-2.6967753454905496,-2.945335930077963,-2.98607399276981,-2.766846438651086,-2.796819900597122,-2.8204236438103103,-2.9938341358074907,-3.023750669202906,-2.706036875643842,-2.8866611893318823,-2.9893372255165893,-2.829592935555787,-2.8207291911768952
-2.3730990386982334,-2.413932425881851,-2.813123949238849,-2.91000993819167,-2.83434940854928,-2.9573322609172332,-2.8508196533240335,-2.8049159391049145,-2.6467378983495586,-2.6119643353873094,-2.7091465000317214,-2.9211970152774036,-2.6343933311139707,-2.8280135159319775,-2.4715999818164196,-2.9564328713538743,-2.8463939414993615,-2.9056240051427724,-2.774376139246498,-2.860216738570019,-2.930689806538199,-2.808805670669346,-2.665634760779473,-2.729633950126105,-3.016981473849181,-2.4923946455039485,-2.7671570862924924,-2.687097467327784,-2.9383647972658085,-2.9631412177747483,-2.7346469296180387,-2.7913520856972633,-2.7948183907487962,-2.98434796026284,-3.016670575769932,-2.6904663002618947,-2.8700391261881437,-2.9870776342930982,-2.8056955375324564,-2.8022217442202044
-2.3456791805007584,-2.402571051314953,-2.802338296356042,-2.89896779843395,-2.811267322081557,-2.950280463779865,-2.8482479286444415,-2.8016716359496523,-2.6006120131972446,-2.574990152422946,-2.642220650383037,-2.91115390048366,-2.630117190722345,-2.8008949117923385,-2.4478712310644952,-2.9404354088639684,-2.8320799955528555,-2.900495626649468,-2.7378119161199725,-2.845543448804092,-2.900586028588278,-2.797847159429388,-2.624749334656486,-2.6778995182948835,-3.0095977836055825,-2.449898239329265,-2.750185195627444,-2.6112479039161336,-2.9310812949000584,-2.9521427559726776,-2.7208474065291965,-2.7775215221252223,-2.7869854033228414,-2.973026652969681,-3.0133486118032438,-2.6722335578907157,-2.8609462691500505,-2.962709133737808,-2.803762627390437,-2.770096021204434
-2.324848478559636,-2.3926663173483207,-2.7567915001775845,-2.879523723400401,-2.776708903303857,-2.93576044948309,-2.8263166497472407,-2.7946711563338997,-2.5824497595334504,-2.542345022023934,-2.595559317131209,-2.893995182511285,-2.609338437268544,-2.790974459586876,-2.4414459752833393,-2.921967616140876,-2.8135019237126366,-2.877930399730831,-2.6963021393464186,-2.8260794672577916,-2.8837927725364145,-2.78304174935065,-2.584495782169559,-2.6273002702957897,-2.994894661679356,-2.4376257290784817,-2.6976941812499944,-2.541095163622042,-2.927503326012965,-2.9302469281624695,-2.6816372763679586,-2.709989407829708,-2.761030533027718,-2.944369189980197,-3.006376634523264,-2.6426843028611646,-2.8476738064938214,-2.949705579771634,-2.797674695008341,-2.7606517276531384
-2.297096666361045,-2.386360636983381,-2.7505953054682593,-2.874522788304762,-2.754513179167454,-2.932482709314225,-2.8024346034070757,-2.7834517436876016,-2.5582379927716885,-2.5265089967774093,-2.5387071282112066,-2.8806349463074437,-2.572186043479285,-2.787514102814751,-2.397971037013668,-2.9078549356924075,-2.808630838617289,-2.85508303071943,-2.6520630325409007,-2.8160014947879013,-2.8618221079887682,-2.7651897795949973,-2.559028909609601,-2.554837785052464,-2.9904086968040993,-2.421139774868882,-2.6944206647617124,-2.515856297052619,-2.9181237918487213,-2.9060096677995304,-2.659921441114775,-2.6956949713746865,-2.750823282799184,-2.920410456563861,-3.0002228815010374,-2.637277175214799,-2.8296113322579326,-2.9449728719117374,-2.786428524819296,-2.7389168953730674
-2.2773274894293727,-2.3617101373923917,-2.7304099758079854,-2.8632696877299266,-2.7388623595930373,-2.926859022310051,-2.7899421591363245,-2.774042357185251,-2.512341337500479,-2.520441092516933,-2.4931148092245934,-2.866416440380151,-2.5501480638554215,-2.7741399622577028,-2.3927360668961053,-2.9005587596801172,-2.774712996016429,-2.8505272055925976,-2.616700125994053,-2.8007755767172835,-2.8478266592932093,-2.761178020533463,-2.527098768071294,-2.481095719310904,-2.976712175125317,-2.3917773129667648,-2.661778790678141,-2.506027999608424,-2.9130777106787735,-2.8983878558070466,-2.6381166918709873,-2.690802067465246,-2.746370080832417,-2.9188293772627527,-2.990688789826924,-2.6341388716254897,-2.8128583612165006,-2.942143777326874,-2.7688692847280842,-2.723254867510502
-2.2718193852229547,-2.3459305907377375,-2.6943098600805797,-2.8394154185905083,-2.7167276834811376,-2.9150758543737383,-2.781776350620981,-2.7624838610313502,-2.488064057531679,-2.5035672951167145,-2.4707789260904707,-2.8573371715280973,-2.534666164660016,-2.764273768594879,-2.3832580655555433,-2.896054657942348,-2.755086325598307,-2.8387057328267233,-2.6036328757824103,-2.7685559435670717,-2.8203041709846266,-2.752947829369174,-2.496565286974741,-2.4119203518301426,-2.968160043724444,-2.361305492771211,-2.6187141016778313,-2.482659499103867,-2.908931618521893,-2.879698632712378,-2.633638121559272,-2.6739081796475532,-2.74008996990241,-2.9158166331384785,-2.9803169076954923,-2.621763816378625,-2.8042492661739695,-2.9357945467229687,-2.7490200007915266,-2.719340916086606
-2.240512533275452,-2.3357132754941867,-2.673795561286702,-2.829721963741566,-2.6725129280631443,-2.9098537192082854,-2.7441892037156546,-2.750695530153043,-2.4858572664949223,-2.4863464471101655,-2.466285630982531,-2.8481896344655047,-2.51982031477745,-2.743708094310761,-2.352651025431388,-2.873112026921251,-2.741548329359813,-2.799519325099413,-2.5667969348405917,-2.755553221760164,-2.8054718821010773,-2.73759052939134,-2.4711914042003293,-2.352941733660835,-2.9603437095590377,-2.34186947426427,-2.6077676637205305,-2.453161464595816,-2.9025724472236973,-2.858831234414456,-2.5883328593518793,-2.647611118919099,-2.727870555578431,-2.914081810241725,-2.9688346840851754,-2.617002021964226,-2.7748869031000916,-2.922565471214875,-2.7316011870929557,-2.7026645415918
-2.2253547622452476,-2.329034990977814,-2.65505811402007,-2.815280958026361,-2.6635880909284855,-2.9012754704971777,-2.724079596600789,-2.7345246815115414,-2.4737021425788273,-2.4390432470872336,-2.450347341263977,-2.836735571180832,-2.4850679365497004,-2.73959837788918,-2.334043920850815,-2.8558435287642774,-2.715590803975009,-2.764778628087304,-2.5494368563926115,-2.730411124420313,-2.7981660645983317,-2.695889943470117,-2.459368370064681,-2.3022670159674345,-2.950123614864127,-2.339718242430216,-2.58266459651723,-2.4468684104205467,-2.8990694447717735,-2.8528343301463006,-2.5830876270772944,-2.628035432303529,-2.7079336169846613,-2.9105665679825172,-2.9635298208615035,-2.603277509952794,-2.7691415476771564,-2.91032788597215,-2.712550255713873,-2.6894402058472515
-2.216944794242488,-2.3107159796567815,-2.630115862695846,-2.7965530143334565,-2.652599560062771,-2.891279624687841,-2.7129872911892203,-2.723165567492956,-2.4608473977781697,-2.42682769416577,-2.4103902570550524,-2.8295261571742243,-2.478046212467793,-2.7259241651320405,-2.3137975307367507,-2.8211594943496183,-2.6915028461328663,-2.7611236515629,-2.5395594849887537,-2.7265639314546384,-2.7827354178581567,-2.6618322997796984,-2.4529909683196016,-2.257765599546296,-2.9372480587325827,-2.3058737634263116,-2.558595082622608,-2.4082408397940376,-2.887673515384948,-2.8299503484853723,-2.570034265118959,-2.5566629117679356,-2.702170521461412,-2.9043479878774416,-2.9535877786373437,-2.6016394868807304,-2.7561595584491476,-2.9071031437979946,-2.7029136676149723,-2.673657563561451
-2.197520933044341,-2.3062881200376757,-2.601112618062268,-2.7770812033060652,-2.6229027069407462,-2.8732067633098906,-2.704362655308966,-2.7153447313150516,-2.454914802712498,-2.426481775904818,-2.407207158320312,-2.8263690596665914,-2.4707061493033797,-2.7120259003713554,-2.301619011234798,-2.779649467779706,-2.6724907112758483,-2.7422035002943503,-2.53759355644794,-2.7077710928907655,-2.7471014645004117,-2.63633945625824,-2.4269742148462137,-2.226741291415817,-2.9295361414051957,-2.283664638198437,-2.5420176540061474,-2.3807649603313035,-2.8843285133297285,-2.800992887454493,-2.525665582025488,-2.536372947916465,-2.686449222730382,-2.895431851058704,-2.940243775673679,-2.5877672300388643,-2.7455908165496545,-2.8666771923690155,-2.683385619667678,-2.6610376815329273
-2.190701292487968,-2.29038315303464,-2.5915904529198586,-2.747258407043492,-2.600037358941644,-2.8706514550630446,-2.6906777678806932,-2.7028433370487233,-2.432854004432287,-2.418134422719049,-2.4052825721585136,-2.820902915870411,-2.4527009830394224,-2.691676007764561,-2.271019311985478,-2.7444768297225712,-2.6273507460827896,-2.739455089601236,-2.518394686294001,-2.70379559787474,-2.7167489559284146,-2.628806404533122,-2.395459517250947,-2.1904674204723076,-2.91570902520813,-2.2576400151765914,-2.539361964720106,-2.3668930940059227,-2.867292765335119,-2.772977263770297,-2.5119332164915074,-2.531340793222557,-2.682292770347369,-2.8903900337612267,-2.9272446207018223,-2.5809931812738824,-2.734947805997248,-2.855245140808725,-2.665217296368463,-2.6415401523152116
-2.1738545249031946,-2.2737671474548105,-2.5559881503265256,-2.736046296848494,-2.5794928101405104,-2.8565217625287813,-2.668813256141999,-2.683798752469416,-2.424707754337742,-2.4022402220804375,-2.393236975227343,-2.8066247394427104,-2.4483875574688794,-2.6786078370372426,-2.2670609135639324,-2.7175685773139073,-2.6150848424476925,-2.728668880499782,-2.492379257731396,-2.699973647805055,-2.69120092576038,-2.592824156879851,-2.3831518179810063,-2.176121666993198,-2.9058845733041436,-2.245969723975951,-2.522290225676439,-2.3535749038882896,-2.859574258416054,-2.767290479769527,-2.505003501829603,-2.5196668673597,-2.6808989828714256,-2.879063055205036,-2.920612227135411,-2.574982916149368,-2.7297529810830157,-2.8398949802370774,-2.6626850298797238,-2.6115990286351387
-2.1708443990029647,-2.25715973379222,-2.5241894645654646,-2.733343569490809,-2.5548011664884407,-2.844985126681673,-2.66126651582225,-2.6671680652635725,-2.400801478305699,-2.3995236931705777,-2.392819775786455,-2.784834704453514,-2.412792960424087,-2.675602958606792,-2.254679697594136,-2.6984522122672967,-2.5992130909766056,-2.701083095368432,-2.4608650086240274,-2.6958803682587478,-2.665693268341066,-2.5691155101965264,-2.3624031727335217,-2.145702876058246,-2.8980406435032435,-2.2219306963625294,-2.483073802819866,-2.3447030695387845,-2.8522745780966368,-2.761666313660717,-2.500398651408569,-2.4733166706433045,-2.6754346328621614,-2.8609033724650117,-2.915495285193716,-2.5648512106588037,-2.7114940949850865,-2.8236540659154223,-2.6357706113654262,-2.605148410345694
-2.1425608880795526,-2.2415785021981147,-2.5183834035964963,-2.71525339126807,-2.547063652783116,-2.8206768327547618,-2.649407702965704,-2.657076614243306,-2.391461313872182,-2.384826163102799,-2.37652767529625,-2.7611475401445755,-2.3998981225836897,-2.656865307983467,-2.2458680819855514,-2.6861598990506903,-2.580105036916088,-2.6836158951807354,-2.437485895320957,-2.646900857445407,-2.6409402867062814,-2.5446419693930933,-2.346503171054313,-2.134198954542984,-2.8948043086604955,-2.197450392311018,-2.476684953859961,-2.3226510754954144,-2.835732574486943,-2.753241325553826,-2.460662388888966,-2.4498162296997648,-2.6582814226704086,-2.8398725214792813,-2.899375030282837,-2.562437889713251,-2.6920530665179196,-2.8191333993296994,-2.631382376020498,-2.586426919987076
-2.128441681765994,-2.227697904849009,-2.4818941478492254,-2.6843529049704196,-2.5431238688961577,-2.8108264601894146,-2.627357622960989,-2.630350278848482,-2.357143040272637,-2.368951938222533,-2.373276170501302,-2.744631308723108,-2.3917587286979503,-2.6386747377657076,-2.235104311820679,-2.6672706984677763,-2.5699467127939704,-2.652523081797234,-2.4209601420482176,-2.5803153740646083,-2.6236127729697096,-2.529495940910576,-2.320618803497396,-2.1323253820155266,-2.893797315373738,-2.178242411590787,-2.44312133736884,-2.3051569832586516,-2.8292313665138966,-2.723873566358103,-2.4545920866942676,-2.4131118862166603,-2.6531753206570308,-2.8224188341165717,-2.884329231565747,-2.553547613186559,-2.6697563250242546,-2.793634710378316,-2.6174559583711656,-2.566313275912484
-2.120152590492994,-2.206367290316967,-2.465584867839937,-2.674417395255623,-2.534214575384122,-2.7920529305800583,-2.5880542118489602,-2.6066023463318753,-2.348406322878468,-2.360722463962267,-2.370158722817592,-2.7354860825820655,-2.3523706764813515,-2.627940676302706,-2.2244999808247803,-2.662501838974175,-2.5064416466481934,-2.638660073032497,-2.3822542698159004,-2.516323683673759,-2.6061763218683116,-2.519985588285823,-2.313408992831629,-2.123176861502489,-2.8907385975140367,-2.1569528147763113,-2.4260251724381248,-2.279578054132018,-2.8229676288040793,-2.721808437363866,-2.4000417568094283,-2.410403498839503,-2.64603033113879,-2.8106727911409397,-2.87880432950555,-2.5408710152147207,-2.6540787216251203,-2.7801038855512394,-2.594927957614917,-2.5609158301969446
-2.095902081115533,-2.203306047557118,-2.4450038764493662,-2.6731778131678308,-2.5139015512498153,-2.7765060524001157,-2.559333581446394,-2.5952875748408673,-2.3132214533216926,-2.3517187631879253,-2.360913191951631,-2.723779384814303,-2.3482903185420225,-2.6069396975624013,-2.2142923037866855,-2.627132252539192,-2.490577750358995,-2.5850155912517425,-2.342524377202493,-2.5115540996593677,-2.5623736677560633,-2.5108093910339813,-2.297991054008767,-2.1150049721641615,-2.889077219873893,-2.1476410494128513,-2.4232374233114484,-2.256434964390396,-2.8095562361209523,-2.7062890511260025,-2.3884541705696374,-2.3924223590135876,-2.637820898466755,-2.8091592985567306,-2.8726429890977765,-2.53815401098299,-2.646628974782564,-2.7734533733418565,-2.580506964675124,-2.5413670769735672
-2.078759918618026,-2.1994966195283396,-2.4363071435826646,-2.6473016934016895,-2.5113844685739917,-2.772485283932019,-2.5490356504550578,-2.5850165680742636,-2.300524932420157,-2.332714790128208,-2.3492718298207973,-2.7104220157780867,-2.320331139416785,-2.600798495157515,-2.206180850843579,-2.564324861289652,-2.4702897621292657,-2.5705810651595407,-2.307619959725679,-2.4514972683051144,-2.5122296390400227,-2.4946572518030323,-2.2807340452232108,-2.1092743591192,-2.883434229532074,-2.129258212762593,-2.3992277851052313,-2.2419533162773995,-2.7999119462630833,-2.6841058343483817,-2.386957362294953,-2.358877213696223,-2.613126328690545,-2.806594309660608,-2.8586104057834487,-2.5326501791739107,-2.6284442531125984,-2.729381945341603,-2.570345946230773,-2.526270872397288
-2.0670859098206096,-2.1861256686175103,-2.391134151364496,-2.6425847809544964,-2.498322042594632,-2.7635003472501474,-2.5249663574335544,-2.576462024218468,-2.29557042992227,-2.327442179181798,-2.335376825274171,-2.6989489570972975,-2.3144256022123733,-2.5781421836380845,-2.1981432806458225,-2.487154373577173,-2.4397247498027426,-2.540215669961157,-2.2984207146207827,-2.4371810313813373,-2.496238958031472,-2.483860857717065,-2.2672840413311217,-2.098542420882888,-2.8606260558173524,-2.1070025401585215,-2.39365474106669,-2.2235982378565167,-2.7976259265192276,-2.6552996121975174,-2.375331064891683,-2.332330037765926,-2.608241096351979,-2.8028640499981887,-2.852320484082994,-2.530017878672024,-2.6023817957117936,-2.7118543363535466,-2.5650767890906674,-2.507216802344404
-2.0509180519172507,-2.1628370050461587,-2.3557752324107715,-2.6269484113662736,-2.48831592091654,-2.7336947454826293,-2.515411617591403,-2.5672354852121786,-2.2501171853775506,-2.3252945331669173,-2.3347400879068156,-2.675380280744105,-2.2923142413099478,-2.5692174563929155,-2.176231627326323,-2.406135779063604,-2.3977280649810946,-2.5361626322191024,-2.281865313557551,-2.3757873845561024,-2.4731365999662946,-2.4726719846379055,-2.244877553194653,-2.09353225586746,-2.8461132633007167,-2.1000695656993043,-2.387691501130046,-2.202287847368203,-2.7880758367914744,-2.6410925199971182,-2.3449226326127928,-2.3096005323327087,-2.5948220597622766,-2.797761880575021,-2.846545588101124,-2.521756654124991,-2.594093033447162,-2.68122550086772,-2.5499667193647224,-2.4841550485425814
-2.036797436972598,-2.158681372588998,-2.3284886093255217,-2.6034375881066425,-2.481781643868944,-2.7257316335350033,-2.494449808031344,-2.555011386435904,-2.229396408468254,-2.324137887786566,-2.333290196860594,-2.653857154689079,-2.276505062497998,-2.5573050729202706,-2.1621970836363302,-2.3269753298127536,-2.3723592897877883,-2.5113930586499285,-2.2356619385226697,-2.3585745659857706,-2.363392592916844,-2.4685497937419956,-2.240505338092394,-2.0701562815436314,-2.821808798885839,-2.08449756299532,-2.3518348460612946,-2.187860601646224,-2.781518040625449,-2.6328355159689356,-2.3396634310662368,-2.2856640130086037,-2.577206278097421,-2.7910498674427555,-2.8443357568834173,-2.515248119822905,-2.566297803825478,-2.6528266936404545,-2.5370123597648817,-2.4666613339008916
-2.019608104557327,-2.138234714465958,-2.318946160375737,-2.581254101408931,-2.478796286193407,-2.7118309629925,-2.479905380508073,-2.5424303581908934,-2.2175213196653916,-2.3199997500414016,-2.324690998662369,-2.648294102687842,-2.2573656628908694,-2.521816053529321,-2.154896996385542,-2.253147570954292,-2.3369764731496314,-2.4955498674240792,-2.224144040261489,-2.299902163357847,-2.042347371199223,-2.4029053240508116,-2.22744040736579,-2.063207112515017,-2.797500757983188,-2.0746060024788022,-2.310404419346147,-2.1814794639029405,-2.7762771235702965,-2.585069996434566,-2.29599327004481,-2.268908076690445,-2.5701662941330903,-2.7826547609743146,-2.8121971484318515,-2.5107766098214745,-2.55623058409945,-2.621935242261435,-2.5101512544364875,-2.4507994275848266
-2.004500974533828,-2.1234699828902306,-2.2904656908879932,-2.553966281816036,-2.4677072156933764,-2.6896663848348323,-2.4689594944668274,-2.525969549069644,-2.2018832349172635,-2.3132923793295768,-2.323207091073144,-2.6434995982995884,-2.2153342388560096,-2.5097652678171256,-2.1386317364331817,-2.189113765838923,-2.2823059506369563,-2.4758953936444006,-2.205877461002824,-2.282929548720652,-1.9956880672041188,-2.39005148548135,-2.2116902346459195,-2.0472589245208486,-2.7721993946665315,-2.0608320742895203,-2.2959420885148845,-2.171015617118576,-2.7688607311899878,-2.5789838769439752,-2.279751315094838,-2.2627650049914796,-2.56211963059184,-2.773828230789759,-2.7879171281166046,-2.5055680769648707,-2.5369197387985336,-2.596484070283802,-2.4959883942948333,-2.433259015974612
-1.9844112948161374,-2.11769939421726,-2.2734231122057458,-2.545570126712337,-2.4486351779551265,-2.6834575243756804,-2.443210158194877,-2.508644242912149,-2.197671928454044,-2.3025187075111364,-2.313585504547606,-2.6322152766190814,-2.2042181072229465,-2.507503982196749,-2.1269580630596807,-2.1865982440948413,-2.2636126586693224,-2.440135070474214,-2.1989477121758374,-2.2757499146297144,-1.9788106281803868,-2.381056595845622,-2.1754787347057003,-2.046278245050955,-2.747366856348307,-2.0357518933143095,-2.2927999649971733,-2.159322236083772,-2.7614363107047173,-2.567586065082225,-2.267721149558755,-2.249895563159629,-2.550549178887369,-2.7650757005842643,-2.7614589179448292,-2.5031510299238957,-2.5176398103981366,-2.538980092780817,-2.4674043721688315,-2.422503431741413
-1.9560940821005224,-2.1027825922717174,-2.23680225734761,-2.526185833754317,-2.4476670983923823,-2.6810893051550364,-2.431879929952402,-2.472846078926994,-2.1753492531776235,-2.2881757428368847,-2.3095189901326614,-2.619495148740457,-2.176055802886336,-2.493301405138595,-2.1095967208991975,-2.170025946363699,-2.2419000888380483,-2.428595907358008,-2.179884785437715,-2.236668859996146,-1.9433989204591486,-2.322533451213582,-2.1730753877281312,-2.0376194876137794,-2.7246815865893055,-2.0253092074319214,-2.286129400397194,-2.1482177296507636,-2.748073449557944,-2.539827924901916,-2.262427683789308,-2.2382507498013635,-2.547817233155257,-2.7534391070104016,-2.742160972469233,-2.493126450497628,-2.50132214046568,-2.5103675752200383,-2.456928792261832,-2.404910314303293
-1.9402042871227718,-2.100795568239339,-2.2256917321551737,-2.4941402742959635,-2.4354953911102526,-2.6676920468421086,-2.4100446504243225,-2.464593148252368,-2.1653397731798787,-2.2838707641330713,-2.2994369391297353,-2.6146564879907164,-2.1512876768993556,-2.4772038640598937,-2.103530172088759,-2.142748509598999,-2.2326223335577513,-2.366911447865843,-2.149211068440702,-2.2234255714731086,-1.9097932596102132,-2.3149971202607196,-2.1394140775508923,-2.0349499735217793,-2.702223503388525,-2.0164500135143695,-2.2723052423865324,-2.1300750113788816,-2.743177015932762,-2.527379152252421,-2.2564880781895327,-2.1845248978712797,-2.5378348251698806,-2.7424994815722794,-2.733480977252475,-2.4905093762424073,-2.4949899538291707,-2.453087793731676,-2.432437537726537,-2.393482631710109
-1.9307117529988516,-2.094772712273885,-2.1994737136412668,-2.4760930488361983,-2.432075118114792,-2.6375989319779554,-2.3870015269864093,-2.451192584671334,-2.1539884335276955,-2.265105089685799,-2.2915493312550175,-2.613109829580243,-2.1427185606161263,-2.430433939093242,-2.0948268049524637,-2.1311357667139665,-2.2153560378021493,-2.3493838319494253,-2.1223654874987656,-2.2055934134903037,-1.8756115070557884,-2.304252283063134,-2.1333065852004838,-2.0240829620514953,-2.687063239566206,-1.9941640937569505,-2.268376241558331,-2.0875258616461556,-2.7272097295867357,-2.5227662662592163,-2.2361513728577624,-2.177247096898029,-2.5257992922464756,-2.669455999181501,-2.696671233315942,-2.484871312467091,-2.468705731649173,-2.420025614970463,-2.426081404346486,-2.367664788603004
-1.9257901432037903,-2.0888561290549075,-2.187215617922748,-2.4689932824202194,-2.4221676342722134,-2.6295090527338676,-2.357625189837626,-2.439372244810141,-2.1472905715216783,-2.2612475801976797,-2.288369740750693,-2.6104342392169992,-2.1297067122077755,-2.4139111282114816,-2.0877981315049228,-2.1051410945309215,-2.1989790305236383,-2.2936906199513323,-2.1138850317275613,-2.176780813149826,-1.8620352009379488,-2.2833487629111096,-2.1172624501784343,-2.017351588688305,-2.6778285925409233,-1.9852166152101816,-2.2471812423756288,-2.0792213970882387,-2.718145270871096,-2.4794739548140132,-2.234561385943961,-2.152098298196553,-2.512135429378039,-2.6148529715148277,-2.6762198211278365,-2.4779985503602493,-2.4669453213534136,-2.3181046214722234,-2.40919128729654,-2.3596971697367723
-1.87509826740666,-2.0681481793819074,-2.158574501791858,-2.4235438365616284,-2.415467050354818,-2.6085774986686734,-2.354637308608813,-2.4270819119929663,-2.1173251181008457,-2.249867050379374,-2.2760353433764577,-2.6064783697821428,-2.0951934591347774,-2.397335864381138,-2.076685669264208,-2.089042538699259,-2.1760542676985817,-2.2741524578693704,-2.0755886063880826,-2.1560967934748962,-1.8303294569694082,-2.2698398671889195,-2.0864701359265814,-2.0034310009813123,-2.668767441600118,-1.9619796307474453,-2.225411586761592,-2.0624012927339255,-2.69486394748647,-2.4614355513170674,-2.2287227514543297,-2.1260584174998547,-2.503263906820837,-2.6137435273991105,-2.67045489703357,-2.4715872756528623,-2.4606438248438423,-2.2182271145327377,-2.393983811578679,-2.3516478724389893
-1.8656078624756003,-2.046925108808176,-2.141704079201709,-2.386185294344021,-2.406317548511712,-2.5951371915940946,-2.3409511505235834,-2.4187334454796314,-2.0851099546442637,-2.235506358438753,-2.2751299235681834,-2.6036112633506523,-2.089877013713705,-2.3812207271301666,-2.0627011239233424,-2.06272869150157,-2.1659537024361573,-2.2551773305641296,-2.037009999642499,-2.1365399032351857,-1.8110939414163973,-2.260531816813851,-2.0694014111941947,-2.002112604641702,-2.6454255855300537,-1.9483238404191998,-2.214543577050968,-2.0509916807790205,-2.6874867994282794,-2.453078838326207,-2.196644743564277,-2.1151173706173902,-2.4896441889703254,-2.611895720205298,-2.6475936036596517,-2.4638451329931126,-2.4317174790179825,-2.1839774568484414,-2.3650585951439256,-2.3202129701629364
-1.8532535511150032,-2.026036744609963,-2.1281006828491464,-2.3786384315406637,-2.4030810626053074,-2.5863290964750894,-2.3135399508254957,-2.4060632490090166,-2.0690018189576778,-2.232436725014275,-2.262085830564388,-2.59996415628391,-2.049657412311371,-2.3650349782327034,-2.054342913197404,-2.0623342108090443,-2.151154514972241,-2.2366968006181116,-2.0024288729904005,-2.1154764060332245,-1.7869823751758995,-2.2263002024681318,-2.055376395277567,-1.9897387342117216,-2.6174411778571907,-1.925360896707823,-2.197871418397436,-2.0278900775921005,-2.670450507396237,-2.4467743044540664,-2.190247078641847,-2.0862655344706402,-2.484666063329985,-2.6092789013407804,-2.6320849082047277,-2.4584491619394298,-2.406682428570526,-2.1614347642952274,-2.356679780888118,-2.30764154105481
-1.8225855999910212,-2.0113168031377198,-2.1088574158810562,-2.3241445589820873,-2.3934394770162464,-2.5482902132430767,-2.2913929780095703,-2.38969638241736,-2.053409325552303,-2.2269284575901986,-2.255055558702451,-2.5908972861157573,-2.0089773667131436,-2.345524567127802,-2.03926847937517,-2.016882399932617,-2.139225005363047,-2.233726108857063,-1.97767927409197,-2.09627583911119,-1.7600134081641696,-2.2167075987609928,-2.034226583740274,-1.9753000676987778,-2.606969383466803,-1.8976783144141551,-2.1873152644825606,-2.0155797648321987,-2.668433055943033,-2.4377815082174186,-2.166096918637476,-2.0789679860720356,-2.473411750925676,-2.605809419238642,-2.612387909116854,-2.45236680151748,-2.388255904445328,-2.1419579155685176,-2.31952198235331,-2.303685742827132
-1.8065862081212802,-2.002619201244895,-2.0899517615724053,-2.305005419055544,-2.380800593349572,-2.543392269889442,-2.2880417596012763,-2.3764161526995156,-2.0475411117354416,-2.20637416377897,-2.252761651365716,-2.5869442903624855,-2.000646696923089,-2.3177707019304012,-2.0165616784388085,-2.016167104255917,-2.1189760806452385,-2.1897014775440025,-1.9373075808232891,-2.0757817251653554,-1.7170400377616903,-2.204652712089919,-2.021612119182873,-1.9705211976486148,-2.569118748953073,-1.868132799874055,-2.1755296476705923,-2.006793211701115,-2.659172304026229,-2.415821693324801,-2.147813180342798,-2.0718471494360693,-2.4654133981025392,-2.6013514266516555,-2.598566143893267,-2.4487135318637687,-2.381018384117357,-2.1193756037337623,-2.278594220554566,-2.2814262898452387
-1.8030350700948587,-2.001132162786446,-2.07457727899637,-2.287893497834032,-2.3690539844201344,-2.5001515484768984,-2.26836804667183,-2.351282770284885,-2.0256284633566484,-2.200231625284542,-2.249232871623641,-2.580909931402613,-1.9949489591106497,-2.2963653605299723,-2.0040595400133605,-1.9699459107015416,-2.1115539913222103,-2.1321100661467165,-1.925307524509106,-2.0594786201863284,-1.697571944238351,-2.192868554948616,-2.010889936345405,-1.9655658025127687,-2.557141962393444,-1.8429969843643657,-2.1677814811136664,-1.999459205054719,-2.6417834845505856,-2.4014670878475735,-2.127517491654847,-1.999302499074052,-2.4612787743054807,-2.595774219435552,-2.569021063578362,-2.4383451736645037,-2.3598539113158163,-2.0903933846613474,-2.26504816963121,-2.2587515321627434
-1.794263168849535,-1.9859652841657882,-2.0358392646785313,-2.229205001873853,-2.366367897299952,-2.4903211951726663,-2.2395446958834215,-2.3362536198127333,-2.015660802326798,-2.1880996125917718,-2.2299811336296016,-2.5772729099990785,-1.9679526752244947,-2.2893652149293064,-1.9993197312557767,-1.9285340524139816,-2.099070784369576,-2.0919618658851555,-1.9060623331939532,-2.050966290514408,-1.6911794955059336,-2.1825940081613986,-1.991316373239139,-1.9632059937710094,-2.5133093463225675,-1.8212615559796925,-2.1624762696744337,-1.9837334096600712,-2.6315093055155403,-2.3916726063829428,-2.1234569979956044,-1.9859834454978427,-2.4240724924916788,-2.5891388377810594,-2.517223481966973,-2.4349992685298014,-2.328618224720629,-2.083882227166178,-2.2538894991262537,-2.2487375474759466
-1.7713006044275867,-1.9695021249305564,-2.019909222021162,-2.1864357642447807,-2.3599433962273877,-2.4853020168027036,-2.2099773597132386,-2.3000682345596415,-2.004243419867558,-2.1758104301481125,-2.223461169251664,-2.5758041648005916,-1.953429838867518,-2.272796987617491,-1.978014183209297,-1.8969340616901673,-2.074555768902978,-2.0760938943051435,-1.8805431843687221,-2.0411059534256752,-1.6784671072502062,-2.1330117178770345,-1.977360416468678,-1.949469584287384,-2.4989867278833597,-1.7942965488627236,-2.1598689627357937,-1.9646803042258065,-2.603097927021459,-2.3608347962934,-2.094420123733096,-1.9823997595305538,-2.4153746949324497,-2.5820912617293676,-2.491991606969672,-2.4239799067600387,-2.323432865448412,-2.0654263920691474,-2.2284087014745313,-2.2393054488782687
-1.7692074302694747,-1.9482243560436396,-2.0065062387710464,-2.153397331391504,-2.350153008020707,-2.4511529984030824,-2.184873273508923,-2.280488069973554,-1.9960443635589464,-2.1713265860840814,-2.214849074775635,-2.5601513361930195,-1.9316777797263203,-2.2461955825180757,-1.9621268538750514,-1.8963287876011983,-2.0684590677220633,-2.0611680392063727,-1.8508955496313035,-2.029930712121729,-1.656920143018699,-2.113080349589398,-1.9757583273115722,-1.9338031973671168,-2.490732801079916,-1.7726031179642292,-2.154509927295756,-1.9594848080358982,-2.5966198900035677,-2.3554359802980165,-2.086317827870489,-1.953907809704578,-2.3972817794080803,-2.576277686870724,-2.469413244658122,-2.422181799144267,-2.317935841565147,-2.044818097073395,-2.2015321851254557,-2.21190569938844
-1.716997893785277,-1.9339002770935454,-1.9940106580960042,-2.089586746953424,-2.345860992108423,-2.405152320658341,-2.1678846175128053,-2.244103955807925,-1.9855916624801646,-2.159061886338491,-2.2123213318842927,-2.5546201276442426,-1.8963304614873553,-2.20415878888318,-1.95690717457079,-1.877721727172444,-2.0446348078891834,-2.044612928409198,-1.8373082924404465,-2.0285358987865005,-1.6183587355069182,-2.096216417659492,-1.9289846186135762,-1.928716988313829,-2.469224591104167,-1.7434854338830716,-2.151983497832831,-1.934818650300647,-2.562900188914503,-2.3494053567353395,-2.080497155841659,-1.9363454120452896,-2.375753792640476,-2.471805881770883,-2.442530671263179,-2.4153221578368953,-2.2984346463562244,-2.0374577674678034,-2.1671563697026346,-2.198543258568431
-1.69703203052453,-1.927920519157171,-1.9755787781034475,-2.0127528334138263,-2.332599675332842,-2.391686396265602,-2.1489030101432736,-2.224634329677622,-1.9728501091362909,-2.145604438752508,-2.2085117494321835,-2.526784936478827,-1.8906233747899694,-2.195808065420031,-1.9520333848382314,-1.8766157793300393,-2.040576812931921,-2.0324921549227892,-1.8119437057179457,-2.0072666601056612,-1.6134857839614891,-2.0631272526391276,-1.9139812704710357,-1.9190471360044399,-2.45607743205329,-1.7153250948666978,-2.149093412539085,-1.918579469138854,-2.5245420258727003,-2.328116703179491,-2.0408895082152725,-1.9145803882815293,-2.353217963078415,-1.5773131889466572,-2.4147063558501443,-2.412803112847462,-2.293375068387712,-1.9990015222027147,-2.159894984064992,-2.1921749994493074
-1.6832409732437892,-1.9238809982049525,-1.948845266778404,-1.6734326031686635,-2.329017816504073,-2.3894791738783723,-2.1171925184027507,-2.1850051343620835,-1.9610537009394002,-2.1340999998467765,-2.1983075909971856,-2.5206346130322794,-1.8525516494525769,-2.1722669274313016,-1.9293771138542786,-1.8466840425903062,-2.0387503447007584,-2.0149442156235313,-1.7741703120138084,-1.9980137033211343,-1.5877666429787458,-2.02711414446698,-1.8984768153166311,-1.9093195041000495,-2.4004429417012996,-1.6924525099894918,-2.1408294991244254,-1.913204895512739,-2.4990714216000476,-2.3136665469882387,-2.024783255809358,-1.8992796039660034,-2.3254050602602985,-1.5319160732906965,-2.3982573182318228,-2.4087917966203136,-2.271623760001827,-1.9951553747920485,-2.1268118733283,-2.1624161940919127
-1.6533690110546917,-1.9194697487983514,-1.9455290222768105,-1.6492851421044374,-2.325025901987544,-2.382258654045846,-2.101865134464738,-2.1534231155898715,-1.936206636145348,-2.121367669264509,-2.170730473804104,-2.4989533741149854,-1.8355106729446826,-2.123222596399241,-1.9104099206248577,-1.8330673609200088,-2.0338334325770453,-2.0053248387397358,-1.736864202803733,-1.9952670648705804,-1.5724660139511386,-2.014565664546071,-1.8395467722442478,-1.8913569660385379,-2.3931733815679235,-1.667671855312004,-2.135196350649552,-1.8841805407560368,-2.479474964284411,-2.2800072767611024,-2.0043780903939985,-1.8404333982418803,-2.298075526297312,-1.4877797015495304,-2.3635257919321986,-2.390783456842525,-2.263528380455194,-1.985510913060798,-2.1127889018209576,-2.14090089590415
-1.6464758401580204,-1.9086140054964291,-1.9266072315461307,-1.6080046975044704,-2.3183051197455895,-2.3670500034742386,-2.080147113573751,-2.088077724734349,-1.9148223304748384,-2.1069546721192967,-2.16853424100288,-2.4730094921829506,-1.8228421580813958,-2.117786825361471,-1.8733698046491096,-1.8036308402323125,-2.0194362834243393,-1.9953819257054586,-1.716042780710383,-1.9756505510421198,-1.5431200135394607,-1.9976218300818898,-1.8153671584676676,-1.8767706467750138,-2.3871605217347645,-1.6463912254317332,-2.1179236934415435,-1.873588140988706,-2.4580381921498002,-2.2690510694831776,-1.967944685111277,-1.8319163932747575,-2.283876050352163,-1.4700107967550655,-2.3025009179236533,-2.378567443164818,-2.245165467787797,-1.9724282594736542,-2.055191637857292,-2.119706449666762
-1.6359951833158155,-1.886940061883523,-1.9016422822726686,-1.550041389691615,-2.3108189527693876,-2.3551567923391232,-2.05710665034102,-2.024302577000582,-1.8935721505721559,-2.096170175626546,-2.158860232563003,-2.4495814106873395,-1.8136689679814202,-2.0819338236551195,-1.865633858065982,-1.7572250008819248,-2.014536037210034,-1.993618713871836,-1.6954922708811966,-1.9541685035122638,-1.5126013079147524,-1.9489232040203746,-1.8011064552090152,-1.858281790999809,-2.3773166876494893,-1.6195729457866657,-2.102231773145895,-1.8604458364920395,-2.436678947638433,-2.2548622782155876,-1.9565982573787037,-1.8249686005715504,-2.271764374533836,-1.4437644921503499,-2.2709154937518807,-2.3672198891553253,-2.2135006700315922,-1.959422111728116,-2.0316792843274007,-2.0896029391663196
-1.6009250027228803,-1.8762447086288514,-1.8888068866481416,-1.4814496410318159,-2.3056825225556867,-2.3409739869899258,-2.053572427386633,-1.9715007737113814,-1.8720574671440817,-2.0750876466695667,-2.151084529370154,-2.425772806341111,-1.806909175693806,-2.0557596794732538,-1.8460688239311462,-1.7079911495640412,-2.0055772465610637,-1.9748837877049015,-1.6865601918373412,-1.936359860185732,-1.5052021169714167,-1.9484989142185443,-1.7853965121389461,-1.8446718536701265,-2.338358664593388,-1.5911285260969248,-2.090030866859449,-1.848367507647893,-2.3824187187611674,-2.2433397993698874,-1.9325968437131775,-1.8199932673674284,-2.258179666931552,-1.4011396710778443,-2.209094802183134,-2.352790534788979,-2.169870106941652,-1.9475296123962635,-1.9804756919820692,-2.0716333142883405
-1.578849779903277,-1.8711898497010664,-1.8633050970968914,-1.4201068157524925,-2.297331560675583,-2.3396791095363274,-2.021044969891864,-1.592840177262284,-1.8465756288001203,-2.064897147543245,-2.1295462360677155,-2.390689944545382,-1.7970807878756803,-2.0137601942449104,-1.8275607434922223,-1.6602685778416602,-2.003897472624569,-1.9663944212300797,-1.6732313093410265,-1.9112280416748626,-1.4917657713804997,-1.9021557739852606,-1.7515895950845455,-1.8403033080587625,-2.3368667383857193,-1.5679031478965846,-2.0790718673090796,-1.8313407464814289,-2.330543487384709,-2.2077791461412715,-1.9007155638554656,-1.789439139126359,-2.2472172706770213,-1.3839891859480478,-2.201669859564186,-2.3316166799900078,-2.1285742649690884,-1.9359108147871666,-1.969238655214699,-2.068610740534089
-1.5493115425941961,-1.8651683175750644,-1.8500704525390994,-1.3494445453043975,-2.291896162359423,-2.302626039394617,-1.9943426301916751,-1.5503108384690516,-1.8359114446617917,-2.058613328798826,-2.11057974192354,-2.318989371100673,-1.7760009456504449,-1.9970220424281164,-1.8191378382147407,-1.618434487475638,-1.9938219297882849,-1.9490340485224176,-1.6707877972192193,-1.8780060092954185,-1.4790174615623082,-1.8762935600624973,-1.7408007350372436,-1.830851803769878,-2.3034466666575533,-1.5452204100869942,-2.0656554992213128,-1.820854039394661,-2.281207672908527,-2.196691618931926,-1.8626260585547725,-1.758439434563964,-2.2288405262678745,-1.3601285670169831,-2.1165246178181985,-2.325105879852188,-2.1152023512502933,-1.8993496889462231,-1.9410201129460112,-2.0651878566589423
-1.5086617066092558,-1.863952687913437,-1.8261932362476168,-1.31230169336122,-2.284264118401181,-2.293447440861407,-1.9628507298325784,-1.497235302331055,-1.8157627191090338,-2.0331291003209313,-2.101726587272812,-2.296211603346039,-1.7451789526792207,-1.9877751127051106,-1.7844030162376097,-1.6056119233127055,-1.982317247764192,-1.9010579515728896,-1.6520213437853613,-1.875187049546448,-1.473653368642696,-1.8518772053407835,-1.7344632705073417,-1.8264378400475392,-2.3003276758565194,-1.5220514674452912,-2.0483262026603417,-1.7790350929470187,-2.2307595871596195,-2.1829141736495075,-1.8385079682308143,-1.7285860059671099,-2.212399501023633,-1.3324173003285464,-2.051688080611836,-2.3140442372378485,-2.099013533873398,-1.8873352988364405,-1.9227585616288347,-2.0457840430198857
-1.4834633563905795,-1.8611688715337915,-1.8187770572190805,-1.2801274646897105,-2.2810162015596753,-2.2582394784903794,-1.8977930929322804,-1.4609302500983732,-1.799447578935577,-2.0197807328718014,-2.0956322896650335,-2.2925073466032866,-1.7131503977029714,-1.9663614037639556,-1.7685121366533736,-1.587510041832118,-1.9678561881548116,-1.896887940620874,-1.6247524245159755,-1.8573323670931432,-1.465130958801681,-1.8434868216963578,-1.7032449758868344,-1.8030839283177602,-2.2624493844002904,-1.512761870748671,-1.998461106201351,-1.7693055270563058,-2.1921499932676065,-2.178098069838386,-1.8234046384855436,-1.718150527202882,-2.1688184594636555,-1.3220853940572583,-2.0253741307518087,-2.3082663028228163,-2.054745222608838,-1.8746055831055266,-1.9043594691272552,-2.0346149540939384
-1.4779768125338486,-1.8443375779746392,-1.810241932198825,-1.2729004617386406,-2.273837788680925,-2.248183971283786,-1.8880298284880055,-1.4213636546231148,-1.7953382741485753,-2.0078051255030602,-2.082285146854687,-2.288514835965863,-1.688402713081647,-1.9440344810226133,-1.7416698907531638,-1.581523126647136,-1.961679815584552,-1.8827591345266046,-1.5932091106542103,-1.8324534661480232,-1.4306888631678079,-1.8223435807051676,-1.6855614969139012,-1.7803308703729852,-2.2392164150839826,-1.487999001448271,-1.9640554898247122,-1.7477265357764322,-2.172079152916426,-2.1469195051549033,-1.8068842929049735,-1.7036153628411648,-2.1520304575975384,-1.3126194334805943,-1.98998613812253,-2.2953923532265255,-2.048905815509565,-1.8534691086609894,-1.8568949560691677,-2.0106658843151624
-1.427754075497119,-1.8419942235349716,-1.7924089996439028,-1.263717226803718,-2.2683905397090256,-2.2029566149508586,-1.8684412200976954,-1.3910345188156261,-1.7769912726259152,-1.9891492837927724,-2.073164095097986,-2.2849081457717184,-1.6812792062196766,-1.9388151850663697,-1.7117432504360555,-1.567604265162855,-1.956073151838321,-1.86999711777123,-1.564017820856421,-1.8307153401027683,-1.4163658876106817,-1.8019108334255274,-1.6677841196821825,-1.7612834228302507,-2.226467456753077,-1.4627423039659329,-1.9591114159526615,-1.7194652019877668,-2.098944479875392,-2.1180458682270715,-1.798017888326473,-1.6790846701674402,-2.1034160540596405,-1.2752488453567845,-1.966566739675356,-2.2872717485588883,-2.03037327532692,-1.8340175228902018,-1.8396615702430081,-1.997687963160223
-1.419328232055125,-1.834869197913539,-1.763081819958779,-1.2316391246384215,-2.2578974514912082,-2.1870523779790245,-1.8542629546402931,-1.358606530090579,-1.7444530825622724,-1.9771544106650951,-2.048937329477941,-2.2817303326106395,-1.6638230142483212,-1.9188718497100752,-1.692435289372242,-1.5478654794497417,-1.935663995404803,-1.8562099580757894,-1.543721242058653,-1.802420501629169,-1.3969150774937178,-1.7622053397157456,-1.6554146029313799,-1.7427680502778624,-2.2228217629064186,-1.4412515849544558,-1.955661465707864,-1.7100892965693613,-2.071448232755125,-2.1108338644713993,-1.7801906501397133,-1.6617350518770848,-2.09456780366503,-1.2632023396732008,-1.932561600240919,-2.2804477000022416,-2.008464882025793,-1.8286992046724102,-1.8243991458395046,-1.9743661970381716
-1.3967973860302307,-1.8273841586270279,-1.7399738214916478,-1.2259267970188321,-2.2530804891633154,-2.1783922407182965,-1.8437121082551189,-1.3207167608178174,-1.7254580140776756,-1.961869735850185,-2.034848127982649,-2.278866338514906,-1.6401631856156802,-1.9046983780782334,-1.6800594840141763,-1.5257963117727997,-1.9140578080503476,-1.852359287409221,-1.52022800195648,-1.7789182378496324,-1.3915165827338452,-1.7503160885840297,-1.6408073529495002,-1.7223585762529725,-2.198628222018967,-1.4143517863226578,-1.9455211028941626,-1.697657245566036,-2.030248036795782,-2.100169755720321,-1.7739733447080375,-1.6284612725260015,-2.064164974563463,-1.2492387622451344,-1.9226668908736961,-2.265887131638109,-1.9860814174784787,-1.800186166396557,-1.785661538475789,-1.952496986645225
-1.3765013308902598,-1.8226037321547557,-1.7242620524919878,-1.190677643109999,-2.2465400057290776,-2.11952666014068,-1.8299473900182663,-1.2939637185084165,-1.6804510708447773,-1.9498492254188244,-2.0250556869949548,-2.2762155686956853,-1.6176656750438443,-1.8750111442994257,-1.6344171543119808,-1.49717618514601,-1.9111995146015344,-1.8358341112979484,-1.5110819176155916,-1.7528338286071221,-1.3805239712694768,-1.7164524715005571,-1.6072918085530572,-1.7035733779937448,-2.166068324287932,-1.3972083510661084,-1.933200959623088,-1.6612776541408651,-1.9954086433914604,-2.0956518345709094,-1.7466506524001428,-1.623534798138262,-2.0486708791553285,-1.2389397985502002,-1.8911088311293003,-2.244633373036174,-1.9769084235608692,-1.7917000257102362,-1.7639077614635632,-1.926554878681504
-1.3649323029437483,-1.8197658782753503,-1.7130164430394368,-1.180540520766822,-2.2432212377238527,-2.102335707185649,-1.8099086025317894,-1.2894844326349573,-1.6591868400778078,-1.9291922953401686,-1.9989529471906673,-2.273762476295636,-1.5941156277654454,-1.8632387805520259,-1.6258995474908164,-1.4450442859560082,-1.8870929122429074,-1.8072869300743564,-1.5042884120836872,-1.709617761765807,-1.362312875701256,-1.711658392229181,-1.594403802157742,-1.6811044445548413,-2.157656526671823,-1.3912595387899087,-1.9193106829947628,-1.632082265766161,-1.9621321084275232,-2.076502902560072,-1.6892397234158338,-1.6186482547633088,-2.0259417605387124,-1.214160413682511,-1.8551138709690895,-2.2273769136889716,-1.937818729052452,-1.7839039435685784,-1.7345176930104136,-1.8907387226946641
-1.3610740599593445,-1.8151854713156612,-1.7042318137107526,-1.1585892879534798,-2.2382245681114536,-2.0411465872831,-1.788544715516671,-1.256155445839734,-1.6409175148999633,-1.9114942334827307,-1.9945199716530246,-2.2716437046712357,-1.5768721652327917,-1.8350014944151065,-1.614735648107994,-1.3891505809702451,-1.8756211279992852,-1.7887556203097854,-1.4829882152826572,-1.7059324036631558,-1.3418715730462958,-1.6851233891382866,-1.5806342805306126,-1.6717622149659004,-2.120735682148964,-1.3782208248428223,-1.915645843602861,-1.6036946456652683,-1.925269184274223,-2.0643164858045444,-1.670408115150379,-1.582477234682427,-2.014623671821988,-1.2021049874153544,-1.8498747346222735,-2.2107861733569174,-1.9240710528232527,-1.7670671617582472,-1.723861849457198,-1.857515784472942
-1.329003594423921,-1.8074356943548506,-1.6963558464726567,-1.1505663279124747,-2.23327540949246,-2.0255032582620673,-1.772303006581078,-1.2366730583566317,-1.6126298436312776,-1.8782262621186447,-1.9901806779999505,-2.2701705884388645,-1.5690959167190113,-1.8238258418520052,-1.5931047084399657,-1.3519913332440865,-1.8634748656517992,-1.7756622461839906,-1.4705802101116006,-1.6719878532920809,-1.3244592071047474,-1.6787114705776316,-1.5384571121858222,-1.6552402354132116,-2.106336671406765,-1.3772784351174967,-1.8641328537584982,-1.549800809552362,-1.910864721170813,-2.048675411987589,-1.6283667791429832,-1.5649965068798835,-2.0061591685348317,-1.1930054677437667,-1.842615885625321,-2.205884595633134,-1.9178197729422788,-1.7403960744860978,-1.7094350399763516,-1.82071313186039
-1.3058494610708038,-1.8035872151588477,-1.6734389434132002,-1.144399850713938,-2.227633691045472,-1.9531025896436092,-1.7387959491248428,-1.2269252643333195,-1.5946587034923754,-1.8673037738571538,-1.97399783215231,-2.1517165183087177,-1.563945715776887,-1.8101160656295872,-1.562833586840715,-1.3357779125211289,-1.8501058099590184,-1.7653028944924005,-1.4535428659303606,-1.6693507814664883,-1.30946590136425,-1.668747215887477,-1.4927151511802683,-1.648176442909416,-2.0922607093382712,-1.355483765264031,-1.8363566578226693,-1.5285190170459058,-1.891285778613566,-2.020229930771741,-1.6180845444480805,-1.5482912982859838,-1.9994919615905953,-1.170098592606341,-1.809289677490612,-2.194719464104798,-1.8826641882974733,-1.7386723315061365,-1.7038570968449018,-1.8044397191830657
-1.2756679808092228,-1.8016597350685022,-1.6603729011489725,-1.1317813020920235,-2.2244489721645087,-1.893037634675592,-1.713812106010259,-1.2119706412441325,-1.5484806428268607,-1.849910237703901,-1.9394258349018125,-1.9971273445463535,-1.55805806826508,-1.7893221605911067,-1.5132764278550979,-1.3242723876667006,-1.8381121115297785,-1.7458787185662512,-1.434224253742594,-1.6486719210591558,-1.305932304333282,-1.6289334205820836,-1.4714250850635269,-1.6330514486969954,-2.054936438578883,-1.3440135729996565,-1.832307567963389,-1.5073481282275885,-1.870746154564378,-2.0115439737613174,-1.5803421228657253,-1.5322091792020363,-1.962682539431994,-1.162151105973589,-1.7902685113732526,-2.174664571339192,-1.8529033438701246,-1.7282965085130109,-1.6356433585416916,-1.7933191767287902
-1.2739768923304495,-1.7902767050475683,-1.6393128418155227,-1.1155933769621764,-2.2157154161848513,-1.610779986116817,-1.6952944582684621,-1.19704546100705,-1.5067895367107114,-1.8341783175401902,-1.926998030246007,-1.9946845673366478,-1.5539202311283131,-1.769766696054735,-1.4766541790901866,-1.2903408259028857,-1.8311810085547968,-1.7346712404854496,-1.4237000663190362,-1.6377326104718937,-1.2984320647792305,-1.6252470894393767,-1.468269749710874,-1.5808331802503526,-2.0497361385971904,-1.3175204638940798,-1.821455024846954,-1.4990645946336754,-1.8526259702606098,-1.9744231234890441,-1.5669233757602687,-1.5157318797078019,-1.9500718440201033,-1.134790950708174,-1.7860284274231057,-2.145199964244789,-1.8359294562317243,-1.7258882157735356,-1.6231091529005697,-1.762216107632813
-1.2224159043514808,-1.7876387029413847,-1.6214513544973437,-1.105335238806244,-2.214642705785163,-1.5514929025588005,-1.675509567073702,-1.187283858364837,-1.4532369752540162,-1.820241786826787,-1.904429868416175,-1.9917955154706004,-1.546426904531757,-1.7549933179598962,-1.4612174232200594,-1.2791317106243643,-1.7932813533409862,-1.7323040984551146,-1.4193728203351361,-1.6281265295001206,-1.2905433945295461,-1.5879033739470607,-1.4560251101404578,-1.565686898548613,-2.0039278557737776,-1.3090747207339406,-1.7995679844855377,-1.4281853057224203,-1.8487192198136804,-1.9658099640440312,-1.5133626497391723,-1.5099746713338187,-1.899044608795654,-1.1121312580612588,-1.7753286321637585,-2.124084901524654,-1.8098968824835129,-1.7097633757885125,-1.6134162799241736,-1.7314311336631663
-1.1981893212099028,-1.7809380372060046,-1.618664516328906,-1.0988737578871957,-2.2084624544151326,-1.4749600536138219,-1.6614077070817344,-1.1790171511499545,-1.4388937923137293,-1.8036445520050386,-1.874497572936003,-1.989002849451309,-1.5411396948852707,-1.7375047035971614,-1.3928822989304785,-1.2492149328184496,-1.776006747581316,-1.7125979867451988,-1.4066835425992028,-1.6054785221590053,-1.290304499377329,-1.583309674874463,-1.438321675161396,-1.5440686376574297,-1.9809325661807522,-1.2828109734560071,-1.772391611415249,-1.3733453088938203,-1.8207832080285198,-1.925032643580653,-1.5017881921663325,-1.480330668544093,-1.8899420230966604,-1.081360698698774,-1.7590843092749138,-2.111490043451946,-1.7748841979171956,-1.6925566184143441,-1.5774406877414406,-1.7056833330598618
-1.1892560051066312,-1.7638547429723095,-1.5961372901681088,-1.077165246044836,-2.206587872311916,-1.3975579152346362,-1.6426368168571743,-1.172946828555669,-1.4066226483461104,-1.773881306205564,-1.8418821278672806,-1.9864456462434807,-1.5365004860969051,-1.7151442711666525,-1.3777937685528499,-1.229696259124711,-1.7529049111782662,-1.7036000451676871,-1.4055734748510864,-1.5895767951435276,-1.2764923210448584,-1.5447830966932252,-1.413287164599877,-1.5032948696687864,-1.970952526694665,-1.2645392003349132,-1.7522284952401481,-1.35433243205797,-1.808488475659487,-1.8985271864739226,-1.4722202791276127,-1.4690522203030003,-1.8533746714335797,-1.0646939736265566,-1.738607828831638,-1.4346030196688693,-1.761570627044211,-1.6687615117918797,-1.5687585162969715,-1.6852494017108441
-1.138192434046366,-1.6211412235957012,-1.5851316568925264,-1.0636765697317825,-2.201381771103192,-1.3311814311131505,-1.6309289364417316,-1.1610838342011223,-1.378880857646372,-1.7549804907150888,-1.8189245619399028,-1.984105306627396,-1.5273071334195583,-1.7011791549288047,-1.365440233661318,-1.224081697580908,-1.724126738300989,-1.6923364167498982,-1.394147857718697,-1.5672837128798864,-1.2739698402306763,-1.5284735038586141,-1.4004136102710802,-1.4897671997202688,-1.9346604425470992,-1.24508347369782,-1.7353325516420874,-1.329629144530244,-1.7730717371012654,-1.8727478272636895,-1.438132704637406,-1.4319279136384737,-1.8270347792573955,-1.0536553029135993,-1.7337527901029788,-1.3886810986974099,-1.754925397354813,-1.6605498844398385,-1.5220897398776896,-1.66950650657446
-1.1354068647073532,-1.522748083277221,-1.5511470309094328,-1.0581538953373424,-2.1970258619105323,-1.3160561158402257,-1.6059420785137288,-1.142876634840939,-1.3519278649112214,-1.7225888203952484,-1.7961564365615759,-1.9819462869846314,-1.5256960360989127,-1.6863780123668712,-1.3390588777017574,-1.1854695712255106,-1.7092359794101943,-1.6793695284944978,-1.3777133637827563,-1.5434881790931203,-1.2616272882651778,-1.5005102393973473,-1.3809691776586486,-1.468450825372377,-1.922394686322126,-1.2291017611146997,-1.712897191341089,-1.3051880904915345,-1.7362698500820295,-1.8541126047988932,-1.3788465250894681,-1.417522809686999,-1.819397678433685,-1.0435190794557334,-1.7317467582797672,-1.31856361693218,-1.7518025866535405,-1.6572995922650584,-1.5202929285072122,-1.6576912471769136
-1.1025097460923314,-1.4688028884553526,-1.5271126242205686,-1.04801830854429,-2.1955378000191446,-1.283781513726885,-1.60307360014699,-1.1346869021922075,-1.3125816428850265,-1.6962956524340003,-1.7474418669075147,-1.9799903813524264,-1.5142209446126882,-1.670831430968361,-1.3175823893920338,-1.1620688599775877,-1.6888938758352139,-1.6531627373455196,-1.3675347489193077,-1.5160398534895045,-1.2482578653383143,-1.4939911335051976,-1.3717286371507469,-1.4422675314896862,-1.8807108239107013,-1.192081793299913,-1.7046658896267355,-1.2453963448686964,-1.7200371780774975,-1.8277115249763494,-1.353136875490358,-1.4019740752935348,-1.8113199885936606,-1.017588734947338,-1.7153377391338773,-1.232779252758051,-1.7420321501445322,-1.6476825596605733,-1.4960080591894844,-1.6491338971990837
-1.0835926139290701,-1.462809893028682,-1.5137854746744908,-1.0450996113224766,-2.1870613607518457,-1.2614874316659206,-1.5811145203213972,-1.1235833959349324,-1.2794456258205948,-1.6859430156000028,-1.7039306892796267,-1.9783767393398026,-1.5104870387992853,-1.6594531866819275,-1.262203154251251,-1.158583045300827,-1.6709299111917562,-1.6327164910748684,-1.3468307087041749,-1.4945513887020472,-1.2407545887394793,-1.4492379403727855,-1.3461598572017632,-1.4261729441978557,-1.8691012533107918,-1.1817623115050444,-1.6895340116829602,-1.2219767675200572,-1.706357124207018,-1.8057443250429739,-1.3299614564788145,-1.3918510955851264,-1.799805920604167,-0.9911773233272979,-1.7004642085521888,-1.1726394283024226,-1.719854128891833,-1.6390657167453804,-1.43187699582782,-1.643336263314172
-1.0576034782617538,-1.4542445672396105,-1.5013637018490666,-1.034414295420201,-2.1832372299615903,-1.2105204930203475,-1.5724300885120268,-1.112110129665031,-1.2713895763938456,-1.6686508974073715,-1.658752188585934,-1.977359867707055,-1.5005373046810295,-1.6398599888436554,-1.2212330012803119,-1.1319014284248603,-1.6524502073302214,-1.6039814721629548,-1.331792492469384,-1.4819576485920485,-1.230006371879246,-1.4290367011770129,-1.3260318813945264,-1.3974730627310763,-1.8285579315850953,-1.1527900350703764,-1.671248567782928,-1.2133297827313054,-1.6966034654525852,-1.7870689777626223,-1.2582461280387573,-1.3817906747439106,-1.739998714696325,-0.9588086802442953,-1.6873012503828413,-1.1436416327528225,-1.7045203251402785,-1.6132541763456658,-1.4230138883147634,-1.6399744196897916
-1.0091348895332326,-1.4452960723308519,-1.453238413258678,-1.0198220895287846,-2.175916484107897,-1.1955891524562796,-1.5597624690548693,-1.1065125027229121,-1.2501513904714323,-1.6312865076552723,-1.6088917235947733,-1.9166080042933675,-1.4914975256197447,-1.6266416043186618,-1.1981085080170137,-1.0983304962229992,-1.650063989249816,-1.5977192345982414,-1.3131570954378735,-1.432394911183166,-1.2217849661595963,-1.3962098841053903,-1.3005404710402664,-1.3454671565416643,-1.8153822156293578,-1.1151098230406495,-1.6504499102730945,-1.1768129785613433,-1.685639894134843,-1.7717389997944937,-1.2557802189143452,-1.3628911410987155,-1.707746813057276,-0.9383886542443168,-1.6653484876435096,-1.1164695342622508,-1.684270117355498,-1.5943066991027621,-1.412230434166864,-1.6037539943421837
-0.9907194143813016,-1.4381794980051397,-1.4319349644352448,-1.0031712527936387,-2.164679664441862,-1.1622539616113687,-1.529190380835887,-1.090283062620881,-1.2191563835781842,-1.6041791951611435,-1.5922555522697264,-1.2457855669839795,-1.4846067388871789,-1.6217478582022309,-1.1568168848627514,-1.0817134973122415,-1.6419996921875368,-1.5873394388748874,-1.2897569389817405,-1.420541723083583,-1.2110340039242387,-1.3877324780338043,-1.2925181276643063,-1.311643432927462,-1.7875273443686461,-1.1009436528007763,-1.6253424185873715,-1.143754699307072,-1.6681835481954475,-1.7588602255411778,-1.1850634643074092,-1.3341130164212016,-1.655904391185454,-0.9249898497159543,-1.6618717407013268,-1.0969922209928742,-1.6703464528958363,-1.589919504099078,-1.4039346587411456,-1.2555986806285513
-0.9625533598225385,-1.430137007549444,-1.4123025795702888,-0.9978188404882362,-2.1624501849437134,-1.1300870233041593,-1.5153486072528295,-1.065680697193353,-1.184231561038826,-1.570694103061518,-1.5460298780330581,-1.2061796592787535,-1.4670955238804182,-1.6091837052453692,-1.1437914378242577,-1.049373625308685,-1.632287780937985,-1.5705840239399231,-1.2756677091282647,-1.3917191354689638,-1.1857182462593878,-1.374645835928463,-1.2556432611127735,-1.2720613561282674,-1.7514783001356555,-1.0784858916756905,-1.6129296700939935,-1.1379471155780112,-1.6330224513971823,-1.7555246868451837,-1.1761982936042323,-1.3204085844443485,-1.5969863429118538,-0.9049938302924482,-1.646540613887946,-1.0706502611037387,-1.6688606908632118,-1.578254397498531,-1.3827492499712528,-1.187155858122922
-0.946092988741818,-1.421376512830361,-1.3765765603785254,-0.9839893524092456,-2.1501227887728276,-1.1133188648379633,-1.50638287781645,-1.0497755971191787,-1.1681340156276279,-1.5318698612402954,-1.5361315681104721,-1.156567946657679,-1.450775330248827,-1.5871100071181585,-1.1275275019774431,-1.0346425876347825,-1.5891260711958408,-1.5530728042996598,-1.2495720123285128,-1.3883573540390788,-1.1771957356061122,-1.340796388616461,-1.2146000056636834,-1.2420222360251791,-1.7371746790972014,-1.038034732680233,-1.6045637280062495,-1.0934425961111185,-1.594460262247772,-1.7480818355122478,-1.1360905070801979,-1.3068976620389015,-1.5627048826644352,-0.8945435308612134,-1.6333183359314443,-1.0526460234033972,-1.6254323341890526,-1.5690359800063685,-1.3787903940947697,-1.1792956474318141
-0.9101224649470228,-1.413807742110611,-1.3482846368588866,-0.965324785284643,-2.143333668898608,-1.1132637101318543,-1.4924211557352547,-1.043655089582483,-1.1433475222804474,-1.5214428642174933,-1.4935090782356992,-1.108970878922317,-1.2917568339915586,-1.5765008755300276,-1.1030384621122304,-1.0178425909453854,-1.552024301556096,-1.5393988070515954,-1.2419785626705502,-1.3655830597359884,-1.1682951067049292,-1.325719889004263,-1.1925791880922318,-1.2309429151722162,-1.6929779971714871,-1.021343150836704,-1.5908839297733366,-1.0723056633979118,-1.5713866273953998,-1.7363926027473198,-1.1158025494951112,-1.2909272105756286,-1.5539145910469583,-0.8706636208314351,-1.6156946638636784,-1.022791106310448,-1.6079048586163338,-1.5601589889839589,-1.3367996801984359,-1.12499928862986
-0.8886166288579426,-1.4081496532477606,-1.3141583525194065,-0.9447734584047089,-2.129936166461063,-1.1007310001393664,-1.4328300971026913,-1.0239395059175496,-1.1194860838188585,-1.4637061864151266,-1.4607881823687736,-1.0694572766620574,-1.247398736700226,-1.5697844028022065,-1.095563398237594,-1.0160947901178798,-1.5319998644407669,-1.5360585991940812,-1.2107285862662707,-1.3529759420185223,-1.1654285070608987,-1.3102419304815398,-1.1646373035651774,-1.230810887570437,-1.6847893446055884,-0.9989118943298575,-1.583351550480652,-1.0380372402378262,-1.5604214288058569,-1.7135618813715607,-1.086466487438772,-1.2805147012395488,-1.5128941517340686,-0.8370174960626989,-1.603449763727663,-0.9914879354231456,-1.597898053975094,-1.5347397606550357,-1.320486006663835,-1.1130859658813523
-0.8381995922350612,-1.4046805607219082,-1.2878606423172954,-0.9427964800245675,-2.1182548800304066,-1.0734568362680326,-1.4195461845454875,-1.0209566319482548,-1.0990730833775668,-1.4157155058832571,-1.43829662371091,-1.0547948295332643,-1.208199889495954,-1.5607577327625635,-1.0597243145192894,-0.9701869110464104,-1.5268939570056743,-1.5147249901463133,-1.1628633112566287,-1.3313119431110279,-1.1566943753106056,-1.2993999155982876,-1.1490447851670222,-1.1677807652406835,-1.6467433329801728,-0.9777396447936287,-1.5678022480174805,-1.0305366106618354,-1.5337178698958158,-1.7105139836820296,-1.0817455867521204,-1.2596534207368073,-1.4955271458018342,-0.8153204270361706,-1.5987704916905627,-0.9789520182111643,-1.5924397111449409,-1.5171032693758317,-1.3141194487034196,-1.112247424317125
-0.8083743571213936,-1.3727477219133641,-1.233137167520859,-0.9362196115006064,-2.108369869541613,-1.0618213303710238,-1.3938644773503588,-1.011980048672534,-1.094578974981506,-1.3673180214735143,-1.4190182497227517,-1.0392429351090753,-1.1727960065960605,-1.5424266755206282,-1.0363904918345186,-0.9666517603562128,-1.4875085332802243,-1.5109653723899248,-1.1096236976988696,-1.2917680185572435,-1.149503884575081,-1.281894901898053,-1.1410848561747653,-1.1665882323324668,-1.6296832921519766,-0.9168350388660347,-1.550730573652896,-0.9826050940936322,-1.5074893712843196,-1.6955785588498993,-1.063265684976159,-1.2459203742999876,-1.4514726800024027,-0.8004588836443571,-1.5863946294003262,-0.9421694256771961,-1.5658146235245858,-1.5101689896107868,-1.2868805140920199,-1.1103870649491423
-0.762598979197579,-1.3538462018352118,-1.2007389117703606,-0.9334426099988015,-2.101520138444258,-1.0452488302973995,-1.3850566838659741,-0.9807971789114288,-1.0678545449088468,-1.284942324183151,-1.3865113142036065,-1.0172878175355489,-1.1450425343948236,-1.5368944596634935,-1.020368386873416,-0.9455751149209265,-1.4676259516680548,-1.4987447036579915,-1.0613263289136114,-1.2720404811134336,-1.1469199434175639,-1.263906189655901,-1.129535648562363,-1.1637297501512938,-1.6166896629820795,-0.8531382384542671,-1.5446120146114752,-0.9541005286371663,-1.48998140897906,-1.6573142276028845,-1.0336694105964503,-1.2144126411103289,-1.4089335738937696,-0.7826677310916889,-1.569100818832927,-0.9172989014085179,-1.5550012468621288,-1.4818680368967718,-1.269956523586501,-1.1080945017458448
-0.7428331842536875,-1.322318976544974,-1.1618739879211073,-0.9239253078109807,-2.0963007649035856,-1.035611093784282,-1.3585640346741272,-0.9453198786267902,-1.0452399794392149,-1.214051135110533,-1.3560221072670504,-1.0023540791822727,-1.1234052111110955,-1.5261304048881403,-0.9950002651466032,-0.915760953695538,-1.447310967092254,-1.469790957474285,-1.0565967268355856,-1.2201082692627603,-1.1230905185906404,-1.2529205483246295,-1.1059090265498208,-1.1543940312398895,-1.5664777422438876,-0.7866294055358147,-1.529455824014919,-0.92688721401398,-1.4749050263861834,-1.6522708922417455,-1.021987061728043,-1.2017933289537022,-1.386578566894133,-0.758572096213238,-1.54380078854239,-0.8981013647715428,-1.5458141015293854,-1.4781056140161442,-1.2458258612276718,-1.1017759490232617
-0.7194906718150524,-1.2924476083452048,-1.1339141246435014,-0.9197828791826194,-2.090415553531789,-1.0265500433714765,-1.3394384300987243,-0.9336049597796925,-1.038580626714926,-1.1216504107718273,-1.3530908293968922,-1.0018440431817648,-1.1062546355857312,-1.5181918335815896,-0.9692132553695278,-0.8985587920936136,-1.4294734104230593,-1.4619328402238752,-1.043623958871302,-1.1670470409628788,-1.1091345630652727,-1.189959239785314,-1.09925024981185,-1.1360451554347821,-1.5443704909044476,-0.7187893253844881,-1.5117503828533696,-0.9103850364112044,-1.4681724984641686,-1.6399843186784222,-1.0107323640072687,-1.1916907624313717,-1.3660639377878787,-0.7440817714221007,-1.5407569685181322,-0.870677293880502,-1.5210357017054195,-1.4711004479558356,-1.2242287110545782,-1.0955063460152792
-0.7148941073586118,-1.2481978496547994,-1.0733635159298252,-0.8845291165349517,-2.0790713703824424,-1.004720028887011,-1.3095537613124664,-0.921060331946965,-1.0244868222440757,-1.0661278479656564,-1.3385506706506431,-0.9920050259302639,-1.0963438339288412,-1.5088068746978267,-0.9313452915035761,-0.8841109603123144,-1.4116021733035862,-1.4333277853634818,-1.0202120024277022,-1.157308368966059,-1.1004440959120727,-1.1683512287676987,-1.0842618227713248,-1.122105278794317,-1.5167151089967792,-0.6887598403970276,-1.5012832067487507,-0.8874265101061194,-1.4413392183229918,-1.6100575285903076,-1.0040549046569507,-1.1746344095127417,-1.304374576794436,-0.7314528070647109,-1.5378466001792983,-0.8593932981785224,-1.5052287528165873,-1.4417585974507576,-1.214407727613421,-1.0885971345086145
-0.6845319540020066,-1.227794483696237,-1.061189954729654,-0.8833173837399847,-2.0735632282945637,-0.998425434695486,-1.2797726080786729,-0.9072344266667294,-1.0028802594695754,-1.044590603032099,-1.325353141412265,-0.986363668569463,-1.0901575619246644,-1.5039228180444733,-0.9088133269560856,-0.8697810894148174,-1.401626760820696,-1.4244207540923113,-1.0094955392090774,-1.1395343569042737,-1.087636252701664,-1.1550749128330415,-1.0612699515399058,-1.1047808108046682,-1.4868387502732054,-0.6566247259241644,-1.4976717201372867,-0.8700530046937203,-1.415307995264813,-1.5951314140847213,-0.9755261383858013,-1.1560749827101768,-1.2892939691283296,-0.7211458979929536,-1.5277170118328127,-0.8256479825366666,-1.5005016703697496,-1.4338306639584923,-1.1954620679573598,-1.0710846244993137
-0.6744441828365598,-1.2078968526274396,-1.0196683647835862,-0.8770889257149986,-2.06205523284087,-0.9879044958185639,-1.23800383536969,-0.8940579936485559,-0.981517266630822,-1.0143637480390475,-1.3127073027017613,-0.9629570791748958,-1.080579669718568,-1.4908630907334095,-0.8998395324840736,-0.8278060583910852,-1.3779387318109326,-1.4151252749662735,-0.9935504442540681,-1.1067522031809143,-1.0689374806980991,-1.1350358556922002,-1.0509003163464168,-1.0995818694308104,-1.4741047123018027,-0.6518878880569698,-1.4815786957246024,-0.849531703661877,-1.3997960740409368,-1.5829691903871341,-0.969577026969738,-1.1425447383402267,-1.2828328385917864,-0.6884406628492115,-1.5152858383796008,-0.8170608930111802,-1.4870596573696726,-1.4038215361406718,-1.1781378409162981,-1.056468364952179
-0.6680724290199487,-1.1752564753996468,-0.9979256520931429,-0.8666821174385253,-2.039081962193438,-0.9829709039276707,-1.2269865681565069,-0.8739887088980274,-0.9590261538167798,-1.0016711291171831,-1.2983420303388367,-0.9317838393637641,-1.0776255091751588,-1.4733305598859103,-0.8848390602560908,-0.8150477008625849,-1.3105563839772263,-1.4063085292230673,-0.9781118632626828,-1.0931998484542704,-1.063121711922836,-1.1092135962241232,-1.0226515705345143,-1.0746958776929443,-1.4548588618244875,-0.6174634368796592,-1.4693280357681928,-0.8241323901971018,-1.3749793061681506,-1.5688748308684795,-0.9466781317759297,-1.121291007343905,-1.2518850338989806,-0.6762720511597149,-1.4955704365801914,-0.8013028436902626,-1.4823919842290725,-1.392962706275102,-1.167353352142339,-1.0479518656679556
-0.6468103794817456,-1.1554221065259358,-0.9743190534044687,-0.8543104606008713,-2.030405059989258,-0.9775660798024097,-1.190516693793197,-0.8469622237477481,-0.9507989063057722,-0.9984547387016607,-1.2826802453282897,-0.8629584704178715,-1.0685226621494837,-1.4685116281469877,-0.877470070678149,-0.7744169067875952,-1.2573747805889188,-1.3968372457042075,-0.9565225525764731,-1.0688026388989802,-1.0557064421682782,-1.0914892232686297,-1.017287029409758,-1.0594594158139172,-1.4358984593848332,-0.5898411091032157,-1.4580905507765316,-0.8041261926408209,-1.366567451604613,-1.547723449134006,-0.9324223266288257,-1.1072532556468886,-1.2465776428526465,-0.6662091816489719,-1.4826226150228752,-0.7734946355877823,-1.4591331000252046,-1.3842439350639846,-1.1523298310397085,-1.0268075913847867
-0.6211515754085111,-1.1063705633755572,-0.9585712998786593,-0.8488617695245313,-2.005298373786788,-0.9727179582727781,-1.1669350310322946,-0.8303797773061382,-0.9266282253899489,-0.9762905938420348,-1.2738878613600066,-0.8592187376189441,-1.0620241057297182,-1.4431495038945714,-0.8631107736395067,-0.7250495262125319,-1.2183379238184244,-1.3878033478131266,-0.9371256311462752,-1.0538454680145248,-1.0424550759559414,-1.0869529694322762,-0.9703460241523638,-1.0514317880746558,-1.3934636598039705,-0.5780888577015051,-1.4540936772378232,-0.7654842117927896,-1.352454905757669,-1.5272075873104456,-0.8937393488374343,-1.0922555066791095,-1.2234641695695678,-0.6476524333761216,-1.4678137826423707,-0.7696305684852071,-1.4537249839834638,-1.3613908488916902,-1.1463609935035415,-1.010622917697977
-0.6080078209342497,-1.075217103031204,-0.9126699463518805,-0.8420369377193274,-1.988163700530105,-0.959986050500426,-1.138074999422306,-0.8253811825635016,-0.9057481235990561,-0.9714015484489736,-1.244063325176402,-0.8025864839243907,-1.040969951872646,-1.4420278440403558,-0.8530078843772682,-0.6947471178959596,-1.2077816560038361,-1.3723326452945295,-0.932164982426563,-1.0403462269962147,-1.033394170077042,-1.071263636313684,-0.9343847608395788,-1.0263081487520636,-1.3762633596104543,-0.5482300604065141,-1.4349984021848115,-0.7612946069379396,-1.3394842442819896,-1.5062590024340106,-0.8897495649016987,-1.074317477560303,-1.1801548639426442,-0.6451630724524796,-1.4611841692361494,-0.7530701482323245,-1.4389058001359376,-1.3578793722317157,-1.1367675898198004,-1.0032288557616222
-0.5939884917852658,-1.06013439183359,-0.863609944083902,-0.8358462354740458,-1.9824105709829678,-0.9563147190762763,-1.1257824708245492,-0.8188900762721321,-0.8973172201180191,-0.957708808981402,-1.232846360152359,-0.7955166032542298,-1.0016296427040963,-1.4218591311161057,-0.8416132208049675,-0.630708499496663,-1.1909024511403796,-1.36557573847093,-0.9181830576844496,-1.0045069127835735,-1.0256226899412346,-1.0661376221371102,-0.905631297382754,-0.9960852254838496,-1.3661603389297727,-0.5405162355483439,-1.4291428634224697,-0.7149080484526094,-1.3133723831481974,-1.4696461067893414,-0.8772343537861963,-1.056359446649369,-1.1671600883544115,-0.6285147093726395,-1.4430977553478495,-0.7437909793868345,-1.4335498555793817,-1.3364546716907242,-1.1327923752400184,-0.9826743923049054
-0.5660100008132107,-1.0423100650590116,-0.8256629287482732,-0.8289251665866293,-1.9293742183771345,-0.9491536427647317,-1.1098508731961798,-0.7873312171052536,-0.8922210689192583,-0.9462330358705334,-1.1899311542174176,-0.7457477551396793,-0.9681709524120069,-1.4105199980706418,-0.8307149939210663,-0.621420557299332,-1.1732965807386897,-1.3565890013552797,-0.9107404683825079,-0.9936334327615612,-1.0196852941692747,-1.0569764497809302,-0.892419967661803,-0.9658202857097468,-1.3387302416893343,-0.5342634386160187,-1.415367189838599,-0.7095729762205539,-1.2836057243893608,-1.44668057306039,-0.8589675320674878,-1.0494680757731254,-1.1596188010565065,-0.598062010102465,-1.4360091828895807,-0.7247779968466344,-1.421865838916973,-1.2735767654589774,-1.1195805348817451,-0.9673354369934865
-0.5608297666892708,-1.0225299934956589,-0.8019708676065743,-0.8241011452726164,-1.1479710414639461,-0.9415324184603857,-1.0683757587674092,-0.7819022863818202,-0.8755084363226477,-0.9403812071468972,-1.1765684325616308,-0.7351289804551133,-0.9408473611562304,-1.3972217563034643,-0.8153077898550849,-0.5741163307215917,-1.163465151459543,-1.3173409607807893,-0.8812612739926213,-0.9251983364143868,-1.0008721592045247,-1.0468067839828818,-0.8826100541790575,-0.9342603203734129,-1.2832297669005213,-0.5318072187950363,-1.3943367662023576,-0.6986999319759708,-1.259537561002508,-1.434740610250106,-0.8455149546864562,-1.0261563588231382,-1.130156813355443,-0.596094850218116,-1.4155163532780832,-0.7146869327287452,-1.404410790574829,-1.2504484154473734,-1.115645604685166,-0.9449604753842687
-0.5455343893171472,-0.9950769778993328,-0.7656145775880051,-0.8182945956662987,-1.0883530142343367,-0.9386847791009375,-1.0562411742158622,-0.7690598574199645,-0.8654393926025469,-0.9128831969541307,-1.1704021870764796,-0.7174286255409846,-0.9184417256900943,-1.3819471914547872,-0.7901420691153402,-0.539481302925736,-1.123569727064173,-1.304208644737492,-0.875284956553813,-0.9018975017710646,-0.9813099782521418,-1.0230823907406772,-0.8419573491110333,-0.905308790551866,-1.2776438113630109,-0.5115995929554664,-1.3812646554416521,-0.6893176376557612,-1.2547209243662265,-1.413628981786537,-0.8233432244391943,-0.973517050716744,-1.0999725807800236,-0.5804595990464522,-1.4109816039385148,-0.6984778966135442,-1.3719684419727547,-1.2186074521191468,-1.0942311687058803,-0.9338455480431979
-0.5344828291775169,-0.9771653261460838,-0.7275546816763141,-0.8104880967836553,-1.0545975067961493,-0.9302221884251766,-1.003954084583075,-0.7635443915730077,-0.8529852029333931,-0.9016815425761474,-1.15144311163574,-0.7092414029720137,-0.899876721633267,-1.372309675904901,-0.7680609758338508,-0.525629089480115,-1.1156104737082084,-1.29528475052375,-0.8480323353060872,-0.848760899864386,-0.9792112126600805,-1.0163976975145255,-0.8062423124598612,-0.8798303644529903,-1.2654875405984598,-0.5040733840995638,-1.37918112610037,-0.675221355433901,-1.216096496424363,-1.4086616330894839,-0.8135422094898582,-0.9642750161068109,-1.0858590977557006,-0.5684896312386278,-1.3928013307924607,-0.6817545316758473,-1.3582467359394488,-1.184514637897421,-1.0921323997895513,-0.9279226890925738
-0.5241478799312521,-0.9504406485768016,-0.7096942637249144,-0.8085441766944679,-1.013339849274428,-0.9284065194988945,-0.9641189005651692,-0.7514485793851482,-0.831818153158353,-0.8815707149619518,-1.1036222197529268,-0.6841117534387019,-0.8845986508061008,-1.3610744082103334,-0.7450645494850412,-0.5095375502882754,-1.0749329517929023,-1.2678133651670185,-0.8306379888398842,-0.8095965986756841,-0.9614100409685955,-0.9893042003210949,-0.8040755565828596,-0.8647377652261807,-1.250825990151318,-0.4959830337000972,-1.36304600099934,-0.661570039341701,-1.180668422022895,-1.4014815673143002,-0.799429608887625,-0.9351226366073279,-1.0784534517390387,-0.5628776633620832,-1.3748680638245676,-0.6645617214352548,-1.3232735598782073,-1.1602958177452483,-1.0733821545622126,-0.9157730533547278
-0.5113713742595786,-0.9124618339456593,-0.6751484767358846,-0.8032497392429233,-0.9931347539780347,-0.9187896803384711,-0.9375994084780039,-0.7466136648496529,-0.817425647009105,-0.8591821016974248,-1.0946163483100368,-0.668101570349889,-0.8727894399457182,-1.3507235256194476,-0.7083413725395935,-0.4915272628163195,-1.0197664993351208,-1.2412579681247042,-0.8259005745497556,-0.7845798807233392,-0.9494348438901592,-0.9602285314486982,-0.7955014176865743,-0.8582844835604847,-1.2393664332938181,-0.4899330358552351,-1.355909251525483,-0.6446988499897958,-1.1481331369638903,-1.3935924031825548,-0.7906769686874635,-0.9175599725975567,-1.0591464062689295,-0.5597260886133223,-1.3653753034197569,-0.6563813212174705,-1.2828640519889092,-1.102516250324452,-1.0622664827850283,-0.9125029668179829
-0.49147249161582923,-0.8869981632716945,-0.6607952829182998,-0.7922760622238871,-0.9332871402846771,-0.91697773903826,-0.8716064286753581,-0.7196475107394248,-0.79734045602026,-0.8538421455393669,-1.0826522863408816,-0.6673157378969289,-0.8714250535495222,-1.347940338026078,-0.7065098925680661,-0.4738487447744052,-0.9954390732703612,-1.2289886067048073,-0.8147413878693254,-0.7493161855538822,-0.9409460768063976,-0.9552206572578005,-0.7828538596960991,-0.8465620573204131,-1.2180621467619708,-0.4807400202147441,-1.3370020554223319,-0.6165665362476039,-1.1202645030893206,-1.3818937084318903,-0.7537575095013253,-0.8927114748873582,-1.0186671049450462,-0.5234947458637076,-1.3560817949514976,-0.6389124794622449,-1.2618685574419062,-1.0888990617639405,-1.0426793434241688,-0.9012259496040764
-0.47974418321668433,-0.8653127345862651,-0.6392728359390353,-0.7828706116589578,-0.9072689502120116,-0.9106170192932416,-0.8373093137458938,-0.7120818703798016,-0.7912035508091178,-0.8469704909702842,-1.0248745471874523,-0.6659193899931373,-0.8647441909670532,-1.321101957793242,-0.7028152016371078,-0.4379962765326256,-0.9206141116869939,-1.2145424609423954,-0.7899381072436138,-0.7325762507253667,-0.9238786410874872,-0.9240836670107758,-0.7630155676777496,-0.8295887548282551,-1.1669802381289511,-0.47378397608599104,-1.3193285995861592,-0.6029042019178048,-1.1057647407993678,-1.3723194771801996,-0.7311880768118708,-0.8788411136032042,-1.0015831270920668,-0.4971906159358747,-1.3520485436171272,-0.6333791722335051,-1.2047541521816767,-1.0795938412416146,-1.0245844112709428,-0.8869902256323368
-0.4706337740719757,-0.8524127377439802,-0.6161737109236316,-0.7707346624404203,-0.8501003913798195,-0.9084758455688233,-0.7597263677497187,-0.6954802382005447,-0.7791390010419738,-0.8075052279006402,-1.005185927163371,-0.6590375036192779,-0.8543387373921552,-1.2909698186537744,-0.6976396743170122,-0.4202413823129707,-0.8729698934487488,-1.1902368920769437,-0.7529769371956762,-0.683162708997683,-0.9121801063449342,-0.9097562646437631,-0.7489191286229401,-0.8056760272138529,-1.142072722034147,-0.4684413807860507,-1.3031175604571406,-0.5847326197244281,-1.080969899016949,-1.3463546677188372,-0.7043868657130383,-0.8575912320362212,-0.996017801406495,-0.4892723380611824,-1.331387728570683,-0.6265590545431379,-1.1163065923809155,-1.0426115677345724,-1.0058032354013846,-0.8734306067148727
-0.43547976893254575,-0.8390537360452768,-0.5966376702441651,-0.7638552773583228,-0.8442504588629196,-0.90729994141117,-0.7218292119150611,-0.6816737107919532,-0.7718320134905021,-0.8057362398416629,-0.9899862332811581,-0.6324832379140825,-0.8171713984364934,-1.2627747823500113,-0.6935644027601136,-0.38688524609675606,-0.7965391370308996,-1.1608724820247995,-0.7521876022478045,-0.6250010562877443,-0.89541029352133,-0.9045125024792042,-0.726206626393023,-0.7699279587562471,-1.121829622481155,-0.46226915433225607,-1.2987253074267089,-0.5669192051510483,-1.0629045051216275,-1.3122562084612133,-0.6958748415279076,-0.8310278313532735,-0.9766019218860654,-0.46935909331771164,-1.319141199966576,-0.6036001992620214,-1.0950840101066894,-1.0243742257608834,-0.997680057313765,-0.8620601738282494
-0.43042969040423534,-0.8276750146987204,-0.5675409833736572,-0.7588935279296853,-0.8202133219930217,-0.9051011506309525,-0.6936438644975157,-0.6760581041815107,-0.7684238244385729,-0.794956077268934,-0.9571561702590873,-0.6311860414119368,-0.7747727388275775,-1.2384512940953614,-0.6881243575034588,-0.35893787502053276,-0.7395984469914773,-1.1388691964022604,-0.7343736346374363,-0.5667956238581311,-0.8770508790644692,-0.8927731024196973,-0.6980003481830216,-0.7477858261777032,-1.080713420137112,-0.45528782801203477,-1.283683523938102,-0.5606310283597578,-1.0400800092748537,-1.2851517137513429,-0.6514796320662312,-0.8174446203765775,-0.9681138265990928,-0.4614382560712536,-1.318829189816754,-0.5911993440067053,-0.9912825337069154,-0.9453007414496377,-0.9942343662038766,-0.8549746029517709
-0.4220822236099784,-0.8092445188365606,-0.5524421250765957,-0.7541543487222807,-0.8006934239746984,-0.8846587641173913,-0.6743024906599582,-0.6687426179980904,-0.7556360692822651,-0.7814503768340323,-0.9268382273514553,-0.6227986680059967,-0.7360342434956083,-1.2192616260143934,-0.6849684664210586,-0.3250975530118435,-0.6867293764768199,-1.122598657550008,-0.7314291324476258,-0.5536280173031087,-0.8634051056528316,-0.8544803161767486,-0.6846678718993855,-0.6823440277611583,-1.0639147371362578,-0.4490716288743814,-1.2641820507027048,-0.5457113754116188,-1.014807918267567,-1.2682391444737038,-0.6419071924840555,-0.7969327432892241,-0.9668385278701024,-0.45065910013328064,-1.3112567301513036,-0.5754305829572477,-0.9387413822351492,-0.8701353533212467,-0.9842614361550929,-0.8429056098322125
-0.4177965462701627,-0.7827071264452259,-0.5325641975744931,-0.7458893968239231,-0.760090869548523,-0.8762393780749043,-0.661446608370752,-0.6612812895669246,-0.7454549360359384,-0.7585607753689099,-0.9162268156827704,-0.6132528838066925,-0.7031342279014348,-1.2055728213386963,-0.6766399198720521,-0.2673404972908632,-0.6666981838306265,-1.1069447358030842,-0.7292052041615161,-0.5255949571797014,-0.8527156668781891,-0.8137676204739411,-0.6707791188009555,-0.6759228447711672,-1.034748796483434,-0.4467831598680697,-1.248675665284375,-0.5368154199848092,-0.9916939405842531,-1.2218833764997916,-0.6365991854027884,-0.7771035700873511,-0.9560924018793311,-0.42172510683797604,-1.286366331508985,-0.555880673846587,-0.8901786071234935,-0.8322971518483657,-0.9803579032982747,-0.8305332980369584
-0.41150525155822,-0.7691527627483836,-0.5203980449994415,-0.7353966205061465,-0.740076289012192,-0.8701198187142875,-0.6523817984521627,-0.6462257510301279,-0.7110556096672026,-0.7508989982810601,-0.8496250802854789,-0.5948350154541338,-0.6757870280804241,-1.2005079383914266,-0.6754256252465741,-0.2072752264420505,-0.6476564063213346,-1.0730233888147913,-0.7208718997508468,-0.5198919212901487,-0.8348150245284767,-0.7998569118571421,-0.6585954746383947,-0.6547641451319871,-1.0131674689107872,-0.4430245682497301,-1.2158721803977042,-0.528191950130738,-0.9834590190691255,-1.1745466623591765,-0.6304339819467385,-0.7507774747431724,-0.9284578691315023,-0.4155984552319223,-1.2689078288831932,-0.5491378380108937,-0.8498416421522397,-0.7925636544607607,-0.9735919242155431,-0.8205792177193614
-0.3991951375217892,-0.7260203659430375,-0.5121038152221499,-0.7263147264302913,-0.7318083138242064,-0.8678946936887861,-0.6469056787603858,-0.6397023999034613,-0.7033844334816787,-0.7403750933584606,-0.8329157422722673,-0.565050017849705,-0.6536111628062832,-1.197397610246311,-0.6638970200931678,-0.15247274482660406,-0.6194275072234775,-1.050608452169353,-0.6926241543396909,-0.5023352147266742,-0.8072373770147221,-0.7676231617539946,-0.6346250594046798,-0.6121235091366292,-0.965009025584245,-0.4358939190650944,-1.2106796362426488,-0.5151795005976912,-0.9667317316858142,-1.1297203119752826,-0.6127541696678649,-0.7283281605289976,-0.8891789929106195,-0.40824507791684883,-1.2438213652813983,-0.535472974837966,-0.8171070545469536,-0.7668119793927423,-0.9564262718573229,-0.8112181136873606
-0.3931621638543873,-0.7169077111747245,-0.5000047318234196,-0.7098473075781894,-0.6857232621211461,-0.8613854664585064,-0.6009989335987271,-0.6360506978563705,-0.6744958054605785,-0.7343451512714518,-0.8093111444918892,-0.5580117706507081,-0.6479495367086728,-1.1941877377800958,-0.658541041233687,-0.13788349326057925,-0.5941464004550614,-1.0376866256178092,-0.6667899470498351,-0.4892877729633632,-0.7941353773970846,-0.7595927984871383,-0.5845803119452119,-0.6052030507453002,-0.923433184233171,-0.4316631672655088,-1.198683179594281,-0.5097576856219898,-0.9540261312847812,-1.095227538411209,-0.5954316165615199,-0.7171697098465756,-0.8801776735734471,-0.3982104113354467,-1.2387734555825645,-0.5134627783447959,-0.7905444307668062,-0.7187791590719326,-0.9433613787618715,-0.8003421388078218
-0.3705984340457775,-0.7025329290425587,-0.4872649003233418,-0.6945524137748179,-0.6661467970448685,-0.855813980510852,-0.5609354024327274,-0.60926393426819,-0.6574139503505334,-0.7293786906219366,-0.7824047681938074,-0.5400128371452987,-0.6345105649273198,-1.179945020164005,-0.6550397093001352,-0.1291555271385175,-0.5489403704308032,-0.9924060541607119,-0.6568841364412391,-0.4845485040636953,-0.777085256865062,-0.7513230455703509,-0.558718200997315,-0.5479523357016162,-0.8769553694228237,-0.4206942273161139,-1.1675887442051633,-0.49695053259984306,-0.9277652071381504,-1.0712744460253556,-0.5911655055689378,-0.6913821193478169,-0.8629140139604387,-0.39527647018205914,-1.217591225327729,-0.4981735185776551,-0.7689510290779196,-0.680793971144585,-0.9361433108810331,-0.7902985631151739
-0.36775975930669574,-0.6916830973274332,-0.4639063881380115,-0.6859671050982755,-0.6524866366746369,-0.8503359883651649,-0.5473762950918755,-0.5991797536966557,-0.6557117492123428,-0.7083138091138381,-0.7515036561960221,-0.5382579694051157,-0.6206610763798595,-1.1555225896933254,-0.6419652361890099,-0.12492488639009262,-0.5404556332531597,-0.9520661301292279,-0.6446402011816955,-0.47744605440134286,-0.7557523405829046,-0.7476113239022638,-0.515569736560183,-0.5334377520838032,-0.8444645583936028,-0.4179956925744258,-1.140300702204693,-0.49365632233970247,-0.911869740927513,-1.054931167865474,-0.5795049018778171,-0.6763879665441953,-0.858559129401327,-0.38846619251834896,-1.1878886857318036,-0.4913163065807489,-0.7516579036671904,-0.6580539007983496,-0.9273881846117167,-0.7579601959024895
-0.3463934455896096,-0.6819334892167721,-0.45503846023792643,-0.6829150587670988,-0.6308631769030214,-0.8321543358953754,-0.5301344041404875,-0.5938492407333811,-0.6243383512769235,-0.6943055656262503,-0.7350825323653976,-0.48685796261759146,-0.6180370403626146,-1.124243876658953,-0.6342367549892515,-0.1240172789223069,-0.529967165689737,-0.9452203765705363,-0.6409556643489234,-0.46720938358116526,-0.7415913573855691,-0.7392424280773705,-0.49025446624839597,-0.5227351195005312,-0.8152783624359866,-0.4015838959468945,-1.128159608462032,-0.48049509428506637,-0.903705969704081,-1.0422481929906477,-0.5625908644612855,-0.6620451210145527,-0.8319639714824285,-0.37369430255234476,-1.1821335331249323,-0.470328150400627,-0.7386148757019197,-0.6298601586422177,-0.9176113203727281,-0.7335760398761715
-0.32490095956902115,-0.6655286567645229,-0.44186960942931036,-0.6546971619503229,-0.6109306509741114,-0.8227790226399126,-0.5193368797783454,-0.5695661135888781,-0.6215526966424615,-0.6743901318269983,-0.6656558537092687,-0.46919307874068344,-0.6117355908162194,-1.0921490811279853,-0.6260754973181606,-0.1231850976513817,-0.5067392343400935,-0.9115141500991266,-0.6350768145831361,-0.4413021350292619,-0.7086760294024068,-0.7348317758752709,-0.479470248099028,-0.5131611100303355,-0.7601934601317933,-0.39664543200048474,-1.1109530788886213,-0.46154830035896544,-0.9002431999910586,-1.0300553730289257,-0.5536959330170151,-0.6456910731717649,-0.8293048725164823,-0.3611395824271674,-1.1268385453443435,-0.4550719316202586,-0.7303119528489475,-0.597143378641298,-0.8990499129375372,-0.71945944269997
-0.31097636574412785,-0.6578600169097888,-0.42492317114969164,-0.641418279840582,-0.5977405956072428,-0.8094331799589854,-0.5094193147445055,-0.5596112363332479,-0.6204671820735169,-0.6621587055579237,-0.6577992481928988,-0.448737603415405,-0.5816670068584476,-1.0764735129526444,-0.6170800897823139,-0.12071059615547444,-0.4809261353186785,-0.8683042838705555,-0.6312353165303851,-0.4228329949534919,-0.6591972571514306,-0.7186369172441582,-0.4550808399082385,-0.48036225778980185,-0.7063288611815378,-0.3856455112471073,-1.0751266903410592,-0.4518416611592976,-0.8905268024157474,-1.0173365612799732,-0.534342760115012,-0.6222339122311963,-0.7773660286549222,-0.3463562606640406,-1.0985263573342885,-0.4476883743243238,-0.70988663939184,-0.5662648791679042,-0.8937008351461861,-0.7110914197859833
-0.2924921364468151,-0.6300881342356531,-0.4127026985045632,-0.6120959309851205,-0.593151843305121,-0.8026226776627777,-0.48770268896476504,-0.5434406930361706,-0.6024374657468389,-0.6546811136301153,-0.6390111587013182,-0.4450369389000024,-0.5358385930842171,-1.0623567932513076,-0.6149237439416723,-0.11674169391100332,-0.4580680095452887,-0.8089586427026295,-0.6003266011105337,-0.4042411626851934,-0.5737493871654398,-0.7095467671980976,-0.45112168676716075,-0.459004955566962,-0.6303799555288708,-0.37589122478346904,-1.0407096534429376,-0.42146439497765464,-0.8784022588172342,-1.0063049742021597,-0.5121168939862991,-0.5682148205149061,-0.7666346037188156,-0.34378596256692295,-1.0794530870461791,-0.41995072905239833,-0.6266267911086313,-0.531471118409857,-0.87763412575688,-0.68329760695753
-0.2805787171796079,-0.6146987042820002,-0.40687299527958604,-0.5928844554780601,-0.5750659323337727,-0.7869852316892709,-0.4624499581566905,-0.5343073142928442,-0.587232434539494,-0.6481164900956935,-0.6348115352958238,-0.42932899381291,-0.4915172224444642,-1.0388147549755233,-0.6099017057246239,-0.11220438224075595,-0.44568567062647896,-0.7888749924048027,-0.5955905510001503,-0.3895047866464271,-0.5217720570050121,-0.6798086090704551,-0.4491660442807892,-0.44438700665209324,-0.6085202035992324,-0.36720442564215866,-1.02408144491211,-0.4176095445436078,-0.8683452885800685,-0.9979739668306674,-0.5064671518513848,-0.5636042068609936,-0.7421712374344678,-0.3241080571925207,-1.0615346386118012,-0.41745541233836375,-0.6086592970392921,-0.5142025072966405,-0.8671790387887808,-0.6727967305396383
-0.27590473402028015,-0.6062410710665699,-0.4018843420949102,-0.5558827262042129,-0.5709734212664822,-0.782199706953018,-0.44009691602814377,-0.5259661614668297,-0.5721553567701427,-0.6347950338704791,-0.5942688943313881,-0.41927337473183207,-0.45632495495336123,-1.0207939377128021,-0.6037206795880826,-0.11122106563891694,-0.41920095388756945,-0.7654583800828991,-0.5829360399391821,-0.3851560724322565,-0.44806593808145784,-0.6571952319535748,-0.44597074322415947,-0.4034422712193733,-0.5258031733242539,-0.36449560850384394,-1.0104711908468242,-0.4119087820519012,-0.8646603158634673,-0.9779340736811626,-0.49681738988787116,-0.5492745473086044,-0.7314522721184183,-0.3017553197682775,-1.0262918713237787,-0.40901583160938776,-0.5906436458542175,-0.46875912263393094,-0.8596329493746172,-0.6316416289978708
-0.26392850178828187,-0.6032002262422033,-0.3869288660716376,-0.5517826113382485,-0.5625945404564421,-0.7788373958152052,-0.4049813398372792,-0.5221015123231881,-0.5551788886141434,-0.6216699959291431,-0.57807629466061,-0.38685005949525547,-0.44958414285100246,-1.0082726719424897,-0.5988898062421495,-0.10716332112162372,-0.41278367284994893,-0.6985235066151431,-0.5680779775731989,-0.3542198298662765,-0.4293204608368611,-0.6351217714245874,-0.4417750551776129,-0.39540904145366856,-0.4893001555103612,-0.36074155406142067,-0.9535747457489262,-0.4028139868906766,-0.8290081865629336,-0.9404562965431142,-0.4847619755113374,-0.5297309910933511,-0.7294469572027767,-0.29959840195036075,-0.9791107053053227,-0.3946604741019807,-0.5760533986737747,-0.4599269605862932,-0.8433956837829965,-0.6212488978198906
-0.24839543659240515,-0.5770597706732324,-0.38029712374070723,-0.4770847782710325,-0.5408980095434555,-0.7663916160840502,-0.3771302926029423,-0.48285834067863875,-0.5302880030286811,-0.5962391487500879,-0.5773605821565784,-0.37410938182919307,-0.418744662871627,-1.000920570274087,-0.5894665099022661,-0.1026817302349334,-0.391172784696774,-0.631483890800823,-0.5470635692136241,-0.33906552472747054,-0.40010754625003636,-0.5772667790027041,-0.438473840280205,-0.3844932587876507,-0.4678537031444497,-0.3568173148522508,-0.9339373615815351,-0.3933574482689701,-0.8175526492618235,-0.8948846176146963,-0.4617336303115404,-0.5031168812587034,-0.7122349335627247,-0.2858398185699127,-0.9231524541754123,-0.38294574083361466,-0.5649471872592573,-0.44361517236980114,-0.8280039374407387,-0.6021119474761244
-0.23363956234550518,-0.5748271799992974,-0.3743461872491389,-0.45863641212832057,-0.5402453263384112,-0.75539880427616,-0.36511026008375,-0.46634586860874605,-0.5272284105999608,-0.5893537823754968,-0.556783177671597,-0.36634129980730507,-0.40741702142544145,-0.9806368771385863,-0.5761364804302548,-0.1002975797068476,-0.3793168740792098,-0.6080254421053668,-0.5447569622184887,-0.31963838263629213,-0.3642973653018216,-0.5711124221642594,-0.4305146282736428,-0.36613618246262675,-0.43514614536389334,-0.3542906846128183,-0.8912726024461575,-0.3889298754208633,-0.8048374247303397,-0.8502839090648567,-0.45208402529053593,-0.4994330815957481,-0.7037841124927601,-0.28006815990594797,-0.8910247746084394,-0.35803702455808195,-0.5565838455834937,-0.4049494385440627,-0.7864456935024937,-0.5733460185372916
-0.22454998789306044,-0.5665861523833969,-0.3661412407792441,-0.43538424873090137,-0.5065917611438873,-0.745764813250239,-0.3531098762414016,-0.4464082842760309,-0.5249205648573493,-0.5728137027816362,-0.5104327223778542,-0.35579250830814535,-0.39143025984539426,-0.9001341030531853,-0.5752052182310704,-0.0952494758872865,-0.37181543703323205,-0.5859524824892216,-0.5353066513729164,-0.3099698800430529,-0.333314181667712,-0.5428577259183747,-0.4281853255898746,-0.35581779093136195,-0.4327939680715976,-0.35291298500185714,-0.8559103785434549,-0.3807060740689505,-0.7846030878659103,-0.8103174766060064,-0.44450809726891055,-0.4801714962492778,-0.6963520509882071,-0.2745354993418772,-0.8645788998534278,-0.34453393625139533,-0.5503118791393414,-0.38824607779418124,-0.7565327133159293,-0.5608869644195859
-0.2090636095992876,-0.5447532410380713,-0.34394155931785486,-0.406916027327768,-0.501102822405138,-0.7195288709938219,-0.3379537647241295,-0.44175711810720236,-0.5229972931806713,-0.5472803800110616,-0.4944668041816157,-0.35496402523934684,-0.3702909325668971,-0.8250083802569838,-0.5647245066647988,-0.09345225011712369,-0.35543825169095083,-0.583226830113508,-0.5290591066058479,-0.29126264446006206,-0.31829691421236944,-0.5053438760910312,-0.41274440099504833,-0.3394022071348147,-0.3788710501633009,-0.3458207013501991,-0.7966520059422743,-0.3678871081209229,-0.7708914661446366,-0.7759238054358376,-0.42285827416426347,-0.4509597276297812,-0.6779875812338151,-0.2701377472874395,-0.7589718269434375,-0.34048470231546263,-0.5457797896111609,-0.3737452020430197,-0.7397401108192856,-0.5545526979232204
-0.196405168029599,-0.5361008489286817,-0.3426862839340769,-0.3784573780288208,-0.4868127361569682,-0.7029326267158382,-0.328485579423742,-0.44004285723086306,-0.4835259484061323,-0.5296408972707247,-0.4815958685351062,-0.33447750783233404,-0.3690062657710536,-0.7937304700818537,-0.5556501197470962,-0.09195096741481695,-0.33867895435209533,-0.5694512440293567,-0.5053539566975136,-0.2894473291499814,-0.3013597147461669,-0.47433789868731147,-0.40089380874888053,-0.32825058923117467,-0.3619247624773739,-0.3229174382585322,-0.6703301245749655,-0.3571606542139413,-0.7433674862698701,-0.7472649855004552,-0.41971722251649274,-0.43437834368377176,-0.671399399928754,-0.265017419856736,-0.7225094073002725,-0.32118950639916166,-0.5429467922756915,-0.33827094226528626,-0.7257334896712654,-0.5490110151962054
-0.1935486080417648,-0.5347428693334042,-0.33079397036091307,-0.3507925791272591,-0.4762675952508094,-0.6960250757942259,-0.323055050633316,-0.4074457606472587,-0.46943780235783533,-0.5222741052670107,-0.46824770937192006,-0.3272061396494588,-0.3528261610301394,-0.7461951081464026,-0.5488159954718602,-0.09159707324236512,-0.3183786324592527,-0.547177255746153,-0.4918115423710844,-0.27539897906212324,-0.2735715495856194,-0.4528470354945272,-0.3790582003507737,-0.3112134574498964,-0.35014636191062537,-0.30148187476743915,-0.5405548842581488,-0.3517950716636199,-0.7327469290927243,-0.7245056201167296,-0.3920557348493871,-0.4266535908764125,-0.6367444237269263,-0.25379799086127697,-0.5894645675684042,-0.29911775860378687,-0.5249958019813392,-0.3240942118585818,-0.7112731932196353,-0.5347583508891166
-0.17874458622113729,-0.5308552174316983,-0.3245513433073441,-0.3277552071467163,-0.43241300092867935,-0.6654898959163016,-0.3126894031866486,-0.3725381759290741,-0.46513088868441715,-0.49900925796560275,-0.41746423542199457,-0.31831742383119976,-0.342338533245241,-0.7171773544739848,-0.5440667382449089,-0.09099688574288411,-0.31533581391198795,-0.5170308257030916,-0.4887288402192006,-0.2664996281928752,-0.2625898749411876,-0.4453088317733658,-0.36671407753914786,-0.30002096464985506,-0.3092758621166599,-0.29581876010522246,-0.5135545190938718,-0.32284342276309175,-0.7167761443751083,-0.7079017019770097,-0.3906774248525383,-0.4022386418073313,-0.6272892544235785,-0.2360713359468254,-0.4668180846213049,-0.2833311824451319,-0.4892029969732485,-0.30509742029040204,-0.6620602405082134,-0.5138351866292064
-0.1667261379066567,-0.5209105341304062,-0.3131280573267637,-0.3005186749465946,-0.42529260348823905,-0.6607934108461592,-0.2902571091340019,-0.3662781416366965,-0.4330939999966054,-0.4898645677803622,-0.40498905048237205,-0.31154556747023066,-0.32253870217562736,-0.6542149025592215,-0.5418144095530463,-0.09072317986237162,-0.30692321829143626,-0.4815100567552042,-0.46755796338673894,-0.25440217522885783,-0.23251669964103314,-0.4286428857897233,-0.34487571522829996,-0.2815417339056099,-0.2923245653058642,-0.28346838379651246,-0.46874525469175765,-0.317559715698322,-0.6977168126316405,-0.6977556567173586,-0.3633339631734956,-0.38513224466336976,-0.6102793998745608,-0.22987033155787423,-0.390095348960587,-0.25812084670557567,-0.4053895833870255,-0.26101938383124823,-0.6306876045287405,-0.4923465300709152
-0.1591669993591973,-0.5080862091263559,-0.305375824042937,-0.2842354424834548,-0.41487385325156445,-0.6426482605294596,-0.24809451793088946,-0.35801071968905657,-0.39507183386237144,-0.48031736991563084,-0.3983073630468589,-0.2929212819428255,-0.31254985979291494,-0.6208667664979332,-0.5412735953223897,-0.08893324046538846,-0.2935899291055577,-0.4454589040907533,-0.455767546411907,-0.24750390976455022,-0.22391621858605146,-0.41484768804315375,-0.3436066872262772,-0.2712601055424462,-0.28521658578926734,-0.2690866665140058,-0.4371841156830091,-0.31217239075175224,-0.6888006813061367,-0.5350552951075677,-0.3374596329713661,-0.36945483717670563,-0.5845009798373476,-0.21826952130483024,-0.36112737791558436,-0.2532733813457492,-0.37217545855015455,-0.25244728939588346,-0.5989673386813902,-0.4775153484828668
-0.14693960049935903,-0.4971289759029994,-0.30265564680939694,-0.2779772332536609,-0.39073664400691605,-0.6374922758145434,-0.2383052336463154,-0.3258158507378672,-0.39347590505870644,-0.4470076989050382,-0.3850019816113741,-0.25856290544253907,-0.2683505220833033,-0.5182487478121015,-0.5045237053639312,-0.08580447353271999,-0.26248334936190343,-0.4108388722111995,-0.4459351118695409,-0.2264254785512534,-0.2064872755480816,-0.40030144256113487,-0.33450589210143655,-0.2586436156850406,-0.25494312416914094,-0.2535690171445778,-0.3606741125803629,-0.30261364191129925,-0.6748219388471483,-0.4893448277232681,-0.3162103138188146,-0.35520784073099215,-0.5730392733899706,-0.2150806127509925,-0.340609869108168,-0.23082516986282528,-0.3377474169218702,-0.23883544359195621,-0.5818736691874663,-0.44203119082650516
-0.13237342246886358,-0.4927567496141237,-0.29585229544639646,-0.25678243693159664,-0.36814956112218244,-0.6127546446302888,-0.21369786158436832,-0.324971486277432,-0.3484346501484077,-0.4323602403265042,-0.35501003637554457,-0.21768926962647747,-0.2512541700383296,-0.4481389216741698,-0.2980729634539715,-0.08142347065036733,-0.2516524743949075,-0.33253421820475393,-0.43615345732081506,-0.21300048267879587,-0.19357368612885498,-0.38106367029511357,-0.3178193233553936,-0.2534356944078681,-0.23634482831806775,-0.24328253947743453,-0.3422387066386,-0.28210946826769184,-0.6470597198171029,-0.46055357072449193,-0.3137303461227237,-0.351756907494533,-0.5469824170888058,-0.1887597347093758,-0.31454664978246855,-0.19839648845632507,-0.30886573465696326,-0.22372767389978657,-0.5201453849177858,-0.4192304054860783
-0.12915115498938895,-0.47932803690612147,-0.2867802251006772,-0.24491121996766294,-0.3512399233864892,-0.5898345174617616,-0.19458933990028843,-0.2859106300241666,-0.34527244232752546,-0.4236741388968005,-0.3177622628291955,-0.20278119475566514,-0.2223745245159967,-0.4186041491555139,-0.22233635329147863,-0.07644181917629818,-0.2421230217929086,-0.31148529944878284,-0.43376237005729806,-0.20171606461586755,-0.1714989436107214,-0.3654634216651795,-0.2964251952063515,-0.2425632883475107,-0.22180048814671166,-0.23919132373329272,-0.28067189159734884,-0.2744735151684061,-0.6225255808540587,-0.4448629222775213,-0.29378182145445947,-0.3302991309356858,-0.527512232533969,-0.14389049400635254,-0.2714883836077977,-0.18474000035359442,-0.2858674190670936,-0.22069164733392252,-0.44544451510006094,-0.40636469625953786
-0.11295367615750745,-0.46322321984598314,-0.2732188464130786,-0.2238142945650109,-0.33754626198669974,-0.5529427966193019,-0.18164815330727294,-0.2643455059312367,-0.3124226392298319,-0.40774075601880383,-0.30311758129180105,-0.17414755136667415,-0.21350433953764827,-0.3977361832490142,-0.1254717422464855,-0.07417311246672817,-0.23785894753316464,-0.2537683832082,-0.4266197685857705,-0.20045434649312077,-0.15947675393028024,-0.35519676062006966,-0.2758272218170829,-0.2216549630633686,-0.2087504929439644,-0.22995201257130576,-0.2643502163449127,-0.268798145756297,-0.6142834043566243,-0.43661024553887107,-0.27581795774103157,-0.3094265605868394,-0.5016694115438385,-0.14045132798923257,-0.2524076429273643,-0.1823543008315139,-0.26758457315067197,-0.19050707098116187,-0.38737357419881313,-0.37996659476157774
-0.1056367605624352,-0.44860336805604484,-0.2612283515863194,-0.19773214739672032,-0.3258066322814242,-0.5274991798871893,-0.15352898571361107,-0.2182323896203266,-0.27421822860667455,-0.36552346221739307,-0.27734345085130674,-0.16533345384806622,-0.18258725480829038,-0.3539065625313677,-0.06536924232320558,-0.06868979988559734,-0.2260991716493217,-0.23320637135643046,-0.40790470926797806,-0.1962107679552965,-0.1435236150009244,-0.33716410732918684,-0.2477242981671469,-0.2153562880217081,-0.19673784816592782,-0.22204818943537724,-0.2225329347164002,-0.25368185321690423,-0.5803419259136483,-0.4325236434627337,-0.26227526400818657,-0.29946037338534665,-0.48500576441865345,-0.12334961417493663,-0.21258282733111514,-0.1646629655204173,-0.25323215137424127,-0.18416973347098245,-0.3412847064266644,-0.35791301288570954
-0.09719436212075265,-0.4334490461617229,-0.2507353878399694,-0.17985133058385896,-0.30126258747713747,-0.5160230414742284,-0.14667298858501437,-0.17976203116471473,-0.2540660547497198,-0.35499113134110016,-0.2613345610762667,-0.15763559490702256,-0.16158266822141312,-0.2904966812916023,-0.028739826618780686,-0.05800373461625079,-0.2133471399074941,-0.20419977017742444,-0.3965782672214236,-0.18847711133560482,-0.13289223237802572,-0.3144391922433225,-0.2457375673341603,-0.20621962421667828,-0.16782420532121062,-0.21502521585420417,-0.2100296418018685,-0.2333630528483264,-0.5584351466045852,-0.2735015140769613,-0.2610190471152977,-0.2700786981836694,-0.4761557284164325,-0.11661713882140361,-0.193527072792215,-0.1612582969516124,-0.2431922724506788,-0.17709976840796385,-0.30422757767216824,-0.3146872992554021
-0.08484281993336949,-0.40857727573854397,-0.2446437234726488,-0.16551919641018425,-0.28520593977545644,-0.5048082664159013,-0.13671587346195122,-0.14640362457278533,-0.234601321114656,-0.3404011404724189,-0.24235708713283718,-0.14708283838011516,-0.1492923059402772,-0.27420037285313664,0.03585765349647401,-0.05628383975699413,-0.21081192188882344,-0.16798966218199887,-0.38654684669257167,-0.1832357792106971,-0.12044924734865625,-0.2863071200504569,-0.21256819904585122,-0.19900139161013877,-0.16349902292838744,-0.20300378918591405,-0.18616267547554805,-0.2305744646821683,-0.5389359620551676,-0.26643494377275034,-0.2546382139031368,-0.2541525053671424,-0.4677393711749776,-0.11269505002326244,-0.1693639559206369,-0.15016643004620409,-0.23833741535598146,-0.14694780217817213,-0.2803487301036975,-0.29971401907356526
-0.08213840473045905,-0.40227038745289834,-0.23614641048461238,-0.14613156059510785,-0.2631343387843875,-0.4456111991477365,-0.12980323858311935,-0.13653575772206822,-0.22423175297313308,-0.3201379021326632,-0.2359913147344432,-0.14123614562026263,-0.12237381347280511,-0.19519992866265629,0.06935401590557932,-0.048968951994936075,-0.19308890539768803,-0.15054908683892862,-0.37555908304596947,-0.17326867659277234,-0.10676407501028357,-0.27735229079586116,-0.1837269754746983,-0.19334732936367782,-0.15171904616149384,-0.19500592609047418,-0.1563818227445982,-0.21702980166867264,-0.5185990995769411,-0.26122431476437896,-0.2509024747770195,-0.22441465309801661,-0.4639967919583229,-0.10542599529410676,-0.14690837332590415,-0.1352319494510952,-0.23282720728594586,-0.1393660016039008,-0.26331041054564935,-0.2959223004679299
-0.07698249059611431,-0.39113103644124836,-0.22512313319252558,-0.14196341024527656,-0.2469869518838218,-0.40954304276985837,-0.12721479794000656,-0.10937137579747659,-0.21609503952335765,-0.3112012012376486,-0.2097836529710878,-0.12228880394252123,-0.10599414864512989,-0.1896332316979089,0.11534830975641365,-0.04261759822158668,-0.17069245797886606,-0.12440730738197935,-0.37178085647502307,-0.163722275784454,-0.0969537174431595,-0.25076118587771506,-0.1617689040226945,-0.18008627730265858,-0.13428537958519682,-0.18756939102231526,-0.12797087766025586,-0.19068357543431294,-0.4885926553603185,-0.2586133588256286,-0.20407125929828918,-0.21792695707688128,-0.4420575967039999,-0.09432459046629688,-0.13455640031118848,-0.10184406748095944,-0.21981542008031638,-0.11246931537835932,-0.2492726442462646,-0.2759101369657287
-0.07092522658772853,-0.36285603092575064,-0.21185689190271165,-0.11843372925183394,-0.21629116009671776,-0.37880839503760877,-0.11872764854202436,-0.09343119607181212,-0.2080678935098681,-0.29834206381477746,-0.20184337883955009,-0.09981985171385023,-0.10207209010818824,-0.17458337936693316,0.1556824562521097,-0.04118133327816631,-0.16068466812508342,-0.0943658394584635,-0.3667804299378885,-0.1495131466034005,-0.07783852728765543,-0.24464294987779825,-0.14229537103527543,-0.1691630962378314,-0.12668170000532977,-0.1783318152498235,-0.12141176637258543,-0.18124801473574625,-0.4802533327906595,-0.25411435314265485,-0.18860544770202844,-0.20150455986405189,-0.435300577745947,-0.08880667130834465,-0.11840575171044856,-0.09748910197918884,-0.1930631792158416,-0.10824133486194874,-0.23587644627547333,-0.2730052936696663
-0.06150064039277504,-0.33462234174563643,-0.20664995630369817,-0.11591138212626681,-0.20604621091757744,-0.28499443229987137,-0.11363140338076186,-0.06230113728388079,-0.19492055441421208,-0.265815700775437,-0.16739748603194454,-0.06876570401697618,-0.08924429082494117,-0.15983027008343434,0.19315928418001294,-0.03433813718432195,-0.15224130188221982,-0.0786432911443258,-0.3583536678215222,-0.12063235289762371,-0.07589233659897163,-0.22470608703057254,-0.12804247278630285,-0.15413075082038938,-0.1114997701010473,-0.17673689433083628,-0.09949786354600235,-0.14781179895753646,-0.43111655137864463,-0.24290600841858634,-0.16160168367056274,-0.17618945608425154,-0.40980535226376164,-0.07682494639590756,-0.11295346940735909,-0.07782144782161814,-0.16126441315735776,-0.08809735039843287,-0.23301711354611396,-0.2510046272108457
-0.05464413415791444,-0.3235563976853919,-0.1884439602881251,-0.10037962174820428,-0.18640664977027221,-0.1796248942791567,-0.08010248348414598,-0.05443092706315399,-0.17568311908347978,-0.24521687787545093,-0.1570299379912473,-0.06101078403769135,-0.05343208584857266,-0.10664814949052918,0.22989517197596543,-0.031070007708883896,-0.141794061622845,-0.07696066702887513,-0.3383430524456243,-0.1112427038910771,-0.0725639650596271,-0.21370394810687993,-0.11806256391576296,-0.13066678481717015,-0.0962678514024821,-0.15683274528054322,-0.07012789634423071,-0.142669728533101,-0.4212238727535507,-0.24122364061295376,-0.13458545132055275,-0.15744178876772025,-0.3958724601935365,-0.06304466624840867,-0.0919982201535498,-0.06550427087637654,-0.1490504338699383,-0.07668641007204988,-0.22529385707817337,-0.2070773091830125
-0.04577528020285787,-0.3068286338508788,-0.18090961247067885,-0.09369104690744523,-0.17047126609372312,-0.13084716999817095,-0.049772809168476095,-0.01041830492166297,-0.17000984383646325,-0.2070062534739222,-0.13282130500856856,-0.04027919865445995,-0.0069938790227702125,-0.09646650387522668,0.24670361334812976,-0.028502374241595175,-0.1089780360238529,-0.02938234622056013,-0.3308243939665513,-0.0974628894773766,-0.062087668243185866,-0.20359215641822384,-0.11010606415441383,-0.12055687326970932,-0.08864507185646796,-0.13539224990074877,-0.059380699807635294,-0.11596798925424842,-0.3876433139455422,-0.22134735281342827,-0.10147490774585813,-0.1313889602930023,-0.37646622684637,-0.050699214648305554,-0.08001159117624396,-0.027461484526234217,-0.11763908191553674,-0.06412798505104463,-0.20145204345167966,-0.18616542531944272
-0.03991597469332141,-0.30349999790104587,-0.1716267950226837,-0.07841393013153637,-0.13613656085655,-0.09342099657343786,-0.03942460821268741,0.006910664251689616,-0.1492207676827005,-0.1847927232633567,-0.11495934015007249,-0.03234683574274448,0.025373983565335132,-0.07505699923419461,0.3038248800309479,-0.026706871137073578,-0.09019276075619465,-0.020927435980199485,-0.31163648796432303,-0.08640222105070047,-0.04445603020299982,-0.15560329177364204,-0.10561225210626851,-0.11723318706828899,-0.07821715806809539,-0.12195698809207144,-0.024278114863924727,-0.10311691925361359,-0.34856026030596515,-0.18697047938854022,-0.09129435912429455,-0.1268203172969374,-0.3569315622551026,-0.03178051042684193,-0.055057798719693955,-0.02499872229173916,-0.10055920502404492,-0.06006279428777176,-0.14923917000321674,-0.16740196812601954
-0.031230528972502683,-0.2594234259262516,-0.14696350010014647,-0.05963643192345978,-0.11427988057787836,-0.07361888824819357,-0.025129382010351597,0.04010148022172472,-0.12682894001474043,-0.15866487194052586,-0.09800555601404776,-0.029262795626575203,0.0324714594693428,-0.037919745764366714,0.3250121251487,-0.01805745134116008,-0.08813820830409219,-0.004068049946824032,-0.28944328706697775,-0.07782487082608676,-0.0336149274557283,-0.11004603194948957,-0.09244952948024616,-0.09141955153913918,-0.06444226788561688,-0.08799837575663819,-0.014832869724238501,-0.09338012438347311,-0.32508984868001084,-0.13999003970862225,-0.07470891883502433,-0.11772709946397933,-0.34470326071066326,-0.013331096178367228,-0.05033219707517662,0.04243135231879576,-0.09593715160192234,-0.05092196864052327,-0.10895466508080573,-0.14665944952803492
-0.02128692594729551,-0.22645330544706221,-0.1381953928218178,-0.03860853408612241,-0.10311892205199132,-0.044457686957141286,-0.014014141069548756,0.06583857617716554,-0.11803139941162988,-0.13348302730741082,-0.05780854743872704,-0.025087495215755512,0.06378543940344804,-0.004477296654340381,0.3365298851455772,-0.004767408828068795,-0.07189762485623055,-0.0006757671440705533,-0.2783983730238478,-0.07014579855233655,-0.03005410632713463,-0.07615622024314958,0.029229649986330142,-0.08140675601483394,-0.05547686501591223,-0.07906538242764907,0.0033449876279836796,-0.06825161834127266,-0.300187535281867,-0.08635045355134724,-0.05953967559312582,-0.1011961078960659,-0.3247176967964251,-0.0008331256155659975,-0.04004607985222005,0.07922595998067786,-0.07248398542149084,-0.0371381012116786,-0.07139372419532503,-0.12363554007311675
-0.014563596233674578,-0.20624989390288717,-0.12505759746619902,-0.014321461736966449,-0.1008087305077363,-0.04230122567305545,0.013512569264280508,0.08686967039747184,-0.09024320404802974,-0.11574858101016569,-0.04290465814283174,-0.016904911313605216,0.06476549161727102,0.008740560765323601,0.37640939286567554,0.0013963905618944491,-0.05455729571267428,0.015775715355237706,-0.2737232801271416,-0.06552286581931287,-0.026847771912918154,-0.07176384235838124,0.11092389640092956,-0.07039536093830756,-0.04225308165859495,-0.04906923678731989,0.0077147021018334734,-0.06095300870667926,-0.2395338494958589,-0.05800728486114048,-0.036604148035900216,-0.08315468255079737,-0.3026110625971207,0.013549352767698032,-0.02367201662823121,0.15106413688225007,-0.03968021538863765,-0.023007296558238695,-0.04560160528838173,-0.1143702414278292
-0.0076366883779864815,-0.192046065991802,-0.10209673349547543,0.009575408251220666,-0.09055366490536022,-0.018625145280087574,0.02753683522142462,0.09957298573474971,-0.08378765468140112,-0.09380211138457127,-0.01419551181098775,-0.006743543449657896,0.08934968577845541,0.028413665701108003,0.4052373425149349,0.016795236853870604,-0.05181082782740555,0.024465680555908594,-0.2427353328505577,-0.0473260655627025,-0.01490148198640678,-0.05210777666706024,0.18184510531853698,-0.06280740481658333,-0.033436433247851144,-0.0363560426661668,0.0285632792861222,-0.027083020899599637,-0.19951797331009244,-0.022405960261702208,-0.020296275532627948,-0.06520948429384277,-0.27190914780031195,0.02224235225117091,-0.016250395220537433,0.20652844123667513,-0.024994110202873007,-0.013296392530437517,-0.019935685364156512,-0.07165189454552075
-0.006384812854575962,-0.14967805944099544,-0.09203666974346722,0.013028776950329642,-0.06487158471289378,-0.012957119457761734,0.03685171086135458,0.11150586821246991,-0.053986860791005335,-0.07269164721532174,-0.006858333131353892,-0.0061134830218578275,0.10509385534766394,0.04086220672383833,0.44783837370851176,0.02773185543343601,-0.014322467295769371,0.04624473254909165,-0.2289388589375935,-0.034622120221201785,-0.010143806220115908,-0.03812329904649694,0.21590784551997413,-0.056584381090077594,-0.025926946857443546,-0.017158802403348362,0.05017655751145668,-0.019622954697391885,-0.14711025651159979,0.0003294064188410901,-0.009191929642807042,-0.030692787855033796,-0.24308650114344874,0.041699725089391196,-0.005073550975299261,0.24851699736378147,-0.0012694062521796804,-0.0020169250660908343,0.007609340943646013,-0.06831815979396612
0.0033589890115641664,-0.13459934246427369,-0.08584637079484433,0.026408607978677976,-0.054920804956628134,-0.0022159395375271973,0.0728038302219917,0.11836243366986039,-0.030869714237347735,-0.051797691433292145,0.056048733091437104,0.011227657947654018,0.11577803685589169,0.06290353871313241,0.45564639874459256,0.04115454514793383,0.0019461059253702638,0.04764357414794062,-0.19249400011290402,-0.029570780424891023,0.0005831884188880181,-0.0211928363080221,0.245342677519298,-0.038329383873167026,-0.015981432160567865,-0.006205368827824607,0.06039590661475138,0.013421635103531365,-0.09844481938180565,0.011919415088778269,-0.002772741290540515,-0.01121765930657782,-0.20699100280577418,0.048505506280079005,0.010165834774452091,0.2574679458862166,-0.00038035955559272,0.011984145811770264,0.040849832591343616,-0.047769478424824784
0.009114866858993669,-0.09364347305887283,-0.06286347618620017,0.039848958604935036,-0.03405282527596643,0.008502294631010314,0.0791064895853076,0.1436864593999645,0.06181027636673967,0.008088714945292739,0.07704351652182091,0.01569816898840409,0.18718870433634005,0.06431719787523095,0.48802544076958687,0.053267940280632045,0.010191532812092372,0.07080800978588646,-0.1820547597671115,0.005525826696818207,0.016813166754101404,-0.010151496083817798,0.29693185821646667,-0.028108514648817137,-0.0016174505767916419,0.011860000747989098,0.06450270070329037,0.03781336721902548,-0.09049872602285232,0.02604924291496348,0.005683814522930895,0.007926013326602822,-0.18259475827324714,0.06188365881418947,0.015711531473978167,0.27461630168563733,0.026872326686508973,0.022336935958830753,0.06307747966296562,-0.03722019065996146
0.013302198810415163,-0.07409283429777389,-0.033889669607633406,0.044603574460979796,-0.022041989838233744,0.015048923330696242,0.09097546816951327,0.15579099820927525,0.08344451096271575,0.030465732748195303,0.09146549928062606,0.027139444144653684,0.20372716588600484,0.08234553988691144,0.49241411619371517,0.05877776141073786,0.03189764060027872,0.07981989929081293,-0.1550416156056027,0.023979086826227767,0.03245219913482268,0.0068589392415510245,0.3198972382540206,-0.011099987920571274,0.013704864349734806,0.0441152946455274,0.08692398787057742,0.04484817644476381,-0.06904411124016425,0.03756863827039934,0.046398473510732334,0.03531843391056382,-0.16338768835231632,0.06442057869513375,0.03123909413908461,0.30346560030036523,0.05083845042471838,0.03693850120200446,0.0817425590307992,-0.021063118965109873
0.024852695331762258,-0.03660612426753119,-0.0282865723828039,0.07325767031627231,-0.005896139287309277,0.026651164199235404,0.10288103032474989,0.16754310996031735,0.12125110210649732,0.06254464913801004,0.12138204556216903,0.05564933034877728,0.25262771726704103,0.09633120025759428,0.5188046171436536,0.0684696648152518,0.0512955380046009,0.08545223108918387,-0.1143497448655434,0.03678634670491054,0.039763129369461074,0.016993213099820714,0.3427860489022287,0.003915175888676242,0.023429680045776648,0.07617641644825651,0.12659591984428306,0.06958722228877054,-0.038691926258190255,0.047928402902579825,0.07936122831010216,0.06628701133056407,-0.11038902407206731,0.06902428292461936,0.039619391799345066,0.3285922490843232,0.05917780699908738,0.04481132882151014,0.11429681013885626,0.019136356195931816
0.031906987645818785,0.03233281468070261,0.0020762685879131496,0.08564653708696768,0.019180073636089055,0.03228772548720346,0.10725922013066601,0.19654764404613267,0.17037828093563612,0.0812839510623679,0.1653804705389948,0.0612999109100587,0.26528737306135314,0.11605732810246686,0.537400911086944,0.0762354712191063,0.0630119955015467,0.0882275489481789,-0.07977259560434581,0.05348880229932417,0.05180508211052095,0.03643427647575223,0.3711584545635613,0.01551399668549829,0.029237306216470728,0.10639283660912466,0.1358314564182442,0.0942923318061669,-0.02210076905372023,0.06519558998629855,0.09412336486672696,0.0864084690818649,-0.07382383476984791,0.07613920776360435,0.04735823667217167,0.3456814765104083,0.07993961759760865,0.050588140404241914,0.1307748684959811,0.04098742530741868
0.03586512187341391,0.043955476132502266,0.016475012112136124,0.10062066255226405,0.049995246672423437,0.04081815997855124,0.12736790999361786,0.20871699154207235,0.1979871301656692,0.09825477715397636,0.21514694657143682,0.07337850491082334,0.2762826847846137,0.12402258719371394,0.5704835101412469,0.08131255043964153,0.10327518329137655,0.11618489588421099,-0.05299239985957441,0.0656611085621474,0.0583849959453204,0.05345289021384572,0.4056501809350052,0.0375342155331101,0.031661952748988906,0.12087042211593671,0.180015764555397,0.13194820341563204,0.02183406282581722,0.07635501172000515,0.14965026174519286,0.11118717609427961,-0.02706608751663115,0.08087943038988245,0.0560783561171567,0.3681192000607774,0.0900670781956827,0.06122109394208121,0.14922519421001676,0.07033486708818844
0.058414830000064914,0.06577591066776915,0.03963883657531564,0.11401921159790138,0.06940865345161062,0.05273134724548907,0.15429803978709586,0.23300332473684518,0.25938118793328935,0.10734721676187321,0.24458805036815498,0.09538700403991716,0.3238006113197261,0.15614748364462214,0.5989663813197756,0.08939226009998671,0.12625162524949518,0.1228439116901849,0.052165004055562396,0.07775049915739687,0.08052982924759787,0.05849711001586428,0.41507167351582364,0.057925567743607756,0.04144202967666917,0.14238278677506322,0.20591775915070076,0.13980885870278567,0.03336762123540567,0.08196991127516146,0.15761493427098527,0.14505093937765443,-0.01598924531576709,0.08732714688699433,0.06615527571482159,0.3718914641691546,0.09740977573304993,0.07029384277103543,0.1653740963699391,0.08795196801937559
0.10014362383584655,0.15132669237093932,0.05107324760811764,0.11944976333133064,0.11008252044491083,0.06290948820863027,0.1691327965328698,0.25812456486029184,0.3462603577870509,0.13940516177110845,0.26735356257260706,0.12348379385055226,0.33913712789276723,0.18449974606575092,0.6198819484584359,0.11246856954736174,0.14470234913156335,0.139304704793029,0.1435183034441114,0.09017209419976226,0.0896600899813403,0.06752825193446788,0.44359721044047057,0.08120805632201322,0.05000503577311815,0.16539294239282729,0.21791280222032153,0.21951330540934996,0.06885175008319337,0.08570896053696533,0.19496694649581758,0.1640297171049646,0.005274902440936504,0.09598163476494226,0.07002275088494919,0.3865125529742138,0.10810704766069222,0.07663430485896382,0.19366000290836094,0.09219388680730312
0.14602940192522773,0.17451667479306265,0.05757554222399154,0.143260087846438,0.11695605177965845,0.06502017747949186,0.185491793594462,0.2689159054588559,0.3604216406582416,0.18724103137634499,0.32040753325345,0.1459015338794961,0.34608678883143296,0.1990796963328757,0.6289769603589962,0.1278873969923561,0.15871565823200265,0.15268196967325148,0.21063778154701002,0.09377008257467852,0.10505954189267992,0.0980868858618698,0.47409744749922056,0.10092464523773247,0.05761797331139395,0.17820523942788816,0.23198188227793937,0.3169152114372313,0.07601874295570624,0.09182181436118064,0.20092112223204175,0.1714463505753941,0.03952110546476479,0.10418308939643299,0.07615536165467018,0.3927025692824865,0.12781185440457551,0.08132846998752298,0.20934160703565863,0.10417022556914474
0.19621608958503164,0.25074109044168724,0.06534693211771778,0.15144721606961167,0.15518707990576602,0.07208055383119563,0.2024178691387845,0.2890476320993746,0.37549330839362216,0.24368421899192927,0.38252843737738174,0.16752141962452263,0.36205748046103015,0.20582360123542687,0.6446423001390411,0.15104053851497903,0.18278203454868341,0.17624319824353263,0.2768696405773912,0.10627697746172478,0.1251925436425757,0.13910048729831034,0.4832888265035329,0.13046080802328966,0.06210908556075785,0.20928119052670957,0.24518633512187998,0.4191482391236661,0.08301888421094898,0.09611036668385546,0.2269318981186242,0.20943548968033926,0.05130701100563163,0.12319617975469858,0.08254895348835853,0.4121400267157824,0.1400709552351329,0.09748461361260494,0.2225196032026794,0.12483009358212638
0.2490429022382484,0.30906272457547124,0.08295748061992023,0.17255839028811615,0.17080401594391115,0.09653621719611602,0.21355404208573397,0.3029777294218493,0.39890768760009865,0.2993052010633151,0.4290526093654914,0.17046346277995714,0.39999934336286846,0.20850898339613258,0.6699228074676478,0.17447129290671903,0.21569209007460963,0.18186966766803248,0.29887826180940097,0.10956552662707547,0.13465027732120352,0.15015774576848046,0.49081116294895516,0.13782516298636016,0.07558544086337866,0.22849910133546825,0.26596724047301085,0.4837689171528026,0.10004757269340543,0.10245744903677435,0.23142379899236412,0.25752347861259817,0.08598455954553394,0.13018380788124942,0.09285735784272321,0.42665052982780066,0.181233611076685,0.10969965790491346,0.23304230592601807,0.17301037624848414
0.30495391526281274,0.41908352599117865,0.12438662383469784,0.1886932233094242,0.19081743800902431,0.1084339098473786,0.21868976084328468,0.32936603010334603,0.4315853320527047,0.34750643557540545,0.5005578430191907,0.18782397452082877,0.4124705514339274,0.23435238647885898,0.6849814571017826,0.1839708617018432,0.2390432405492928,0.21101693817440814,0.3059434297127334,0.1278567504539444,0.14599055897542418,0.1883273293172452,0.5168397555885456,0.15020068691064242,0.07900322729387127,0.2807353952453473,0.28345110076620367,0.48527330664085755,0.11045305792318365,0.10747225881408734,0.24649286338637078,0.26456427527164467,0.08983360973063222,0.1440906081591063,0.09833433650917098,0.4392253295962969,0.20124366553414041,0.11951023940359687,0.24925861841124286,0.18202431108463707
0.36222187563880637,0.43918122627863576,0.14834057442564472,0.19508720534661012,0.20967743995063573,0.11083438101559362,0.2618038279078782,0.33579200977048973,0.4521556804236244,0.39830951009758564,0.5362618566349342,0.2046400205500158,0.41769806874063026,0.23624719583074374,0.7004298492509785,0.20840507661393562,0.26102665523323343,0.2197535854846671,0.3213614720377254,0.14300398862377378,0.14930533586241485,0.21411346820854926,0.5416699975908427,0.17451365168507882,0.09058425281115846,0.3415325779978489,0.3222135185582841,0.4880725711922476,0.12618946963173083,0.14004303213996214,0.2577517212976612,0.2704203470965259,0.1448999895923509,0.15795354739744447,0.10701614189274643,0.4480700355636487,0.22462808816287974,0.12141308669534238,0.2741352617384345,0.1996822946593102
0.42043266564495935,0.4616566859000914,0.17479429378326977,0.19751250390511818,0.24165788376439978,0.11755656200610295,0.2693645599752876,0.3409460710381737,0.47211181919024975,0.47124331049876533,0.5803079325776814,0.214554801814886,0.4591551075187268,0.2629605850693468,0.7096500177632766,0.22450599222444315,0.29159829877279225,0.23077299551813332,0.335016951229714,0.1559103300889466,0.16660903043114916,0.2613699896693348,0.5581625435095218,0.21423870510170384,0.0958234220045438,0.39821399690113873,0.3424338495975493,0.49273512034053774,0.15221470719149516,0.1526884110266472,0.2639171582519423,0.3055742052007604,0.1972974926214889,0.19323728822411376,0.11382827475622379,0.4616519541894197,0.22818260553317357,0.1271695789671146,0.2991237800934864,0.22887677831386893
0.48429996829261746,0.4825077308031369,0.20211430009606693,0.22015573739190916,0.2698721070006142,0.13563934846151843,0.27840309677836694,0.34884639543363427,0.5021218157358963,0.5049140709219313,0.6057148358055237,0.22010102261666498,0.46809775638835677,0.289602189913014,0.7324154949524049,0.2369994305361261,0.3058380379451121,0.2322596288493721,0.3482489490712484,0.16824848400239312,0.17469012848538365,0.2949298664865541,0.5752150025142879,0.2484430958610047,0.0986643351046315,0.458766137491059,0.3589781114211914,0.5006186405167564,0.15975033445921805,0.17992298294717682,0.2918862338090324,0.32825772646167456,0.21541539565145457,0.22117529360403781,0.11889962230545392,0.47025577446423983,0.2537015056039498,0.15068827081767544,0.31068594832874097,0.25716255764213075
0.5445401010270529,0.5000598556077867,0.2150911749921659,0.23147797491187558,0.30745453041647225,0.14920733381790138,0.2923854895197429,0.3515568943034956,0.5463612696674929,0.5501444474145096,0.6359815444256767,0.22625994053888776,0.47389389722432235,0.292961939824183,0.7458301625137587,0.23882182052260106,0.33474327069388843,0.24118034215985032,0.3688140909956921,0.17933604366620534,0.19960923965278746,0.30989691047238466,0.5902718469406992,0.26867061377765417,0.11755037102866873,0.48301072587367594,0.3739393786384673,0.5145875591063208,0.17455125269377916,0.18845659035551265,0.2977817516898929,0.35426179483788256,0.25626383863850194,0.22276829309783017,0.12548537976123453,0.4969874941081587,0.2719365062758655,0.15783898542350588,0.3317461293322755,0.26245286513682947
0.5789112972446636,0.5124534198218775,0.22801563994880128,0.2420811494975186,0.33590086825378696,0.17042534222609756,0.29822485565870527,0.3655600534745856,0.569299474809106,0.5975051685972665,0.6479757268073492,0.232597013767164,0.48492631476166237,0.3132308059040775,0.7526973954778617,0.24538505432778726,0.3729559197375261,0.26501786708613806,0.39867656918745387,0.1962051228827156,0.21816193506607365,0.3342436412008937,0.6092027360749079,0.30012783315945774,0.1258253387345737,0.5311109456476946,0.3854633114287596,0.5386146096678744,0.1994654659158403,0.21187335278084532,0.3398368895237069,0.3710917670786926,0.27023200418268273,0.22465749125703038,0.12979011146688568,0.5035746445087647,0.28168532023747617,0.16261909450744022,0.3382801000311606,0.29481017215617156
0.6462480662676526,0.553133763749488,0.2513904442884451,0.26189160219485,0.3474921815624724,0.17876124745267766,0.33509940612379885,0.3764460033746556,0.6252851331401215,0.6118738642574638,0.6732149849691905,0.2470841269436243,0.5065504645870437,0.34362376906401176,0.7699915718519332,0.29608503249706847,0.3945339398525038,0.2834465169240988,0.4194260190918733,0.20007632261145583,0.2367379748329931,0.3564679700898916,0.6187019026986902,0.31509952420105297,0.13162827931086318,0.5559716776152804,0.3913373151025296,0.5659802789089996,0.21332613798071948,0.22156833517521993,0.36344068929056667,0.392793819688431,0.2918509144364118,0.22575711739405047,0.13826338443920266,0.50450262358256,0.2989703955097267,0.18247429543537078,0.3539518974173413,0.3091272844743309
0.6614868942128079,0.6369903288099069,0.26720569810985695,0.26710519332370536,0.36037380944154535,0.18714592228865262,0.34899931801307266,0.3817244415646216,0.6548684528134062,0.6463034629799341,0.6830915829722952,0.2627546973276339,0.521900493495131,0.34957534414310987,0.7829969953605657,0.33219040020572443,0.42244170113593155,0.2927398632354719,0.44863740420505066,0.2217608729905045,0.2649697545125244,0.36544351746540926,0.6382658027954747,0.3736507016230781,0.1383408476601345,0.6084842260036305,0.4426671366500057,0.5996385659116492,0.21897882906322777,0.25376462750152345,0.3694355650463118,0.4352212761737397,0.29874031758956626,0.2303525075890274,0.14619110559045695,0.5137441615413824,0.31364442295342954,0.19346595336290295,0.3690278661108902,0.3189524891493726
0.7092592686084723,0.675317116204841,0.2961526203324544,0.2785026280931202,0.3794931312953382,0.20570181143684915,0.3684842552269747,0.39873607092973073,0.6616942053416537,0.6586784236666887,0.7042102970754028,0.27596095525852554,0.5289388678706743,0.361645320621181,0.8021150703915733,0.34460001072667756,0.44536273500887136,0.3023339883213242,0.47814353049036473,0.23175955563047806,0.2696904054301886,0.37854089747105735,0.6466137827189834,0.4087075409349907,0.14978509328006573,0.6250036520477968,0.4469535167314121,0.625021686181225,0.22344659114809637,0.2700708828588459,0.3790149512630673,0.4565102140749383,0.3203004144015939,0.2370232229385237,0.15220750300244382,0.5196145745866111,0.33191232627893513,0.197959815539403,0.3910740211609496,0.34328259824520463
0.739934145838603,0.700585788787575,0.3372372380316385,0.3017696790270035,0.38906820238324263,0.20867732362854186,0.3979082015693805,0.4131338339237123,0.6666175038799919,0.7012388369390959,0.7250925370919292,0.2843185814955198,0.5635333403149856,0.36603154913334957,0.815935569195231,0.351620155874603,0.5111954565428063,0.3444058516373791,0.4939174325091901,0.2425054504596326,0.29134428730892403,0.38824296850503703,0.6561833230274743,0.4379633230262674,0.1629800361405585,0.6349148385310259,0.45625310835192273,0.6586119378031875,0.2287699696541056,0.2835489330287605,0.4019527728455904,0.46781622602758227,0.3541749734848132,0.2466519132234186,0.17016209818925163,0.523037386848447,0.3369049252201303,0.20332436014855884,0.406933994183636,0.37440160957874163
0.7798882249916351,0.7182459110698696,0.37320818826971186,0.31158660155573126,0.40245408951671874,0.22630554585698975,0.41255347331080544,0.43199730456586183,0.6820315942584677,0.7033738953392035,0.7295663620353512,0.29144552950318103,0.5705477410859932,0.37702239955458333,0.8241557984245219,0.38240201943631946,0.5264691951578409,0.37250816094597183,0.5208098279793488,0.2752570672745189,0.32883991895352094,0.3976700907966352,0.6704457684598456,0.5002662134274682,0.16985254657384385,0.6953497684598936,0.48326501599946203,0.683147474538848,0.23304197112476274,0.2958301737431694,0.417990909240724,0.48299121853786703,0.3908836659332117,0.26005257446685753,0.17595974514426208,0.5365932960083007,0.3647866126623678,0.2087618995596974,0.4280977288088108,0.3990094136995025
0.7990888485827508,0.7284849279228393,0.3835534839595891,0.32636846524190855,0.40996881107626826,0.24028055439432183,0.42752329465273947,0.44473561184494587,0.700224652694557,0.72261875289327,0.7334577284325888,0.3031036520323783,0.574123610739021,0.4028836902650839,0.8347437661465062,0.3985010582296154,0.5394877257702106,0.3786949760488705,0.5356272594647187,0.29239799629795943,0.3351524652086728,0.4123228189108535,0.685496321595073,0.5248233440627161,0.17737681981491668,0.7058873530230422,0.523655527453421,0.6979363866958316,0.24164563021789973,0.34392854611037177,0.4209991715356901,0.5105144055284518,0.3970046815973926,0.27771450294169775,0.19008161148664346,0.538690837636831,0.37324738988359313,0.21477713003323548,0.43540509942953826,0.420037353893581
0.8255052610791889,0.7374325499008623,0.4054103522988039,0.3448588706747698,0.42665111682304957,0.24949948762304336,0.4363939271328672,0.4577523197813738,0.7147955066506119,0.7375115087382911,0.7372456060511494,0.31281904590287785,0.591968314862152,0.4126097184804953,0.8602661111868314,0.4122339787260561,0.6084523952923243,0.3980325047658483,0.5476067865603839,0.3010331264639864,0.3403264481757771,0.4434388320217797,0.710254138409287,0.5889243662368747,0.18642027999404046,0.7251973670903059,0.5338057747832283,0.7264802302461114,0.24646045241526232,0.36703407917724046,0.4283709555258334,0.5189459440526868,0.433856425094941,0.29841256181670217,0.2060591497152783,0.5504650584859978,0.38552377447241615,0.23043370911411243,0.45374850054483085,0.42309459462229126
0.8491885156321115,0.7484183574991163,0.4445711350734126,0.3645235960373693,0.4464337923404138,0.26931674989645826,0.4535635761326836,0.4896784938739455,0.7322531085405722,0.7398386924327889,0.7450262946835289,0.3160901072003335,0.603480184367878,0.4137629420183265,0.8685735282336928,0.4340435024756781,0.6283300182637455,0.40455689858807237,0.5743932019168032,0.32059581772124823,0.35738284029235445,0.48702348871573253,0.7453998189111097,0.6649069437456473,0.19300204902757964,0.7500033681875155,0.5481665590717428,0.7718318024683226,0.2547563744516584,0.37300751303379515,0.43411494135501827,0.5731299075641665,0.4416022972882905,0.31727661737203994,0.21456157058371594,0.5599394963885678,0.39828521315836624,0.23443393931409062,0.473790640583025,0.4258564311592392
0.8891649985081908,0.7592298242926736,0.4555183195780264,0.3941231138742494,0.4758792638294188,0.2717503540570836,0.46669987775155547,0.5061196219940367,0.7433349005560457,0.753317924399044,0.7501846040410731,0.32020236099250654,0.6073805382381716,0.42308314034399247,0.8697606565237058,0.4477086359781992,0.6345903592135951,0.4133096148055762,0.5924672045996404,0.333686637414006,0.3618377697702568,0.5065382302381316,0.757000819226381,0.7420708675832872,0.20425602180225622,0.7568523418275532,0.5590781718839214,0.781266778618311,0.2650824244760903,0.3789933595897591,0.46373744723682914,0.6042717226464134,0.45945044858109274,0.3309170823496054,0.22049861017258512,0.5655444290105702,0.40868830723494,0.27794433191171414,0.47909788030728034,0.45334989286972915
0.9079377659317581,0.7876802762343679,0.47108903793523277,0.4082101865019863,0.4825446810997649,0.28465253245652034,0.47883388360100165,0.5341300562592018,0.7567133133388702,0.7599206340847631,0.7597508506054516,0.3422179586006536,0.6235122583199945,0.4401363741604528,0.8821858114680122,0.4567076049860667,0.6411318015381986,0.44067407485503796,0.6019668068995191,0.34522214931613493,0.40861562192719175,0.5296372856366035,0.7763612356193138,0.8173782583179892,0.21220469458644223,0.7816822197807608,0.5924105633409202,0.7854437462202195,0.27309519341531174,0.3925227887349315,0.5031942720954985,0.6126575203507201,0.4609773440366866,0.3324209688938721,0.23694557089190502,0.5745180318612008,0.4123991070298295,0.30769980680580383,0.49953396129462374,0.46649488242056436
0.9195038063109363,0.8054823717918761,0.5062125390848315,0.4262477291229912,0.5215968838330534,0.29660502381958387,0.4828282305972469,0.5433495445339307,0.783695100412503,0.7698910555058291,0.7652843389849624,0.37078423963720974,0.6553764243175768,0.4537684589180102,0.8927927698135494,0.4583979870217832,0.6506260019795365,0.44943175031124266,0.6049554095257872,0.37798055296870436,0.43346251604221847,0.5516105179759523,0.7915226062608149,0.8874885796262257,0.2269789228900738,0.8018462048971265,0.6016809530293253,0.7986475584426309,0.2870271534855526,0.41786938552422637,0.5146499547638045,0.6216947708796148,0.467941979245467,0.3349792583406036,0.2522964221362996,0.5781991817425767,0.4277182301855672,0.3167043061850516,0.5060326006086021,0.4688295381434747
0.9397591496850869,0.812010927753078,0.5357052542012908,0.45725220091762814,0.5342027416428842,0.32059338388705405,0.4966970865378533,0.5471782053917763,0.7941940568794075,0.774747217980926,0.7683821493578916,0.3967018407033172,0.6658079009887209,0.4666128563901268,0.902678894286852,0.5187960612050384,0.6532005003807532,0.4676148515160136,0.6248493086357259,0.40211819136166066,0.44677891430247707,0.5986705583028016,0.8164205314017555,0.9475593850912032,0.23232606040455347,0.8332565236381878,0.6266401711819594,0.8129220574544477,0.29706273332358457,0.41932787947093153,0.553335773758284,0.6389587471503351,0.48482154244103226,0.3387126306597769,0.26467101232223234,0.5832867362861919,0.45115560639587626,0.33622210457819196,0.5326746612700819,0.482234521364764
0.9688449105618702,0.8307525978804706,0.5468675374636626,0.4680342498344991,0.5682914855375228,0.3302668313327045,0.5290466898931898,0.5551271671480296,0.8392782679114058,0.7875506797982039,0.7756647021239568,0.3997308379857219,0.6702140164021385,0.4798458646652741,0.9128888846033484,0.5793347749764606,0.6695756550126237,0.49930187414699995,0.6512908197670336,0.40772043031980465,0.4754593997963962,0.610338067184368,0.8250184184801714,0.9901384394434042,0.24193494317839728,0.8656351972211392,0.6635536769418905,0.8337712292489001,0.30811788953694014,0.4361735471844699,0.5709527020220493,0.6885455640291247,0.49081881087874324,0.3438509479224782,0.2708567762579404,0.6001671947098105,0.47122344346025474,0.36215960759449356,0.559751524339339,0.5387116440194062
0.9771217703345126,0.8350263578250726,0.5839628575804302,0.47179886878232996,0.5804622181189102,0.3498550378950699,0.5587333977607323,0.5640385519778861,0.8457824367070587,0.804644107924218,0.7845161325253845,0.4075255509244975,0.6727353835141434,0.5228236502618229,0.9266366517294514,0.6367724676929845,0.690723586002984,0.5595485130999763,0.683427562133144,0.45470476155244655,0.5023660571675463,0.6206130927592385,0.8419153891853842,1.0038142496146,0.2452201057323986,0.8891909649894658,0.6677565061241997,0.8562343883968686,0.3153530927089635,0.46910092606702847,0.6161807287240675,0.6925169060871207,0.49632795545579295,0.35075970872110057,0.28561901272192364,0.6018049646751138,0.48755300321860023,0.3782960365397968,0.5675154428772743,0.5469438760860521
1.0230694905786069,0.8532475184174664,0.5955672978629989,0.491857730468915,0.5945956072315902,0.3668073104880663,0.5782318949888495,0.5827423028650445,0.8889197867776626,0.8088236419450797,0.7961017287946006,0.41680520095297835,0.6930967861252968,0.5413672103056114,0.9317281174969209,0.6890026064710016,0.6966316092587013,0.5639774114579498,0.7202186406656215,0.49546169351831615,0.5241300180730947,0.6339026082040563,0.8569253901047437,1.0125361934943877,0.24698166213632117,0.9100474561063061,0.6985205516120218,0.8860964545384786,0.32101660641302265,0.48959776536268634,0.6352536719306563,0.7336824425198284,0.5161322860721417,0.3599182710956733,0.2908726963999745,0.6067971133750123,0.4946440895995914,0.40651896637556506,0.5764449191516892,0.5680583821203435
1.041567570581224,0.8786576105285004,0.6357058078724104,0.49897985471453,0.6021978217815344,0.36935531767366103,0.5865483128393674,0.5983838072606869,0.9106148360701863,0.8140828772793194,0.805258016382061,0.4358584735791659,0.7274478104489523,0.5423901266610789,0.9381483414641986,0.7336420849915101,0.7197781996162917,0.5985041210046711,0.7600029078122603,0.6026027773867446,0.5347477658440838,0.6578887982121346,0.873711643485888,1.0243574043395183,0.24803585969717942,0.94672846223875,0.7161570258791615,0.8955905414836149,0.338508784799141,0.4980425265280938,0.6374196490512347,0.7367223390908944,0.5278757968705425,0.37167499830119405,0.2951390861237365,0.6099448070153187,0.5124907953244356,0.43621392959074823,0.6016610186440026,0.5772618073445586
1.0535431774488178,0.9006711429091112,0.6478793051856439,0.5149205875953488,0.6073596287143985,0.3781058076406858,0.6246061985387408,0.6208066949038465,0.9199846521895256,0.8162417409672146,0.8080459644674768,0.4506363217377303,0.7406827153669722,0.5660259895112806,0.9632917173046576,0.7680761982033817,0.748995554182576,0.6068367145387935,0.7998470262428216,0.6505585810690298,0.546024691106817,0.6644772385389763,0.895275314235074,1.0377820520121663,0.25500120408483584,0.9642304416453042,0.7317213283865438,0.918658915941249,0.34435539310169916,0.5082581543132275,0.6810287438259136,0.7564659507732671,0.5305432622600252,0.3854545089298678,0.3356817156801793,0.6185618517638416,0.5338647361271757,0.4697809643729604,0.6201164277177512,0.58150387318481
1.0609152047831625,0.9172456729864238,0.6673813086231382,0.5512348145133124,0.6233017042851406,0.4078029629087253,0.6341067896106819,0.6467232121542408,0.9314118728433898,0.819202631076599,0.816390594281762,0.46394952606415996,0.7498510438979816,0.5978173456341292,0.978063915291739,0.7899014323519913,0.7570404003584319,0.6321090662436217,0.8027739934872089,0.6942993564144945,0.5919327933991426,0.6743145612697694,0.8979463192119879,1.0495009849070769,0.2702916237549087,0.9900393123872608,0.7456707689114772,0.9364474845622932,0.35265670457821513,0.5340746982308108,0.6863780929908095,0.7676325857914135,0.5492714354843857,0.3981213764316121,0.36980047547459943,0.6236430447491262,0.5483871524021591,0.48531202947736607,0.6519381887438056,0.6153532297668085
1.0691424303015185,0.9347061055153048,0.6944883708991415,0.5614026642005072,0.6287579940960576,0.4156409382188545,0.6472674746861282,0.6623747629857736,0.9418709348257226,0.8261368962097343,0.8209563132794157,0.4842736673985673,0.7915847562679208,0.6292724873139443,0.9842513806705229,0.8951083099728944,0.7775202392044259,0.6465033141377048,0.8350684084393202,0.7417625897214735,0.6174202867041096,0.6783260310690568,0.913230627217276,1.0694270929777783,0.3498387148716334,1.0119897136920577,0.7591344863625896,0.957793288974442,0.3569117990546888,0.5464226943892185,0.7417944807373583,0.7837817507994527,0.561191596974754,1.4294265679666835,0.40060398313746187,0.6293232490603642,0.5702721878970688,0.5183778880430095,0.6753648903394938,0.6329998021035554
1.1112132809394861,0.9425259175560158,0.7050788851034178,0.5876116870668304,0.6432743823525117,0.42964850874316296,0.6603394004116976,0.6834380654368963,0.9504584970128578,0.8419442385464662,0.8246747411513029,0.49303431033516015,0.7936249357376558,0.6327098931396838,0.996178276596646,0.9455135603951967,0.7900558871812298,0.6549964052922828,0.8597533231926219,0.8072730305851035,0.6443591251152582,0.7123459684964266,0.9284125279001444,1.0799626634319033,0.43336301912504543,1.0352547478423493,0.7894897837731385,0.9633357604373919,0.36358114370944383,0.5663019906692782,0.7540923827658664,0.7901973201207172,0.5655652832650577,1.4598712030792538,0.408518522646141,0.6328736730786679,0.5781188856877654,0.5529288745619035,0.710950923029298,0.6645422985688925
1.1271778083041535,0.9513896433611478,0.7581545875774381,0.6139816977623466,0.6525797260255256,0.45206940813248514,0.6708439373505096,0.6912285549986158,0.968548115100405,0.8498897747285645,0.8312198665041717,0.5017003245159177,0.808518652595359,0.6508537199462751,1.0124061069772803,0.9617829573979906,0.816832744219468,0.6925300086390475,0.9059598572552203,0.8462390381657579,0.6658040280162573,0.7461692788774347,0.9650160252615911,1.0871710805513517,0.4802772074781721,1.0429771886811725,0.7954360894570399,0.971912970004901,0.36872913161533577,0.5823134558395159,0.7659456094823713,0.809306424954261,0.5763363428582352,1.5131144731695132,0.4554157482376333,0.6364263583942551,0.6046184341672196,0.5946164779149513,0.7156946384230181,0.6763909131055541
1.1471243040642614,0.9644757763619343,0.7782110164328455,0.643002460203435,0.6535793010097238,0.458438170983207,0.6937498298141411,0.6948993032130564,0.9802234819855103,0.8534338948830722,0.8378612962583423,0.5131453552934355,0.8217069059698184,0.6639930216297747,1.032735333961426,0.989521869860939,0.8590421046085607,0.7210333703885264,0.9102933279894112,0.8711854659773116,0.6860449302709983,0.7636883887036665,1.0042502879956696,1.0970796695527327,0.50472610097308,1.0458651292226526,0.8438079025385146,0.983729271452883,0.37810184262716495,0.5941218168881038,0.7966788608402912,0.8174168675700497,0.5889567552717877,1.5300066342083256,0.46709559736386913,0.6462830010600894,0.6213407575926215,0.6476510227351165,0.7365284860950126,0.700276247177162
1.1617822810411027,0.9782599000997315,0.7910745259547737,0.6563093665870203,0.6599641638763812,0.460362358245822,0.7177878998348199,0.6988168142404082,0.9937597013531733,0.8706383274400226,0.8444634439719182,0.519901952722482,0.8323935397144118,0.6860926869696256,1.0367593486289695,1.027296897180782,0.8783731519920832,0.7571651544302456,0.9178080135482884,0.8935846331486259,0.7199438478127806,0.8236844909756471,1.0085423000817406,1.1046276564613509,0.5478253678742113,1.061352826384073,0.8468577217156917,0.989842349057677,0.38243530734689923,0.6127150625902532,0.8018026519958165,0.874051510816622,0.5942166765226478,1.5638310865987928,0.4898411777640919,0.6496916431993335,0.6410041398496976,0.6680701329546694,0.748456219511646,0.720762171384176
1.1864321647270157,1.0036668617578994,0.8243428587112984,0.6695827066024848,0.6737097086177195,0.4744778038085736,0.7334872590125798,0.7194854790160111,1.0230979117015682,0.8776038485165667,0.8494841779301563,0.5269383562415568,0.8350458263827719,0.7316144965763555,1.0524528921219756,1.071939829839176,0.907612146582611,0.7960938188224945,0.936649907368645,0.9246650283602528,1.140975071710242,0.8530206095424498,1.0498571902595826,1.1075653970531747,0.572886946502087,1.079634079694747,0.85618667843238,1.0065247856926496,0.397841462119322,0.6179642940374656,0.8619262918537864,0.8778274736579876,0.6024974365867004,1.5875135886375358,0.5089312142282236,0.6552232021526001,0.6437910306501253,0.7392073224623359,0.7780789311968488,0.732681548177037
1.203137933954971,1.0237871117288575,0.8413934619517407,0.7183066875917455,0.6932026295531692,0.5039622177199519,0.7450104401758465,0.7256140291020218,1.0549293141222538,0.8923909734633504,0.8640141933778259,0.528425106741585,0.8631657463429997,0.7431951076907108,1.0834549705980165,1.119561189741264,0.9419532945406365,0.8410488162234053,0.9618846760494558,0.9521457711831705,1.1564426822270917,0.8649006226792673,1.071607086440305,1.116336179488,0.5937271796200467,1.1061835335923789,0.8663002573047581,1.0612143616993812,0.40250350338063806,0.6484819694482117,0.874021918555804,0.896709764030669,0.6073910828367373,1.6079666734063394,0.5374512832189855,0.6605863690713257,0.6700924566959497,0.7992232417625486,0.8239737886711186,0.7511195188175693
1.2071760069076303,1.0352162421325068,0.8847729435471919,0.7560099721872215,0.706011845682855,0.5125072738594253,0.7673605940281003,0.7527236787356774,1.0695096487907503,0.9009163727619552,0.8655208784108734,0.5301693073052175,0.8822643590076277,0.7654219491736572,1.0882988934593227,1.1654973386865402,0.9614162724286013,0.8517771797097431,0.9924278050717157,0.9725300045361035,1.2031449340994422,0.9049778693890695,1.099325073868362,1.126208952469969,0.6191508739573304,1.124784594549892,0.8772093249777242,1.0685155395753383,0.41657868427750955,0.6679526256874259,0.8796051574323799,0.9057844361069259,0.6130648957217161,1.6198384678142275,0.5635004063643269,0.665962808180886,0.6745324047257868,0.8793872091663718,0.8703670642244891,0.7789710780516349
1.2170726651063428,1.0488780388160397,0.8990972590288945,0.7829497317817793,0.7094989122151152,0.5330552774129768,0.7857455395599788,0.7767020533836798,1.0793486111132828,0.909473677818383,0.8718593345754752,0.5312247242356778,0.8846208106977572,0.818055713186676,1.1206372301631868,1.1989076569356074,0.9688454066198937,0.8572289060139858,1.025660017000409,1.00978206123141,1.2582224914361488,0.9246569601167366,1.1195452334047682,1.1367815798013179,0.656399832613302,1.1564006949204724,0.8941929136053737,1.0797834557008887,0.4273024000323661,0.6827115666097067,0.8851314183099376,0.9634654781325791,0.6204374456677775,1.6532055638185519,0.6347753784396668,0.6734099448887114,0.6830141253884342,0.9684583075099182,0.8734002008602454,0.7837099868765103
1.269810070759267,1.0499323362416335,0.9158543731593263,0.8193284663015654,0.7195478427549998,0.5463590209129336,0.7916792733293742,0.7934450282785933,1.0879878464103085,0.9192088207297483,0.8841900635822212,0.5355377152779687,0.9274008659274278,0.837058678277594,1.136691680692373,1.2131040565201012,0.9817253774148236,0.8851143610404199,1.0486659560328282,1.0271695171526827,1.2664484673751977,0.9601346289261833,1.1247621289557324,1.1397225936073423,0.6650389916324214,1.1800044077202418,0.9033590903776744,1.0903782401411215,0.4487240095085372,0.6892343758784272,0.9057022375331816,0.9896361732862944,0.64151795059624,1.6675117777991753,0.6705728343567465,0.6846171752590193,0.6956402912857873,0.9854043898349841,0.8894726505300472,0.8004491692737985
1.2780889983835289,1.0732322836814963,0.9247996497994191,0.841446104757146,0.726389660899698,0.5554676992557271,0.8062869854032614,0.835006379445682,1.0959102320628498,0.9388948295408306,0.8857877268491692,0.5418472176914222,0.9387516710234014,0.8580258129172481,1.142382867568253,1.2385357869596854,0.9934014983009499,0.896968850713917,1.0734994604768122,1.0659501171782622,1.2815499423214411,1.005990785843338,1.1489697759126762,1.1511506415340607,0.67899180939714,1.1939113608318985,0.9243912307802268,1.0972427563594522,0.4621690343150875,0.6936081245882604,0.9079126905505404,1.0177840174033566,0.6573373285594802,1.6746986187453532,0.6937557390396566,0.690963826346159,0.7196380304931461,0.9980711813648827,0.8916299720246248,0.8225498309260936
1.2913129233871696,1.0887618583588758,0.9652493591242064,0.9035960876044433,0.7355371519660526,0.5935418964061009,0.8496685727635876,0.8429968310051233,1.116705014100907,0.9474215612213289,0.8953461399432202,0.5500895546082389,0.9552558828468213,0.878859342305296,1.1673857280779782,1.2427479015277922,1.0112328205724765,0.9049591911265188,1.1104151356162957,1.0803398998501024,1.314427228751783,1.0297653767133728,1.1496455544112898,1.1678756021849646,0.7028070991942617,1.2185699622907775,0.949330649561307,1.115068711769379,0.47975337251272465,0.7182346892573703,0.9449670060621249,1.0294983842561278,0.6686172412850445,1.697217216759053,0.7294088625552297,0.7049852815068927,0.7532260111676703,1.0449403121701717,0.9087259372174012,0.8346079884730666
1.3213190119085905,1.10454393593776,0.9871632344599375,0.925420002936247,0.7475176743415854,0.5984129795679676,0.855203858710291,0.8856565321249951,1.1239224185191723,0.9590509795797281,0.9022532555653703,0.5571369022240806,0.9674288501463687,0.9383468120304761,1.1743149394656256,1.2569065974836633,1.030010124378532,0.9138774398974873,1.14421178477721,1.0875285414201028,1.3572252092053214,1.0440754749449053,1.1644524706340809,1.1708772155556324,0.7368386170488002,1.2455116569302704,0.9546516153305232,1.1262700462953321,0.48599921404102964,0.7279334689261168,0.9755760847550651,1.055859430591624,0.6738463979654375,1.7379150133563825,0.7811842408915293,0.7068065613342422,0.762404988939112,1.0546861510905914,0.9355433143098677,0.8380426438656183
1.3354289810755169,1.120270817093637,1.0013107200913571,0.9923318127241597,0.7602637518692543,0.6416514444094338,0.8728369359914909,0.8986048473434518,1.138129226988913,0.967305811649833,0.9071204449487925,0.5633478436974096,0.9977187059711708,0.9566204069093396,1.1829923658020884,1.262780455463233,1.043998041161366,0.9622421145393522,1.1663578264741254,1.1113937829544032,1.3849269272825526,1.073813995149973,1.16580900466982,1.1759548750893192,0.7494816253844861,1.2746229429730696,0.963487946870166,1.1344617582306702,0.5067654557322084,0.7454816115927918,0.9941237081758595,1.0697518526946843,0.6820060948480345,1.7420677228123975,0.8723165623278564,0.714143509445644,0.778630871032128,1.082566618533383,0.9443865240577236,0.8411258059280413
1.3383277947365775,1.1292477220527317,1.0210567197491534,1.0358144485753948,0.7725435106438739,0.651401341098704,0.8827429510093109,0.9218821074160167,1.1452868176533195,0.9850225599168964,0.919452157370215,0.5654471058824349,1.0039318351597881,1.0010816368350983,1.2048897663304832,1.2872783126720215,1.0682974729862362,0.9902083173404417,1.204225780083796,1.1233199124842057,1.4253446402607939,1.0868723603256272,1.1898857643334797,1.1794824619361324,0.7552429158452038,1.3003893837311484,0.9741135952894968,1.1365291820253307,0.5161815901694469,0.756889605730931,1.0140323224548078,1.1425167990329916,0.7122039522893912,1.7518377643601808,0.886846514198796,0.7192359554973748,0.7928590759925327,1.1226342921213355,0.9754923898406981,0.8619866470285698
1.350891671992741,1.13740831170083,1.0428780735395093,1.6215851571913773,0.7741568674001649,0.6564487726535078,0.9069545628336958,0.9530563584216787,1.1601461157249569,1.000498572629067,0.9254082906327071,0.5806482774466699,1.0449122894959872,1.0241698850643064,1.2246272744392734,1.3278695111656045,1.0773825410757054,1.01803264422216,1.2159969356331461,1.1344688239396306,1.4373286974215385,1.122087908491587,1.2226380181986125,1.1926900674286434,0.7646307483798993,1.3208652224752788,0.9760379851473462,1.1449651909672343,0.5427784868502636,0.7669118713464449,1.018091127607137,1.1554049659343986,0.7356397701480084,1.7607659200658947,0.9011640222586527,0.7277848826783938,0.8134722808182469,1.1376107244446052,1.006891150392463,0.8834979509684447
1.3704040209965938,1.1438731306435048,1.043343613780975,1.65365559929338,0.7785430047096527,0.6572703169649216,0.9141485040561789,0.9665291743616868,1.1797298445364142,1.0181841638666491,0.9291001201465184,0.5858130903415196,1.0475721418106014,1.0303408061515145,1.233641092551675,1.3748852973110413,1.0967395717782953,1.056541785625522,1.23450025610146,1.1398772788596063,1.444358783584385,1.1434301876787523,1.2251717042612875,1.2024109795511044,0.7895090174740923,1.3481341734771313,0.9837212188243906,1.1587615371573996,0.5573028674283311,0.7852354555227874,1.0374088653215046,1.158117590194152,0.7481476721442496,1.781436921779935,0.9345807490855,0.732813027253182,0.8203838512305334,1.1458909692544221,1.019152252209607,0.8932873103201696
1.3762347180503978,1.1598529098038117,1.0577568751177988,1.694900082852166,0.7822007077233819,0.6905712577466792,0.940300558253663,0.9944420104563736,1.2012421313163797,1.027211148047159,0.941704986876682,0.6124250092266528,1.0543730078944362,1.061225084812491,1.2603887436145056,1.4242411721532318,1.1033520995054753,1.0676845783768758,1.2558580352801416,1.1690468597029748,1.466638069576197,1.1887277163166265,1.2411031901678191,1.2137612008281384,0.8043162972944753,1.3727151313130097,0.9886633893979603,1.1780684539046378,0.5799273686156943,0.7949036192982981,1.0471491509780468,1.164722681728019,0.7854617002114072,1.807672360681885,0.9361621080665662,0.7525013236177576,0.8259763272008065,1.15167161476406,1.0256166747661613,0.9035426588216938
1.4156684865635762,1.1763651441152339,1.0809185600360152,1.7378464346186098,0.7916259710849739,0.7250676622416847,0.9658438304069367,1.0319905219528223,1.2259030296771622,1.0489200923788609,0.9485138216253762,0.6412261817273456,1.0942749413809523,1.0760786877661581,1.2745220399738766,1.4712338965285625,1.1079785557409545,1.0908813416934662,1.2714694214046318,1.1827289383929722,1.489258614192728,1.1933627176723909,1.271508666320775,1.2258856076085667,0.8299349257153702,1.3998840158824737,0.9896645359528856,1.183904415431109,0.5912951228758387,0.8083550398687384,1.0554910459166198,1.1869371698472881,0.7977370404293849,1.8164717038266016,0.9833423789513945,0.7599548456280014,0.8443809265253802,1.1644189540096985,1.0960377257314775,0.9273214606259075
1.434423505949427,1.1930494420558095,1.110830927345947,1.7773847357840273,0.7961089487330647,0.7362254744661261,0.9753868641144101,1.0498807730752222,1.2452597906390208,1.0666090899506506,0.961869220474833,0.7995932279495219,1.140855443449339,1.1325466192045284,1.2794943690919087,1.5010187913197783,1.1161771039921347,1.1037933377586961,1.2975051750135798,1.2128566359128237,1.5202755814079598,1.2364853919241532,1.307377607270046,1.2344090194777773,0.8381821606325686,1.4273878178701442,0.9968766922397846,1.1992480126706628,0.6233555983067819,0.828112509824181,1.0611491047177,1.2157964681889768,0.8320499860914345,1.8202617005561572,1.026079652800908,0.7862548457353812,0.8480152963421236,1.175918572397194,1.1120583897818574,0.9320950604363729
1.4461496333571795,1.2007977733512913,1.1391935455444746,1.7921355229851041,0.8091853106683026,0.7521853438756531,1.0141273183966601,1.0873700525227477,1.2689184549945802,1.0784337916351185,0.9713354338499628,0.8408033045721708,1.1445672284964858,1.1396930421067684,1.3030115823122566,1.5179755513134627,1.1274369040577208,1.1132090289918728,1.3332396478451245,1.2238100619497034,1.5462732678012725,1.24375221865716,1.3369848062485847,1.2509461969620492,0.8542671450420994,1.4500479021976038,1.0013787318901575,1.2142400869056378,0.6526669008096502,0.8488663516445337,1.0871918189676346,1.2290829269613142,0.8504036361323424,1.8301364770939188,1.0388719585260615,0.8106610140921322,0.8685836463397689,1.1919604518720983,1.159818620751212,0.9439732207923535
1.4654761050724259,1.2129438520230935,1.1534680884157036,1.8109356216195007,0.8128337396353941,0.7783216950349167,1.0241478832409987,1.103034488424116,1.2952789231674415,1.1064086123788885,0.9745373766212663,0.8465410119904424,1.1565100320623678,1.1454583441880302,1.316469068585676,1.532027038426124,1.1361300020133627,1.1435843524751657,1.3735845915953317,1.255364300167972,1.5723726094659563,1.2642147327610345,1.3402195493678755,1.263076434816078,0.8913094724715096,1.4740794335546037,1.0164683606744138,1.2243387794417482,0.6793691725816405,0.8663204793396058,1.1007461310590105,1.2453922758261828,0.8641618681298474,1.865883026690242,1.0478645926671657,0.813267674091571,0.884347228240301,1.2077858042132044,1.1725266023294998,0.9499964272453705
1.489321213922167,1.2194949169599356,1.1766646974445176,1.8293463910458667,0.8174695331425381,0.7874602183857835,1.0559408730573416,1.1421693603925978,1.3043175372910158,1.1195869084365595,0.9909631924617508,0.8510141928430487,1.1738598857987002,1.1759961951959446,1.3200822488342434,1.5477404592372257,1.1374689287848763,1.1494034534618551,1.415633841797207,1.2673165387103391,1.5976403638528556,1.2857484083124409,1.3554401550125394,1.2852088017969754,0.9045678343461268,1.4973242967130196,1.042523610589933,1.2363621958555415,0.6907406832212192,0.884804129381643,1.116734880114353,1.286676988537654,0.8710659699949115,1.8729535335912324,1.0565450711426647,0.8326885315653083,0.9020500725416664,1.2311268110024618,1.1808352898468164,0.9798922137067324
1.496727155283653,1.2249081217815154,1.19785422922877,1.837354034966464,0.8237534817456456,0.8026912512990438,1.0625114819738959,1.1859016950396168,1.3266671696615153,1.128475183181372,1.0096663373658445,0.8550906277353761,1.1910765971402522,1.201259574090159,1.366480600778963,1.5543890024947038,1.1462378121287684,1.1654123627524031,1.4537089357286366,1.2753053417993674,1.6227378380561308,1.2976100650284694,1.3882892534934748,1.29912121395253,0.9244337800178396,1.5245913274496548,1.0633680600098052,1.256581314465037,0.7244785405175047,0.8965061063264732,1.1372570698034417,1.3025107724490932,0.8837531031453885,1.8848864731523902,1.0658643058662218,0.846347015722738,0.9388563790640144,1.2443424010191018,1.2081465728945564,1.000942920164268
1.5040078502416336,1.2375867144147636,1.2046455497872688,1.8568506315667068,0.8349938810475847,0.8469528061253935,1.0851009180472992,1.2279487561079223,1.3336247029015482,1.153223576184985,1.0211988516793016,0.8585900019687557,1.2119806486389264,1.2096259864909324,1.3779237547947214,1.5713449967370008,1.1587427582364107,1.1805628493090237,1.455382950021608,1.2995185851151403,1.6271087769839365,1.319412780171923,1.3973198936495914,1.3037147663636013,0.9420040920290403,1.5453289512494606,1.0760229500955745,1.2702900371285313,0.7387397000543285,0.9089048491926522,1.1691044653311717,1.3140306728759235,0.8939086908124346,1.8932091095492314,1.074340054272686,0.8543158776686275,0.9561522885515447,1.261678678348422,1.219249889938518,1.0213037427596598
1.5295989268176273,1.2472576533032838,1.223584383147463,1.8684904332875938,0.8436294201646996,0.8648442289596604,1.0883231637257949,1.267445829476561,1.3425335426549705,1.173937664192731,1.0339382355774662,0.8616672150749863,1.251010725843405,1.2198064090051477,1.389782558863708,1.5870357845209935,1.1732856072822657,1.1851920604518718,1.4674464037286248,1.3252932321866135,1.6465846188053688,1.3371977055849376,1.4112772345488767,1.312827416293147,0.9615629943188011,1.5505363604128855,1.1276168140097491,1.2760033227846967,0.7772904048169158,0.9275668666123617,1.1745853126604995,1.3259068193550478,0.8955917430601288,1.926866497109472,1.082730630983223,0.8551649637116366,0.9718008159951095,1.2783990787640724,1.2210405105933921,1.033884227784013
1.5360506228409618,1.256277646934906,1.2408804444933257,1.8701890354131783,0.8494406812125642,0.8880492879869817,1.1201893164873915,1.302407020649548,1.3561811997645912,1.1916734563325324,1.0399194406112184,0.8644789900507789,1.2796307661260284,1.2383444941663466,1.4345526183552435,1.6327962971508558,1.1802614630078772,1.1942867634613372,1.4814392707393385,1.3384009952844655,1.6557586597923664,1.3640722935691858,1.425088835479527,1.3176226667360242,0.9778241247070705,1.5712160145516645,1.169287836074496,1.2907191665979298,0.827814693220304,0.9503117889251991,1.1860450939897162,1.3571954417565506,0.9594497881315344,1.9391808916021496,1.0873554567667185,0.8903750629965621,1.015274998077989,1.2905442161906755,1.2610395932955345,1.052193378610669
1.5459791977376236,1.2674649342836153,1.25446759442112,1.8775057455750075,0.8573401265723322,0.9384915487334591,1.1472439279421565,1.3281888110044384,1.36062439274463,1.2182006906378053,1.0490045476409569,0.8671018645539683,1.2932706941690324,1.264065544570516,1.4383316574665943,1.685552727367071,1.1850524318627258,1.2305330785712025,1.4885413409970898,1.3757836813630697,1.6638978849076704,1.3893544698604652,1.4558289905304675,1.3315442493830818,1.017899249110487,1.5836379008040353,1.17818478697915,1.3008542984721088,0.8802784084242197,0.9613185342777427,1.209343513038541,1.3827967010208542,0.9854452282957225,1.9472301662844633,1.09245633199073,0.9171564585871114,1.0210061329951263,1.3000998353998898,1.2790904026855254,1.073377535174363
1.5609740541708053,1.2729875219418205,1.2761133377734084,1.878000557426735,0.8604868304319526,0.9597757374459577,1.1872833296566023,1.6086461660916778,1.3824575500137084,1.2381860913634033,1.0627560107669825,0.8694642507081625,1.3070880990256821,1.275064470623051,1.4614585594638567,1.7392810768974523,1.2031630890605636,1.2412813408567378,1.5122228584096356,1.3789442318706808,1.6841683969973145,1.427122073570063,1.458619881575161,1.3648010164868594,1.0424875500027515,1.5950111254182786,1.1863657431902748,1.3132717740141449,0.9318333113878843,0.9695919367883582,1.240864284986441,1.3965566404142407,1.010117325534461,1.9701990858900071,1.0981151363633275,0.93582147724657,1.0434110885473018,1.3107281536149973,1.3039433324442116,1.1065803775051448
1.5985289259388333,1.2770383873235613,1.3038110492082882,1.9095941527966298,0.8675769940399891,0.9802442018399461,1.194551829495568,1.6745795753713237,1.40957429315991,1.273807017823028,1.0822182459978862,0.8712514412744004,1.3303343168466504,1.2865133056186244,1.4816144403199405,1.7635761442160596,1.2163686675568617,1.257095163070205,1.530269813581958,1.4233115523865902,1.7156421777080462,1.4532964096281418,1.4853841465900397,1.3883287186396578,1.0623389046550065,1.6195526447358388,1.1968282297205568,1.3242136833305815,0.9764253064935883,0.9973665690493168,1.2764124986540046,1.416352464055973,1.031737716576676,2.004338587210741,1.102491093993506,0.9468118967449597,1.0567482654703448,1.3368313999566805,1.3140009083532078,1.1408797144474254
1.6304515758873612,1.283648701955556,1.3182409985423347,1.9152021455849741,0.8731342237288829,1.030273964527126,1.2482779535926374,1.7202362089126269,1.415959305111548,1.2972141585541694,1.105570267359735,1.1226483141381687,1.3376628448051748,1.3129817881722055,1.4973906907632646,1.786187909042517,1.2259364585294839,1.2743982504940923,1.5545093112776995,1.4329810409241086,1.7373579384431213,1.462075251795734,1.4924183641932707,1.3968468804442675,1.0876962133226427,1.6283274374795367,1.2209332117617244,1.3468641154240777,1.0085719809016855,1.013885933666197,1.2899458291077783,1.4298871081552684,1.0699820479752133,2.015252047544722,1.104760109426369,1.0918871376589052,1.0861510654095008,1.3449341699196076,1.3458225375616106,1.147898167750773
1.6528373462263524,1.2912743373654523,1.3300234854887627,1.9508511082318827,0.8840089279943558,1.0905003008299279,1.2880543293620796,1.7708680381880588,1.4514598043942135,1.3074555917741337,1.1246352691724875,1.1422324132069956,1.3680256377930737,1.319041131542783,1.5195162196193581,1.7973763008211279,1.244191678177841,1.2849314840230828,1.5910002943579222,1.4590694856531754,1.7493608179811768,1.4724176643100797,1.5177991736718188,1.4009437649502072,1.1018348851434288,1.644739011142363,1.2543737736896616,1.3650635112765286,1.022043801632899,1.030821815923232,1.318104191361344,1.468140128621533,1.0774469349897973,2.031232667314038,1.1326718057335636,1.1701761785709712,1.1030150720013348,1.3539684150253097,1.3622538876493289,1.167837024944094
1.6609828388792236,1.2955523060089642,1.343701999510448,1.9598185281448965,0.884012648761439,1.112962999110402,1.290191436199273,1.7976901135814398,1.4608737159984035,1.3166133909874322,1.141531458370626,1.1452814182599511,1.3983976447625526,1.33786573131817,1.5348738374846358,1.8134310582802595,1.2543357600867895,1.3037107150398777,1.6211115353624646,1.4642184473070985,1.7605861445736037,1.51162450230367,1.5423817784286442,1.421128264987623,1.1330843690879095,1.655889884667388,1.279110147137467,1.3771943616962419,1.0492723183867723,1.0375647222427304,1.3344267255345574,1.4831877059105616,1.0897956561507127,2.0595532984231135,1.1516807396538118,1.2365232519050802,1.1098073074977037,1.3649463880327304,1.377125995227791,1.2146115587822037
1.6750166325285778,1.299543398415617,1.362607914197704,1.9823082214417316,0.8889079086850685,1.2017784967586767,1.2944588761392486,1.8216326247143328,1.4920353329604144,1.3655302223529096,1.1492647144110042,1.1483489512535376,1.41158550090223,1.3428227377872748,1.5503432498566618,1.8444785101964736,1.2762524579627526,1.3145059496390608,1.6321690785844916,1.4837700804749212,1.7899786902326713,1.5221998509563441,1.5599296443636035,1.4429053423946272,1.1596465976430699,1.6755484857680405,1.3056320178501462,1.3922278135442598,1.0636965515468104,1.0485962034976906,1.3438916754077639,1.5143565266213275,1.1097194553968326,2.0759575809426245,1.1714850347883465,1.3189120931122493,1.1509128346782336,1.3921810775919197,1.4101003259918699,1.258214513909778
1.6987653898791932,1.3088687677157658,1.3822746761224183,1.990877466877092,0.8952193251023838,1.2943172900507465,1.3113231945609651,1.8620189379599248,1.5003700935789606,1.3922317572217762,1.1595912152252297,1.1513850146832572,1.4332981124783035,1.3629717526672838,1.6019485618513385,1.8558055863973528,1.2804630816334206,1.339826335874616,1.6359377813929687,1.4857670017324223,1.7987289405379863,1.5535313569440652,1.5617291736178927,1.4625355525314345,1.196315994019282,1.692338073253705,1.3137077147014562,1.4202664223791348,1.0789573391999665,1.06654760377755,1.3619882780131658,1.518260092512293,1.1282225201384928,2.0880412691858896,1.175231870503599,1.4015038726596196,1.1678545240198026,1.3940673631192113,1.4161512934631852,1.2731342903876517
1.7330870859069436,1.3138769693830044,1.4007058688564533,1.9966547457349317,0.9002583742269101,1.3290127468506057,1.328230414014757,1.8767574986068336,1.5276540015828868,1.4123564343512525,1.1871913574279478,1.1541297670508917,1.4543898456788404,1.3714627935031782,1.6308893566789346,1.8870661924118024,1.2935679868920957,1.3484417422778991,1.657321180345385,1.5009692516319244,1.8183617167761776,1.560994991780027,1.6064683617591666,1.471129889174257,1.2110201120398836,1.7106044886803204,1.3228807447062545,1.426818325113135,1.0883011894688386,1.0765420688505871,1.3677497867339932,1.5205020614137994,1.1350671214208374,2.119403388881046,1.202122752119665,1.4730264645450373,1.2051575173371356,1.400371201060477,1.4312356023575636,1.3123947842782522
1.7545399814367848,1.318291813825267,1.4257148981202328,2.008362918749756,0.9083787721734607,1.3800521841559192,1.3484145992946162,1.8882834414689218,1.5332011657543971,1.4418720537241188,1.2066871536349968,1.1566010702430143,1.4642134779533622,1.3945945222148382,1.6808829587092289,1.9050986456883294,1.3033409103523128,1.357818763998409,1.6774280115196563,1.5075062499103244,1.8260261196292804,1.5689539677080404,1.6529290070627638,1.481635978228785,1.2420393530089928,1.7187196314532516,1.3302558549295775,1.4314557762183273,1.1007188912061232,1.0862777354143534,1.4293856729483465,1.537058235030409,1.1494256217812782,2.1370533563773315,1.2188618625336756,1.522718357859786,1.215457364771906,1.4044980863100411,1.4385628781207334,1.374481452267553
1.7677995724384872,1.3207036608370082,1.4373543696023272,2.0257426324054104,0.9139453545626515,1.4412272308358034,1.3540277514578323,1.9050584428450053,1.5469469392085857,1.447318706166793,1.214926704604525,1.158861991787582,1.4806692733989641,1.4055867682280954,1.7142701893657828,1.9128902849047351,1.3115114178287743,1.3831488766912792,1.6862818156926682,1.5358759337432746,1.8422457728946737,1.597149671910363,1.6712860355587864,1.4921271049472655,1.259937314946696,1.7353889230697037,1.3522879105012415,1.4507167540644772,1.1083357081306382,1.1047720783081396,1.4543511321347933,1.5763944569358161,1.1794930292778445,2.148714268948409,1.2504641734035173,1.7521998402114656,1.227319552885106,1.4211480999920214,1.4680396544385508,1.489438598649762
1.791273383408284,1.3266471474425516,1.441030363386682,2.0352280460874033,0.9171752749789018,1.507464391375308,1.3687725758802547,1.9172987906860697,1.5480676514834448,1.472018225554711,1.2335975699011132,1.1609335888601873,1.5037221386644628,1.4221200867495638,1.726375787961311,1.9530854310044214,1.3447916616586988,1.395466506367187,1.71873537293142,1.5742665380977334,1.8452447822021951,1.6056210380872864,1.6826439572046121,1.4991589306639297,1.2803940367978777,1.7568124405946204,1.3622551315483307,1.4782190864394238,1.120495412818463,1.1175878615870005,1.471051707669649,1.5979960396557167,1.2352705835788236,2.182156822683536,1.2880314532559807,1.8246708587732103,1.2662441730080871,1.4299958265101023,1.4994302136407998,1.601103949945904
1.804492484600357,1.3324341027363449,1.4605749748350776,2.0423632596602506,0.926027026613639,1.574851621637185,1.3741351077471484,1.9244836046813443,1.5607992408856086,1.5326523711222935,1.267722957762134,1.1627368924652195,1.5247575932391433,1.4310317932022114,1.7478094993595519,1.9717363267726657,1.3574831531811107,1.402869840106756,1.7210842386237817,1.5813012962398165,1.8509469747589666,1.6426927804711278,1.6937196022805385,1.5135903383305405,1.3122742952308561,1.7704780994534948,1.3968979151238767,1.4996341170220502,1.141558204429517,1.12421648955696,1.512634396949576,1.6086695978476504,1.2564534915212433,2.2017346399464475,1.295304698214944,1.928933334349716,1.286165637529038,1.4503985146694196,1.5207737897129654,1.7032619429761313
1.8428916904432016,1.3370251936217707,1.4900489700907442,2.0654490422827085,0.9269762487442418,1.64000011431342,1.4041044996026397,1.9376885285693335,1.568957209402715,1.5806184463812012,1.284984091470682,1.1640449850520014,1.5365473854422995,1.4508881297691223,1.7612559265830983,1.9775012914046675,1.387527824889394,1.4278873894645252,1.7529187899465717,1.6209616085702787,1.8590194729987812,1.6482499408025995,1.7039244908842883,1.5474939835237225,1.3453544697039028,1.785709915493951,1.4181911586884193,1.5186170494548832,1.1543205747278193,1.1545635797371236,1.5249260582151796,1.6225737796797968,1.2820874694930249,2.2133569334756964,1.3331701413312922,1.969068968879308,1.3250888410947825,1.459195980809475,1.528223684224628,1.7843814496456547
1.8706005775293115,1.3400416652324276,1.5056816639123254,2.0778728621076388,0.9350085852141408,1.6992602972352073,1.4357420534972924,1.9462622779865706,1.583334836117567,1.6130328425412621,1.3106240238679208,1.4239616956179857,1.551958474505827,1.464815425603683,1.78844730388137,2.007181433179155,1.4104176188561095,1.4319206728543856,1.768958723337178,1.6458219484661765,1.8757247011018665,1.695746100282898,1.7163295135350487,1.5701356708133725,1.379699361080838,1.8005766425288026,1.4298710611425776,1.5384606982398321,1.188631560317843,1.166020014919923,1.5736556820401981,1.6278963803080657,1.2843510443997355,2.224253704202415,1.3526400818229027,2.0245700785750884,1.337659697054289,1.4668725706725136,1.5605717228718867,1.8450686363460094
1.9068578936378415,1.3445269519271161,1.518009362539681,2.0921629266342423,0.9405562848161584,1.7480576480816794,1.447748712135726,1.9594469938474477,1.5992169590920065,1.6432232651707388,1.3248316593948257,1.4317013148540203,1.5696084850350882,1.474617065288592,1.8019435021065546,2.0342283136530646,1.4287337898581973,1.4392776998641967,1.781904217078,1.6476078871975026,1.889799369931825,1.7081182348844623,1.7465493797647957,1.5831431445706863,1.395962899619685,1.8255037932453775,1.4393970800797493,1.5753949415281787,1.2413444598381205,1.1844798755923676,1.5931939375075854,1.6618719691304287,1.2953453581559617,2.2417096308119526,1.3667049101137796,2.0443018143285356,1.3654000406032383,1.4811758392478909,1.568570376754903,1.8709732664803733
1.9474466367689098,1.3502048457908855,1.5258828249076113,2.0937793064963057,0.9445586612460527,1.780839452552276,1.4996964486293387,1.961531997328241,1.6132362250934185,1.699544655172808,1.334369230089637,1.443756295955103,1.577010844441321,1.4939927717098644,1.8284986179585647,2.055174273943588,1.450586800327101,1.449614636732884,1.8111128371755614,1.6992249134272237,1.8969451306918643,1.7149444778113103,1.7603501756019915,1.5993312724903292,1.4141991636822766,1.855708127856959,1.4527779068065616,1.6049649685984617,1.256773071284431,1.2238202899001813,1.617601062932031,1.6723734457338153,1.3118773292756787,2.2698888661921237,1.3841911910753202,2.0522709598154263,1.3816102151228788,1.4891305080426416,1.5757327995651251,1.9119336393869106
1.966528265245493,1.3548719463932197,1.5361057332846197,2.1012816907904615,0.9463897829220136,1.8253059817866786,1.513328203773624,1.987249787132536,1.6285244019365495,1.715714047547766,1.3840976606339983,1.4588222540996287,1.5889027063813985,1.4974725530518225,1.8357621207223223,2.0756878429997574,1.4593538764062148,1.4642949210303882,1.8518401664668644,1.7187840499490084,1.906084506084257,1.7307069018024208,1.766411251209256,1.622875625955191,1.4494194408312615,1.875081100330305,1.4655572914141244,1.6103793029337725,1.2746044950546862,1.2618395513191223,1.6293074710367865,1.6929608214208978,1.3312381205765564,2.2797350836341135,1.4047503140151,2.0889820662373486,1.3844634528817112,1.4938519429066124,1.604191872443361,1.9283373364458931
1.9857623883525284,1.3573186368517631,1.5535265752869918,2.106067991537303,0.9545007965616945,1.8800923529354465,1.5358627064219128,1.9977636459800436,1.635054874584075,1.7680207059249844,1.3959403311129048,1.4737579130754352,1.601350153154544,1.5035024614619306,1.866978969120491,2.090601181545178,1.4707101056026601,1.4884821200137361,1.8782845494777125,1.7402239166513893,1.9227273506812474,1.7544548012113725,1.7894528552160356,1.6444629200414613,1.4532296030795562,1.8807800109894224,1.4760936114812848,1.6355501713320657,1.294496950827048,1.2787264943411978,1.6398757978845298,1.7215441006227523,1.3884449363174225,2.302572985482356,1.4125045464447972,2.1191579799162206,1.3909812527701686,1.504143771327647,1.6195788580861625,1.959242928174883
2.009922091900325,1.3646695382614131,1.5709388002784592,2.1234730488211038,0.958151051893459,1.8909276742000127,1.5368668060664938,2.011584024443626,1.6461551291600272,1.7959412682340046,1.4364307117032946,1.4871980075120352,1.6121294893497586,1.5192437841201771,1.9280464654874856,2.101940666727313,1.4863653099583594,1.5075479731904546,1.8937115934037465,1.7498375709947407,1.9437795933428217,1.767157695905741,1.8069001606533683,1.6566671629125007,1.499434197479153,1.9149141253076223,1.4903006848380245,1.643818548582321,1.3031945052423657,1.288026091849586,1.6695914562523804,1.7384524402154753,1.4052783812388672,2.3139095694604057,1.4281832146591504,2.1500865911195604,1.4024429888542962,1.5234736842988355,1.6426813383679182,1.9691690583759665
2.025322822781516,1.3787249775651063,1.6142088871362215,2.1416142465041177,0.9656557092601777,1.9315209854855222,1.560385888245295,2.01787516826829,1.6533427919921106,1.8501918410711276,1.4610365318369145,1.4988151684393125,1.6184067012806245,1.5257790311583823,1.9674528340369044,2.120522662580845,1.489074413397173,1.5311845129598272,1.912021223432205,1.7684110074891544,1.9539782570948834,1.7764013096583626,1.8419581112445904,1.6784320632380598,1.5162304392433652,1.9313594548216733,1.505385165436786,1.6772419123471622,1.3221195007015545,1.3314710197876594,1.7042841044735095,1.7476553292713863,1.4389036877275845,2.325956844180329,1.4425116511358385,2.160869773448049,1.4201507577284334,1.5480536289579496,1.663851510632898,1.9925951046841832
2.0824132342170594,1.3937218549233015,1.6230573926926264,2.145604608888914,0.976724248894864,1.9462716167032286,1.5696598719191963,2.029855077121684,1.690682338366897,1.9152764977668935,1.5149340088981762,1.5086343773672128,1.6288562710823433,1.5422203259666702,1.9724169659462147,2.1232898990518856,1.4994422041799798,1.542287801565195,1.9658026630676886,1.785411768924781,1.9623502234636752,1.802426388804419,1.8599644446676151,1.6983571238870263,1.5446858090001503,1.9536271606238944,1.5134134585197692,1.7074926931280119,1.3488167403091849,1.3646233160177537,1.767859710651858,1.756299966592329,1.4809045665453946,2.331354496004488,1.4581899803656013,2.1834821412831817,1.4424164354463502,1.5520027942562284,1.7098912657510865,2.004009797521192
2.1132167262954837,1.4275980595037974,1.6311356872368703,2.152575816380706,0.9796879145524238,1.979778446492714,1.5839942145774408,2.0545634472113594,1.7055885941453799,1.9828741004102695,1.539435049266374,1.5166713055300236,1.6380394720240996,1.5441254736442198,1.9944887098003452,2.165983759571268,1.5090968568427352,1.5499504582129715,2.0419782416019827,1.8163605022550848,1.9635526253081277,1.8109302198783301,1.8632206075675575,1.710422154648351,1.5718135030699054,1.9897398493480833,1.5330814595175297,1.7502439089110986,1.3859544294917525,1.3706506540203571,1.7876242889235234,1.7769906928704973,1.527336421209472,2.339762072752344,1.4795674627093958,2.19963315239832,1.4672677473930689,1.5637018308860176,1.722266865852609,2.0201861749863026
2.1746506084860315,1.4519261572523676,1.644562681377474,2.1970072645492214,0.9912945506257853,2.0117096740919687,1.6168900719306323,2.093337423156327,1.736433399251937,2.029799989405991,1.5867818299163252,1.5227860916509957,1.6494468057391485,1.5555953175616182,2.0035335279104705,2.174495428488941,1.5500961218373974,1.5666170017609904,2.08223122103913,1.8668986798163143,1.968746203716387,1.8312437933306027,1.9113141131989286,1.726664622435275,1.5922241495064762,1.9988863561044619,1.5462452364259685,1.77731079356527,1.4488758709789027,1.3844801696773354,1.8118147123323431,1.8084490622093192,1.5475702389582828,2.356859654317868,1.4932112397276607,2.225622114888158,1.471454720153642,1.5728400562205396,1.7264413463262251,2.0225582946603304
2.188940051519619,1.4666823344190625,1.6800811918804068,2.2003102020958463,0.9978646251295267,2.0286034058141893,1.6333608871706997,2.097448070240889,1.7438364341794592,2.0696968667286946,1.6376174661131342,1.5266797359157929,1.6645199630040124,1.5695379422708708,2.025637842011386,2.1908733484736787,1.587524469779941,1.5878982015762766,2.1022647181265968,1.9002592517241421,1.9776118589705587,1.8414528625072726,1.9437212234182129,1.7463766736061679,1.6179152583389973,2.0354816332591525,1.561764421312262,1.809947372799736,1.4535388920689718,1.388305108177097,1.8317282631269383,1.8293558858295476,1.5559792322475656,2.3842250787086687,1.502870238009369,2.242563577419002,1.5162988455133057,1.5824425006495548,1.7365051811754286,2.0291816790262187
2.2267481871809633,1.478068568371036,1.7092239747510745,2.2061411534438338,1.012428921697065,2.04093655089976,1.6488241991190682,2.110652841629814,1.7866352850155673,2.0865234114320206,1.6680920159796317,2.0507969694843173,1.6802775592416943,1.5749708171854155,2.059483708261391,2.2187158671211287,1.608847050222487,1.5898251264586851,2.1196911412487562,1.9034734113704481,1.9874936396326008,1.8430351088248438,1.9653254295108655,1.7969542259589297,1.6312215479298318,2.0574766784218257,1.565249102387919,1.8291203750330862,1.461286245171959,1.405582772489342,1.8831324568142047,1.831795726100776,1.572984440459743,2.404233725199041,1.529378743766549,2.270921143957065,1.534206139381579,1.593197929831004,1.7583581642280794,2.0310026873034013
2.2525766329924783,1.6409236504723745,1.73398006246642,2.2075190632856736,1.0231633594578455,2.0686583546612236,1.7099009104676266,2.117802152983038,1.8368658346134568,2.098544279628503,1.7084274296133044,2.086258553434682,1.690884342445383,1.579600146932448,2.0744975969168955,2.2425202256125654,1.6535904093968516,1.6018300335734579,2.131318874923778,1.9718931013470935,2.0093671685589682,1.8671868559758367,1.9769069937922863,1.8119615193458918,1.6510170671868178,2.0748351265425784,1.5813101379231718,1.8500376488115304,1.4727177501009612,1.418130152051474,1.8863365461297354,1.8432392931466575,1.5877283880782938,2.418339003533416,1.537402391725948,2.2826405480814103,1.5436986045432162,1.6086128325329665,1.7627647223995797,2.031920097880609
2.3189111861544953,1.7702895151665656,1.7397291469606166,2.2125953822691597,1.0405728466919837,2.0799737392217708,1.7227672568906607,2.1212623425750587,1.866077615251488,2.118570877105286,1.736772354201583,2.138786436069248,1.7002478240469185,1.5869772102898836,2.112086521139952,2.25308061373734,1.6728721850605655,1.6056775274731567,2.1351800628076423,1.973616596987951,2.023989178994715,1.8761048868263763,1.9929614720303643,1.8374482411223687,1.6678552020381938,2.1096829468815455,1.5844712528459095,1.8981057739900629,1.4831161945281433,1.4311411413467734,1.9447137393260143,1.8535191598314302,1.599676399435014,2.4525853863360054,1.5452878661474008,2.3089715923061815,1.5511785849057225,1.6256114108601492,1.7764416344787786,2.03803357595899
2.3613918581041933,1.7919971817204154,1.779313623783702,2.2188103590798165,1.0513848688011254,2.096602988624253,1.7485333343822989,2.1295605322097573,1.8884660921984555,2.130525906270774,1.7759002998975555,2.2084619458242702,1.7092214563880392,1.6025366647359562,2.1311053754136564,2.269831768641691,1.6940754164103125,1.6137243093285893,2.155456520446022,1.9903011806504407,2.032191454500593,1.890396638281115,2.0091135367804074,1.8689247483082168,1.691606610665757,2.139251443350141,1.5923363367244174,1.936818019785351,1.5074717854467106,1.4397195735796178,1.9633234040436898,1.8814246108245551,1.6339052345180463,2.4653405349759923,1.55790743828879,2.3162271814917124,1.5732319367957077,1.6323987634826331,1.8043085848186453,2.043780159608482
2.3986570316553966,1.812754765196902,1.7955431819884675,2.2582196111077013,1.0620495201916673,2.1062196218970213,1.7566358694319537,2.1590919155089923,1.930274891357239,2.1471248623865997,1.7981403243085075,2.2187391749177383,1.7625939750312405,1.6141579080765454,2.16053429785491,2.3239304802846883,1.7120234923234627,1.628153729317863,2.1821240027929534,2.029631375105062,2.05137586683364,1.9204362093404432,2.0251618081190483,1.8991048369235461,1.7428694835188565,2.1619073414753736,1.5955584484240575,1.977275190836575,1.6092306861807206,1.4590567666402934,2.0551481961849025,1.8948776970848402,1.686072731227421,2.4717285804823104,1.5786438403929706,2.3278791045902967,1.5827962015286714,1.65777382825222,1.8237798992350867,2.0516169230697345
2.4168436197535788,1.8329064320218025,1.8321029731239176,2.259987562606556,1.0645966225387788,2.1148777038905946,1.7835418442694404,2.1633984299620184,1.9632712829548375,2.152856940086456,1.8179052091758725,2.277936781369504,1.8195831386951418,1.6184701703455397,2.1900404905730175,2.3532993684312524,1.7299782681321008,1.6386677628516457,2.1883847968935135,2.036552594393546,2.0673190007149,1.9632994243331814,2.0399609008196995,1.9098054509769955,1.7629214257701153,2.245022157304214,1.6000740598407166,2.0130987655191914,1.6225486313835518,1.4886874205990943,2.076461585080452,1.9220150376671443,1.728347908686207,2.4926713399826492,1.5972364759362385,2.341476631638028,1.5856228253976898,1.6619372298522386,1.8546328997376007,2.0636871185533647
2.426204355393498,1.8916136036011157,1.849007233194044,2.263924350360121,1.08005541956536,2.136924962905686,1.7931260715375306,2.198139619091314,2.001454860963962,2.1587136342318414,1.8636272449387117,2.2824855951934717,1.8979746095988095,1.6256161851600353,2.2043636701094913,2.362831130038716,1.7399605826743767,1.6710262618822829,2.202193267543908,2.0686598186206293,2.0741313753730366,1.9821138178206295,2.0423551558393016,1.9218205712805554,1.7711677722675938,2.3342044156106656,1.6127726273522778,2.048981582192718,1.632666521732407,1.4916718253003665,2.092402363420199,1.937181605331621,1.76578108017181,2.4963269679511817,1.603737046645057,2.368354654830067,1.5954212622503454,1.6700725251136652,1.8709985695556544,2.0704001917277433
2.4674139147704355,1.9163731824256844,1.8691118994398397,2.2759459323756026,1.082488965630419,2.143890348660672,1.8020693261201008,2.206916741496597,2.032340412075905,2.1800635490645734,1.893128229022624,2.315655538246184,1.9371909692271205,1.6344482422087758,2.2279557155566163,2.3864762289243404,1.763449257056623,1.67373335702422,2.2076567898407293,2.09125883959514,2.097914284444068,2.0091141091169873,2.0549158478303675,1.9740035619809495,1.7934718744827067,2.4140076639579346,1.6292330282050937,2.0801963377881805,1.646307395565794,1.5195444210404432,2.11779903969513,1.9497003901183023,1.823420374258908,2.511583125919895,1.6089934184541312,2.388591418061283,1.5983274936109322,1.6747255679874467,1.8962925408392353,2.0857066772505783
2.4722904215437067,1.9403014907655496,1.8842906638455799,2.2908037237603085,1.1060209781217516,2.1540764226092186,1.8058867953871427,2.220841855372103,2.047873206838473,2.1866732325160765,1.9139336709288326,2.3391690347364995,1.9718945719857077,1.6462230131316067,2.235379612134918,2.4122872847284444,1.7770134733371252,1.6813548057765766,2.227210260589926,2.10410372934252,2.109884118520569,2.0165133910503794,2.0881763987588973,2.019229099990682,1.8597450399944442,2.4483315992714814,1.6436143138812649,2.107420564478844,1.6637526704256138,1.540690044138255,2.119607832323893,1.9712200690642796,1.8290071544248463,2.5425239179763985,1.6220506018368557,2.3983340944572697,1.6197345215930365,1.6997424421635303,1.925848341415,2.0889714442211047
2.485329603211212,1.9673509176109392,1.9066688659863695,2.299068996555694,1.1101405572779313,2.158770054547715,1.826342240173639,2.2268307994594965,2.080372944142064,2.1920578642224267,1.9565703532132261,2.3458663879025554,1.9991401575910277,1.650961241751879,2.246362604109359,2.4146277528033657,1.7938030841614194,1.717119990804528,2.239992307252569,2.1320487472484055,2.1375959877016526,2.0344822411673364,2.104205261790862,2.043203358383836,1.8674593998959486,2.4749984004590746,1.6441317944658966,2.1298572582389674,1.6807508880418323,1.5566045211838626,2.137465287679903,1.9838394440323743,1.8463414710469277,2.5436906297296846,1.6285709269307358,2.4145343370942247,1.6265841351234547,1.7118814928335035,1.9466030766145395,2.109110551009054
2.494631425604206,1.9803048423619827,1.9188209831227325,2.3020213040083144,1.1337017672453242,2.1635976281232088,1.8330320207013944,2.2410733746870983,2.1027234660432184,2.2062016985335418,1.9739144377402464,2.3637424809810583,2.020512673338983,1.6702335240695358,2.266217801125685,2.4348129204683073,1.8233865446494633,1.7265852018795225,2.2587886712204974,2.2057712752205774,2.160784752659771,2.0499921808153316,2.113047544447231,2.0831736119426467,1.87734413370439,2.4991369861509587,1.6719532837334468,2.1557115245605423,1.7550561195612389,1.569669970900972,2.1672855230635126,2.0002452496758205,1.8679748712673419,2.5459346564845755,1.651516229565919,2.4264202804613313,1.6410521242382898,1.7312016668456107,1.9634958034646943,2.1303487177206355
2.523314028519402,1.9928691340192548,1.948605261436889,2.3059251443769058,1.1369113395834318,2.168884290009522,1.8540791141406288,2.2491759278834795,2.1190371427811754,2.2221064031586133,1.9876549057616697,2.3872612882449094,2.0377823207768317,1.6754823600160986,2.285460106102832,2.4546582158422487,1.8326355970938208,1.7399238230576288,2.2740328747768257,2.2486670495464343,2.18420569027253,2.059246927815284,2.134977138859935,2.1250863300271585,1.90130087715237,2.5244387828673505,1.6852032934179044,2.2053918205830145,1.777827664614345,1.5835301195799212,2.194639555995177,2.028715285329932,1.887439270723618,2.5464571390538344,1.6614659545842339,2.432802854036809,1.654389652730236,1.746904863352797,1.9745216777127101,2.1353175377992213
2.5435132286012214,2.0486653088297118,1.9654772498746649,2.3142713973488536,1.1556631590320092,2.1813614165107187,1.8623257310327057,2.267841484420521,2.1431297988829634,2.2289943621548773,2.0293953294643408,2.3957614145840904,2.0521315951971815,1.6989376095824142,2.293374848450459,2.503151953175052,1.8671837965924925,1.744576399760173,2.2879143660331396,2.2902487679473915,2.1925681187247665,2.0735941899801245,2.1615682163779835,2.228975825397004,1.993146241413088,2.5624043597547708,1.6870961584872068,2.221754756984122,1.8011625514988845,1.608381430898634,2.209289778747786,2.0332057003419393,1.922689804506534,2.5528046589077684,1.6786412730479154,2.4496643211147826,1.6585512156981768,1.757191739835986,1.9897969174229324,2.1586987534059996
2.576655708221902,2.0778359365334764,1.9907344801437115,2.3205464068361734,1.1628708342098946,2.1856155616592767,1.8879247646730457,2.293366066779148,2.183153160070324,2.240559363047216,2.040767824323643,2.398372359151814,2.0640881082984674,1.7023244144351672,2.2974353083313312,2.5077200669223365,1.8863616340181204,1.7558517095677555,2.294878868732351,2.3513705015870245,2.2182248195144805,2.08035395653286,2.189545405416708,2.2788236495986047,2.012603530942595,2.5906516826744936,1.7063100636555215,2.2336572944270627,1.8257743022501682,1.6325780603766757,2.2532988333515194,2.0403696923720758,1.951845185943155,2.564733383422743,1.683681613888953,2.4603518620460676,1.6661720042878594,1.7640033212915902,1.9964417939121388,2.172835221343551
2.5813085599369336,2.103877348656534,2.0054746134710277,2.3284071758681413,1.191021850284627,2.1931996448685593,1.9081966532621493,2.309013829458986,2.191497631012077,2.2618718422946604,2.0579379780477693,2.406453567863207,2.069076706374091,1.7265796522251873,2.324052829151997,2.5174121529684115,1.914874518080168,1.7583527169446937,2.3072605817297003,2.376550067457775,2.257245179133985,2.083881127577171,2.2365986849317876,2.3334682671359377,2.047978582798018,2.600028602169574,1.7174631230062578,2.254198356316653,1.8546995992650286,1.664514235226722,2.263722870538165,2.064511033382763,1.979669830189942,2.5764661784321112,1.7047683502632311,2.477062797238196,1.6886846198287748,1.7815350690663918,2.0089716142153686,2.1964320125722265
2.5984312948508177,2.125399917227507,2.0321900836850584,2.3323906906962324,1.217923823137207,2.200067442421458,1.9161484734521257,2.312276202367055,2.2367555238289865,2.2716379416563246,2.071096385963591,2.424044597439215,2.0735392060169935,1.7319835120746088,2.335622341151983,2.5584057870719557,1.928098480841236,1.762099949995659,2.3212783900359644,2.3904633531770516,2.277974901185442,2.093777714204894,2.2408659374396254,2.336606252251276,2.0713508275137373,2.6056936263239154,1.725753806614101,2.2691591791132573,1.881110080080346,1.7075080942236105,2.2826128568733344,2.091288896418683,2.005776081035551,2.581542372634985,1.7080846238347278,2.485602992696958,1.70815423152058,1.784194451851501,2.0231864648670697,2.2054669620466343
2.605757745011039,2.129538843461433,2.0662488031844015,2.3383114949707626,1.2420677421563597,2.2027013792113346,1.9469470849414683,2.334807944071759,2.247558540657175,2.279111390854334,2.119893576567633,2.432212722468149,2.0797498709895548,1.7517837313635256,2.351077956317373,2.5752434405548255,1.949780730746949,1.7754145841429738,2.3331495430331723,2.504989373878079,2.3078333424657544,2.115628991465044,2.251659508903777,2.370820003430714,2.177070635332833,2.625069301699019,1.7490132548275397,2.293727161191904,1.893555384248907,1.727652678953264,2.296076898645203,2.094137214480626,2.0488891193038397,2.584825970825572,1.7271054599564244,2.5028188960953264,1.7239514333783046,1.79845112073203,2.02738672029112,2.2107877901217696
2.6182126154697385,2.1477601518845115,2.1076933632356467,2.3500408588877755,1.2616069753033798,2.2119999787660585,1.9516110642896005,2.359557415662011,2.2712984292874654,2.290613021363671,2.1350800603913824,2.449198043949651,2.106118548322029,1.7601944799054203,2.3801978884182504,2.610602667489846,1.9664854507292981,1.8204035690407856,2.347811152043339,2.560410215764794,2.342942961131695,2.1307073354061696,2.2855974538707713,2.3929836510120444,2.1833290594041816,2.637554035392094,1.7611071801691351,2.335859074118548,1.9265856571800923,1.7317878119487897,2.3181911448470904,2.1122223858277454,2.0628281721841017,2.6081581660393653,1.732718499839643,2.5084827819865207,1.7268892289878885,1.815726943462788,2.0518605729877746,2.2237769858720395
2.6314590152383457,2.170967363736697,2.1332009748002436,2.3590009079853176,1.2744884627141608,2.2132364060159353,1.9757330337518435,2.3643466440501384,2.2780107665352523,2.298747236153934,2.148229234695724,2.457338342626641,2.1412672352938427,1.7781218440967625,2.396917831869545,2.650682153549249,1.972667771572224,1.8264574016157367,2.3743175318570064,2.5771638597144344,2.3893283848576927,2.1474668803154664,2.289739178206645,2.438687727091489,2.2794700466242013,2.647252570205913,1.7782861168484325,2.3771067413796647,1.9302665850704999,1.7386841524724252,2.3303433330570105,2.1746253626599525,2.1113391955343457,2.6177119638051214,1.7463261034179138,2.514992931830871,1.7591202967624229,1.8501097028510498,2.0690596545485023,2.2288267663450485
2.651272198672596,2.1925233643645843,2.1678756644705075,2.3718161052847813,2.060908853719208,2.222610214344151,1.993094866540336,2.375371922023184,2.290566435264759,2.323025128766335,2.17798341734261,2.4735173162491564,2.152137823124887,1.7876493575489376,2.4254360446700853,2.6996036883610395,1.9782428671553762,1.839753476690461,2.38971711747552,2.5872152067047143,2.5003976212057557,2.1636838423052156,2.326019257378088,2.458899057696197,2.339549019522804,2.6615014283425276,1.7861325350910717,2.431890968629878,1.9609325276129135,1.748160205780931,2.3501233414800144,2.180038808303515,2.1192054535287785,2.6446950948796095,1.7530953842911035,2.5325208482987396,1.804173131094814,1.8917011883296067,2.080515995953674,2.2452464333998843
2.6698752777840022,2.2361833397313964,2.1958380112544,2.379105276124356,2.08478186674763,2.2247306437680083,2.008434302058047,2.381893751051702,2.312354926635689,2.333014074580017,2.1927445084703674,2.474307729403913,2.178303429904922,1.7933008515580677,2.435361961412937,2.7313440230486337,2.01557171159834,1.84571404806211,2.401170414383351,2.6050923668034813,2.591819057547617,2.188588635377661,2.337076002018534,2.4649337815969563,2.355128689129107,2.6661755064128534,1.8051420600487478,2.4420817075013534,1.9810941186496207,1.7592943747781764,2.3635491954476517,2.2092531412484613,2.133203208794256,2.6530355760753634,1.766749974696576,2.5447517467195957,1.815244681772042,1.8926533579470322,2.102008683803445,2.259134375121081
2.7111525899875817,2.2538381301758523,2.219373093153673,2.3829911762029874,2.1395246341634753,2.2305754673132143,2.0191592306433828,2.392873485108972,2.325972777753065,2.3386813646021456,2.2131478748830884,2.4755588895390654,2.2045154747557962,1.81885580400809,2.4373985274372747,2.7706780962388935,2.0562338581558883,1.9064541293547446,2.407020091290265,2.61181820784146,2.604167740953864,2.212959692931985,2.345158323119522,2.4834273837949086,2.406080193294467,2.6702662206562913,1.822196921831305,2.449848817171555,1.9944388083873918,1.7705861744172557,2.3883287503722284,2.2317877916585407,2.144131074930268,2.6622360351597862,1.7721311917997236,2.5584341615967165,1.8363385045715133,1.9185867561403815,2.1189970510196456,2.269522175371783
2.717190011254408,2.257430653466328,2.2990117696243124,2.3892678173974593,2.2162187810161074,2.233127528629777,2.0520194620826264,2.4131973916430365,2.349745744851126,2.344702610583106,2.2299145756628937,2.4825341631672835,2.2263190670914597,1.849507385877585,2.4413712415350823,2.808653937030932,2.0915491690527657,1.9164537770244516,2.4266154782903704,2.6287152344155174,2.627391641437515,2.22184493370431,2.359137586423127,2.5278827830194146,2.4691743715527634,2.6802043673465725,1.838466115830041,2.466136958389996,2.022970861202227,1.7837935402287681,2.4115341224375273,2.2514976907528057,2.156582764202396,2.674373619267145,1.7776735439130658,2.5666287924252966,1.905094205839377,1.9441797345523464,2.1328030462484553,2.2836462011753547
2.719811005380489,2.2958821474202376,2.3421934264216646,2.3973332549496673,2.2728366056635756,2.233980770983444,2.0774140915683494,2.4209722995526928,2.3637015436474105,2.358559804838457,2.2827894428716298,2.5104078848642306,2.244464160924451,1.8778910192809601,2.448331935786631,2.8582960040345493,2.1188181733195255,1.9270509537419995,2.429802951101548,2.6405989046879004,2.6602369322669577,2.2370356592591047,2.368740145367071,2.5318426458308783,2.4749701856622988,2.6827813697439113,1.8428085693692335,2.4905455929989126,2.03564042904174,1.810414143580305,2.4394369371170628,2.263309286492661,2.1743490270905674,2.6909688691808022,1.7895813000299756,2.5858330187819982,1.9190908709907262,1.9598182111194684,2.1446807679231177,2.292803448484189
2.7295857507625767,2.304301273091313,2.4119466874078026,2.4066527514931852,2.289061275707248,2.2381008208544992,2.0850430652209013,2.439225813595776,2.3697349647436527,2.3654236090997665,2.299482372570075,2.516931581066423,2.2593116551264725,1.9023538155443227,2.4529635564250083,2.8798635905713366,2.136061398619673,1.9563653544145156,2.4405779533311747,2.6481363184272313,2.6694031960570967,2.244636252035308,2.3744646435766734,2.544985301453482,2.5739640383687603,2.686876762044474,1.857857757732971,2.526746921383826,2.039839858939604,1.843405211844218,2.4915847443955994,2.284212327498606,2.1855982854468636,2.71210888248163,1.7962391570862606,2.59240486656715,1.9985055784878631,1.9872576552992176,2.147893442370554,2.2986266541709295
2.731295136796407,2.316881821376983,2.4302879596614217,2.415916927559926,2.3060937605175855,2.2573679949032166,2.0952579809531904,2.455469444714372,2.3741397597509786,2.3798776217924127,2.3096657388535626,2.5283407823919806,2.270548643336329,1.9217722045373058,2.4615671072083196,2.898711272240658,2.190784679576753,1.9663741243602957,2.4709122907291823,2.663080358086304,2.690363767660733,2.2597211742095102,2.3823622007092933,2.592884035599399,2.6222240331549003,2.6933328557922183,1.8777798427699703,2.5566714491186207,2.0608822538322413,1.8468519542961683,2.499680128115833,2.3216938274881964,2.206664486009035,2.722450288736306,1.8064620876972235,2.605749069295705,2.018773302800285,2.0036502023615714,2.156454110198171,2.3186445668515065
2.744514707953674,2.333395842934932,2.4694905031933354,2.431411197116256,2.338428675396165,2.2648082688833227,2.1046004577586688,2.4625189352835997,2.3888394215842927,2.388197728606389,2.3326576015299367,2.5467703264730854,2.2774018186291145,1.935726613660762,2.4630347675524353,2.9176804913165704,2.2230747020781076,1.9696808261772483,2.4784975149626822,2.679372351856653,2.699371137075517,2.3054810949432625,2.4002358934308825,2.607914127246814,2.646002324364515,2.6960337941665764,1.8930544568771572,2.5815007958040175,2.078968857945154,1.8714399734460945,2.5049300885363146,2.3419804625454965,2.252017058654714,2.72586349539126,1.8218278179593326,2.6278843836391084,2.1340283557770325,2.0564756288237467,2.1611493582729917,2.32261400328105
2.770926528846566,2.340088295657501,2.5060769339992324,2.441043190674925,2.3918997104818054,2.2718421158949194,2.1393784781396876,2.4714433800666136,2.396689316608985,2.397541267715459,2.359553917322334,2.5763145582834492,2.293773752205242,1.9441050434458675,2.471204857011149,2.9384922402049307,2.2482005234431983,1.9812431342021806,2.485853607073316,2.6912537924299,2.7162528165271653,2.331872264855683,2.4161393262881994,2.6181846996903384,2.657300791965202,2.7055335356077275,1.925752872678274,2.596409227994487,2.1014972381196255,1.934245571712647,2.5111405718607878,2.3588532106936473,2.2597137549143675,2.732357169878543,1.8260642371297848,2.631525630222046,2.243651033041472,2.0720355756769893,2.1694630529241876,2.3402676882455267
2.773388424503207,2.3629523536517967,2.528968140496056,2.4556304469435735,2.4076983388709183,2.2744569035830655,2.1619401887270686,2.4889151724517853,2.4318356111996335,2.405938173859353,2.3755528776147665,2.583401044510152,2.31225709414741,1.946813071281665,2.474554608204304,2.960236132441028,2.263647435588054,1.987876423273845,2.496609283330283,2.7104818668508783,2.726519856256163,2.3691435770169944,2.444914711168142,2.6202307493436074,2.679393991925183,2.7100664222231976,1.9309534683610476,2.6110181521434725,2.125227930403825,1.9736878352130778,2.52876698227909,2.3777985061142917,2.2696594260963723,2.7368743743435595,1.8383101102443764,2.6486339664581595,2.4519171850835493,2.1030815913909744,2.1824307116128927,2.3480379525145034
2.7926621960527465,2.373488740734881,2.5569441854182267,2.4566734852620558,2.473154161483302,2.2803747278529016,2.1832937069209017,2.497968037875168,2.438902935292227,2.410821128352052,2.3906419318081022,2.5880722509387164,2.3313865721444786,1.9595095770433029,2.4841983491001027,2.9793115108863697,2.2724392973578276,2.015059167859502,2.5030396086324638,2.7211778400749047,2.73433553661851,2.3767089204429,2.462266294597126,2.6475653992033283,2.6928589390722983,2.7206604065211986,1.9429622991336917,2.6266691525638888,2.1345730973506245,2.0145700055926694,2.549861807406041,2.3944718521397164,2.2818846908860135,2.7461687330514684,1.8610184380644952,2.6522401103228312,2.46016496627757,2.1281359285821915,2.198440394737413,2.390655365706756
2.814236264062304,2.4174110773629183,2.588324436016485,2.486133944144177,2.48686202878587,2.2856265204559163,2.2072614741095116,2.5027596192347596,2.4580356554985276,2.43017808819806,2.4072842412908364,2.6016153744866566,2.372320846326226,1.9823114356991811,2.4889958064351627,2.992241082756663,2.276906992426237,2.0177411753360506,2.526645898960537,2.7346310699694234,2.7581914483999688,2.383504329758363,2.475945321401298,2.655108964512716,2.703484687172542,2.722680548890474,1.9742060119111082,2.631991607874444,2.149736153495677,2.0476317148173253,2.56228716860773,2.4193643877823465,2.3077992718958216,2.747382070740102,1.866046987643676,2.6703544926828946,2.5198397256228553,2.190897638730723,2.2044955371869017,2.4104664436171417
2.829166519718871,2.4273237051272583,2.6137082903263194,2.500868694141488,2.5122235561271204,2.291179055782061,2.253529507955513,2.5095228045099285,2.47318483858831,2.4449132543026635,2.43780977230835,2.6027609071916484,2.4100876137126233,2.0131249245360214,2.4979744313643164,3.006780549114592,2.4494481803795587,2.037630581196972,2.537400439441318,2.7489091359726614,2.7646394699114474,2.3913830461748877,2.5107698895527295,2.6802567922673775,2.71476956083105,2.737439818929289,2.0013402430878133,2.6464024112681757,2.158702748883285,2.0707376070794683,2.5786548046040694,2.450351577408298,2.3098729327833407,2.766684686228109,1.8841357767128861,2.6856178987996366,2.541538010081912,2.2409168238084467,2.2123672036435122,2.424254608717179
2.845213199803878,2.4403676466055146,2.628203700053716,2.528986490625968,2.5284507842778727,2.310106300008004,2.2692282296421102,2.5208435594147063,2.4853192009440486,2.4635405846456595,2.4747834231595647,2.6517294778721627,2.442322965324787,2.046229021250833,2.5103909181330053,3.0110104252909053,2.4557032463162165,2.0623527052145185,2.550602880755229,2.7557787162665734,2.7731816389902226,2.394583570351757,2.546152843695015,2.6959068736833474,2.739541501184414,2.743019207928968,2.013528994907055,2.6492670288557227,2.187520626970735,2.0716362642034385,2.588139172243325,2.4703377274947744,2.3564067177398593,2.782490668927077,1.8978957039949162,2.690997086408078,2.558959100639264,2.283245041017215,2.222411784540063,2.4511075338656894
2.8494028145740202,2.4635363104120183,2.647882679041025,2.543456722633506,2.5437966082177765,2.3290031075714133,2.342013445027268,2.5427434313064823,2.495395513274793,2.4783632845932164,2.47676257409064,2.658806563731238,2.4692747975856038,2.076550494092189,2.5145502941581306,3.016106508447487,2.4929423517135794,2.0760210730953483,2.5692689223333125,2.7656435524206313,2.786598278744249,2.404539375499943,2.610637017050231,2.7268849516309257,2.753121622762118,2.754300401345358,2.030727099588797,2.662450050774114,2.2132268656126324,2.0841216610587208,2.6062348427788975,2.485434327568677,2.375310900582435,2.793909686730676,1.9180093472989337,2.701372429438558,2.5715832364159343,2.330118281485528,2.2402526446781383,2.4598661853399704
2.8598789251456735,2.4762538794715554,2.666369402959809,2.5530533744562005,2.563584928913983,2.338313128448972,2.403158149598784,2.5634190434776034,2.51816074222695,2.480652701349732,2.4836787469574393,2.6718138806124534,2.4916274151532614,2.1014469357486214,2.524725841318547,3.017499104188468,2.5428023260960706,2.0937491439360145,2.5787575680688684,2.7888940817722685,2.798109553132104,2.414880008053257,2.6511400690185214,2.738371459772529,2.7735350790366473,2.7642489104144743,2.066611136779981,2.6804980974695876,2.228369210626467,2.087654360349811,2.6170915753148836,2.493080135972336,2.3826739813409303,2.7967520757213675,1.925356352733612,2.721456332734577,2.5808243491214804,2.351912372428611,2.2494869951430436,2.5050647307765335
2.864275071948632,2.4862851539954924,2.680985804036842,2.584587915206287,2.578997082190725,2.3547349301532554,2.507316824864178,2.5728791302461067,2.521116359198548,2.4915657554244484,2.5065044825599156,2.6924025117410353,2.509699386324193,2.1202163624820303,2.526460192895377,3.018001324963062,2.593365034578378,2.1034550191221753,2.5895340527779056,2.8015842924934096,2.8005829086258225,2.423622825100557,2.664090371055191,2.751160810625817,2.7793091805690486,2.7737554741347776,2.076028268496708,2.691929834805341,2.2414469785994307,2.100024543679114,2.632583945303261,2.4979950661756645,2.403279121290355,2.801178497665863,1.9454612372047986,2.724003419190695,2.587751187271515,2.370648932154269,2.268772514071368,2.5121955372549163
2.876084038843876,2.4876008620876044,2.7055579902321814,2.590077798733622,2.600712732307613,2.3573290718084876,2.583519503133188,2.5950800167157713,2.524810912177447,2.505615371894822,2.5472630104095217,2.6975793857596835,2.5231625861692057,2.133119614378941,2.532115618378591,3.020012580713161,2.600501989053782,2.1263251694546947,2.5961213104668843,2.8199968828328177,2.814757703476195,2.441615501291008,2.689104600834056,2.7571233243259803,2.782157120975406,2.7754044499996664,2.100988419124402,2.7197815492134474,2.256871998382428,2.109506794615729,2.6447095031368777,2.5215187074606056,2.4088611521126917,2.821289266024888,1.9591525213372991,2.7314128695239885,2.592931960413629,2.379649648809738,2.2783174546227145,2.5327844916424054
2.890009361653157,2.5115690433081723,2.735082065771476,2.6153084744546744,2.6327537793020293,2.359418180836595,2.5985087886136977,2.6004490862913925,2.53831900393241,2.5187489766590403,2.5639926152894996,2.712338504528719,2.527479434892466,2.1406324114934563,2.53815113863216,3.0240247657121713,2.633785937012561,2.1559403513873296,2.6174735545064887,2.8242616816778776,2.823094977465539,2.456774939195404,2.6905006309554227,2.7738343343179945,2.8018603458127895,2.7803987078506482,2.1156530897219,2.724126167818172,2.264001781328908,2.1134899437928563,2.656922703445147,2.5751928600531864,2.42565707242557,2.8296420710363375,1.9901105708394615,2.7465781663532534,2.5966150896973366,2.409216413047185,2.2920729184149047,2.5572921825138986
2.9058884015671658,2.527805613697849,2.736222747793683,2.6553732370940786,2.6401941559930067,2.36934098545755,2.6159331918944586,2.6118980007852897,2.547012759924423,2.5412641088363372,2.5768830390358093,2.7215872652870603,2.5311943773611163,2.1577701513367216,2.5436728727952627,3.0300210671204852,2.6549717935639765,2.182700418548417,2.62889387548552,2.8384884667417576,2.834328400377852,2.4822829809363602,2.6927631048126126,2.7801418879747084,2.822327241521271,2.7846065350639813,2.1175815410325485,2.730950295888759,2.2766491925223225,2.1254075399433416,2.6803902404724074,2.5920236382439423,2.42891389820932,2.845159608060958,2.0157900756570895,2.7584862772872785,2.5988627758630405,2.4274035748947713,2.2989963606496975,2.5787608799746464
2.912841373360751,2.536015466020112,2.7637481831620208,2.6797548779005074,2.6547513083904017,2.376591513915901,2.635087431971387,2.623194143847381,2.56033457628801,2.5490938903416986,2.5848203650306534,2.7545449466376515,2.544929672911695,2.164603593302649,2.5515685354564135,3.0333897640371883,2.6873733472287835,2.203679107678883,2.6377875631570262,2.84879218526813,2.857375647752012,2.5208959669294417,2.6959051181034273,2.791335256710183,2.8311466088049535,2.7872422988101744,2.1311189605284095,2.74833493154727,2.3242428288570496,2.1357703504981553,2.689575870642379,2.6134352650506343,2.4422704514600886,2.8557512657897153,2.0395009141599374,2.783262925118425,2.67859817594203,2.4771101461624054,2.31359771461681,2.5833791921358924
2.928499700273658,2.5391929205391746,2.7675608198758153,2.6968111901170198,2.665217155381337,2.3917800702771537,2.6419611021521474,2.64685739235715,2.5754636164292624,2.5658821031824326,2.6472801559094097,2.7588125124492935,2.5652006144693553,2.178604883555538,2.565089694204073,3.036114894302313,2.7178823264948577,2.221102602576278,2.6493970437794574,2.862131038987105,2.868945834339736,2.554336636058922,2.7017553900646645,2.811132879622914,2.8470068143186595,2.788666150064842,2.1467893556430893,2.755240726830032,2.3364375247146816,2.1571324215861685,2.697003768278369,2.6402271653602707,2.45669255950515,2.861321246178883,2.0720305376040877,2.785693657382519,2.6991197745635604,2.505966949452707,2.3540295863983154,2.586622282318023
2.940662130244553,2.5669123842811867,2.777765426933773,2.7071945116786282,2.70802018917929,2.4193370486219767,2.6573735397011267,2.6634205115465313,2.5918939560575245,2.5923415626994357,2.6598604910093298,2.7752762121620487,2.61043504028809,2.1980805409201585,2.5690975840828276,3.0379724333957108,2.7282362262050803,2.229397135279624,2.6631264052171653,2.866370795909813,2.877322771330461,2.568370922832285,2.7057933166801384,2.8256178466313444,2.8559455262705744,2.792378708953676,2.1872924111071956,2.7626165643392873,2.3599970729252355,2.23615833395332,2.7188515442826664,2.645446331000221,2.4686532780731496,2.8709208379112856,2.098356186010727,2.7972091960332666,2.74885893120767,2.561357558384088,2.3733887213041798,2.5994010299189774
2.9461748165967627,2.5768304805003113,2.7987925427965332,2.734399658600786,2.724216065194372,2.4362887763510317,2.6817035505982827,2.6844191511539686,2.6115473529220443,2.6100702200761163,2.673956006121293,2.78640756610288,2.6542109248449255,2.219875862896946,2.5768576887937025,3.0418515321803588,2.752226372631381,2.2642157912060576,2.67442762885614,2.8774173028655525,2.90259916838517,2.58465286542847,2.712323001280843,2.8316913466026707,2.8604956569018762,2.813705362606267,2.2009288459792145,2.7753535424846896,2.4004186658386324,2.3349875729088105,2.721752344418188,2.660970568512277,2.5030905348576904,2.8720224905995315,2.117219835893754,2.801019543780374,2.7874992589630563,2.5826032260905953,2.3887246177114316,2.644435679137318
2.9595958940495652,2.596850301879462,2.8069396867761296,2.756347050706755,2.7336529313252744,2.4448114317722403,2.742789088426778,2.6905328821647183,2.618144845989909,2.6162302843547507,2.7258637456859445,2.7876904645804617,2.6927517260776113,2.2419203544757744,2.5774588828662552,3.046965226231139,2.769609377548841,2.290942822451774,2.6828637291959616,2.884369226513811,2.9095852324712497,2.604245746474919,2.7249243446838474,2.8484521780234355,2.8658953264115565,2.841787341663888,2.2077172733643975,2.7846726399504225,2.4159609953906327,2.5594992939879906,2.749460827925532,2.6918169490317356,2.5247708857123095,2.8758073161285322,2.147814035183771,2.820662110547363,2.8195547465628783,2.6148019382662846,2.4066590248822237,2.688246162910572
2.965836711620259,2.605520183323994,2.8091688795237686,2.788763192565355,2.7489581391081668,2.4718115284891624,2.771377650168931,2.7004976096767113,2.6311157863829586,2.641419734505025,2.7400995873643303,2.8175861728097407,2.7254079693776787,2.2630245779899067,2.586332647933576,3.0484967523600224,2.7870486708562945,2.3226567260471405,2.6982599592879817,2.8944244473235807,2.918258316188052,2.6663718755964894,2.7420973360819287,2.8523705114792914,2.8880637697527662,2.842290492627728,2.2499866408949236,2.792043174938664,2.4324012385918996,2.567910855053283,2.750886869101432,2.707491457204342,2.5499407644819843,2.886796542682197,2.1985450067079415,2.8377938642574536,2.8427037698711866,2.6843307360854367,2.4149385747139394,2.712172005383966
2.9732825768632427,2.610764465092396,2.814936262833088,2.8025054757130725,2.7723904087527225,2.4825537547699668,2.7920944362317472,2.7159652952986844,2.6612661189004023,2.6486473573211726,2.7565744058484847,2.8267091097853423,2.736376483310203,2.2824192962943024,2.5933822781128684,3.049784450486985,2.8245965633866525,2.350974430794061,2.703005340847824,2.9051670585829226,2.9345057771957967,2.690461726524301,2.768004312730748,2.8672916223333638,2.8945141350498216,2.8503246607199815,2.2736793385397527,2.8198002735776706,2.450139548390831,2.582168361768768,2.7780964547758162,2.739422210751384,2.56045884253073,2.892698573643664,2.228248823799404,2.8442102405810954,2.857143414436025,2.691480316737443,2.4287220518370005,2.722867836253458
2.9832387547153534,2.633690257349531,2.8280115754810047,2.833257226752668,2.787282013945289,2.4955868990935337,2.805438213082154,2.72534673342682,2.671594884025117,2.659386314477353,2.7877596454807585,2.8311214625191523,2.752597323462701,2.2993794143113475,2.598037636347737,3.050370577821742,2.8265569201546947,2.3685730542420926,2.7153100855573764,2.9219216269836754,2.9445557544544294,2.6970577158156277,2.782292472905754,2.886147000844612,2.9062571040158343,2.853719694831107,2.2863026657990946,2.8249946880913996,2.4963151688871017,2.6026200129629213,2.8039505091431773,2.7566896916660473,2.587133928607713,2.9113527056649415,2.2434867905167684,2.8585899289133705,2.869132208047891,2.7360476929705926,2.4656678507269003,2.7361901775790534
2.9909387756801578,2.649132308518539,2.834819730190343,2.8429770323697516,2.804213096593231,2.505996990154569,2.813830487807056,2.747707645620986,2.6748203761748,2.702504163397012,2.826077179901869,2.8487902983432556,2.7737586209124023,2.312966449721974,2.600516016619085,3.0506975927669355,2.8350708998912135,2.381185184334553,2.7231971708263414,2.92817878785221,2.94899653080519,2.7033838652433615,2.798056906247997,2.890088360200895,2.910387149438729,2.8712074289231504,2.301288043570989,2.8304761976024944,2.52273998642279,2.629668231709007,2.8172091737053058,2.7721286174010866,2.605473189103705,2.9162971233790906,2.274118941524635,2.8812562951771334,2.877193744314854,2.765935971534226,2.4833440065193253,2.771546050840224
3.0075516048261344,2.6555325002167027,2.8389447452749206,2.8472488814343166,2.8149316669306614,2.524767698016349,2.81870549153305,2.764331630672982,2.686078118696845,2.709587226470536,2.838146610668329,2.8883111144796474,2.7759600897844554,2.321955519810244,2.603209757317457,3.0516795259523914,2.8499790106740415,2.4355192420059675,2.7285400240234847,2.939156482716915,2.969635130048146,2.7145820439609865,2.8031745986642074,2.909859940563802,2.9200846866276344,2.8815234736656983,2.343713576856411,2.8426374336441134,2.5643988090075918,2.663647853362701,2.8264566860946316,2.7862674930410636,2.639200992854174,2.927736096898349,2.3105239532592554,2.8893415601347643,2.885389462529391,2.8064469660295774,2.512063134984662,2.7843937185203718
3.0108053089854394,2.6800529517781944,2.844187630479807,2.8722630780532663,2.839907534717117,2.5527137103397077,2.8234842017877892,2.777285601186271,2.7136212170994547,2.7298044671999846,2.8683530734967193,2.924077210937268,2.7912912852131426,2.4681841107309244,2.6102556414268614,3.055225512752005,2.8792342933151014,2.4629980450869646,2.7347866260180953,2.9419163850250585,2.975404776585322,2.7336416095216554,2.8155662170055304,2.9340261581416414,2.932751928801605,2.8971399728937977,2.3563233553328784,2.86067881194115,2.589855119967227,2.704863532245237,2.828757215605807,2.791384161243812,2.673946937932569,2.938457710816917,2.3349412543466244,2.8923997122350675,2.895317764197919,2.8255384223168205,2.5414986317972175,2.810175125840628
3.0249740987257905,2.7082849517117378,2.8585545581495024,2.8873378068712596,2.8543323902450073,2.5939383185339726,2.836263920210433,2.785846240628789,2.747716858538089,2.7788462188746315,2.901451515950474,2.9380498049486965,2.8017660550970906,2.598444264188849,2.6350954478818385,3.0575084557098666,2.8921902111968367,2.509569567250681,2.745354022724855,2.9461725862727173,2.981804472228974,2.748326233057921,2.833656881272619,2.935505880401371,2.9356058756759307,2.9046827692200687,2.375631242010059,2.868637058009736,2.5960654565175227,2.7534940677518156,2.847816976258504,2.811468037300088,2.696818446255289,2.951614775789041,2.3917201733313287,2.9136494395011785,2.9039515774153335,2.8847359856803183,2.5553683285385618,2.816522358376866
3.034012662214083,2.729438949425156,2.882027646430531,2.8914462034929294,2.880696098465046,2.6187664505049897,2.900140092383539,2.8020780588897134,2.7523276998185295,2.784927750335598,2.9055937743254603,2.9673391457105085,2.8048909601663063,2.692486730989728,2.639082162120702,3.059626233836461,2.8995742397169684,2.531390781615228,2.7601138357789505,2.95129080120424,2.9974991677806004,2.761771791609381,2.8523771347085307,2.939303908493758,2.945293445854898,2.9098060326821122,2.4226823746782147,2.8743322740552437,2.652929445002705,2.8077602493092435,2.865771930539412,2.8323070386202813,2.730407527666818,2.956069917811301,2.439281705567741,2.9442583890043816,2.9099898708822436,2.9004208807256218,2.5938632235758687,2.841262988840268
3.0344941382990767,2.7334752257129105,2.8881504932943627,2.9100195484255305,2.9096084801622553,2.632557107702956,2.9080573686372055,2.8166691510072694,2.7927509820044034,2.8075508868703207,2.9292987861567337,2.9801676918591893,2.825461969670856,2.7110578036211233,2.6429584598298885,3.064793617987145,2.9039698184919858,2.56574097866799,2.767542747844652,2.955018316107611,3.007037660250222,2.776101446697062,2.876533072409312,2.946619556642173,2.97099743026586,2.9196890142357783,2.4595567973925507,2.8916091338551704,2.7086655474112695,2.8586405734399345,2.880571855303032,2.8421155556899516,2.7723956180634075,3.002263380343115,2.475767957913516,2.9509345259979893,2.9291294451630967,2.9181183381783296,2.6047064123353603,2.8573085091389565
3.0554684044844853,2.771716060025278,2.9010500566738693,2.929820262771603,2.9215800825818605,2.647057383048325,2.951416685141841,2.823653081616625,2.800413234526054,2.82814703292096,2.941934094825224,2.9816833834664496,2.87551866220123,2.73084986947466,2.6545731571021065,3.0705507112006662,2.916773691263414,2.6312568929097435,2.7737423107267634,2.9737799358352897,3.020842186930731,2.780921605008826,2.906966550180113,2.952563297760436,2.977645265743875,2.924316117278162,2.5401281729283958,2.910053455268482,2.7306516110766466,2.868156064785323,2.886850847027684,2.87160412358686,2.8072029307264397,3.0132537210039607,2.5504608132039066,2.9620281245301676,2.9568613476449577,2.921406320691637,2.6232128162699766,2.862770824173604
3.0571086745869342,2.797810944892337,2.9117033656769813,2.951373847317781,2.935846633482805,2.6970635032478802,2.962677998987494,2.843890959982381,2.8192553705965815,2.841609264145775,2.959528043077173,2.994700339117695,2.891063173008241,2.788186033115799,2.6686886974075863,3.0766832692445423,2.9287033272009815,2.728659638941896,2.785853660554175,2.980155393766687,3.0338941456477486,2.8017480348306476,2.9270159896821193,2.9591252993374266,2.988937394645082,2.9380861509076617,2.6123078166849947,2.9128769743036598,2.825625683578045,2.875258686427253,2.8906888573728033,2.8881599727078267,2.813333964111932,3.024842879352013,2.6423674039166563,2.9818263840460197,2.9727506990253523,2.957794654791458,2.651931954635749,2.9063882821458513
3.05988697205238,2.8080275277571602,2.9241310529161435,2.9576450369603333,2.953062304510685,2.757611189416093,2.9927988483439614,2.8597763922946555,2.8304642943422342,2.8416368669476033,2.981538568802527,3.0006048225916406,2.92115891109831,2.7941571429967738,2.6834339593579095,3.0818817268813405,2.9308530100391477,2.836572374407477,2.8094832719032348,2.990032736167944,3.0438544711189466,2.8262004998709718,2.950526763766172,2.9723118790672975,3.0013141001984964,2.9414039171095094,2.6747534177364813,2.9288366721131864,2.878388677192927,2.8804281724741405,2.937233051854813,2.8898918168047283,2.8223144179383746,3.0266495140568535,2.781517245276733,3.0112152313658083,2.992893413252619,2.9645246362141267,2.6911005799888925,2.9138618266665133
3.064613235942363,2.8194960153613593,2.9328456634110665,2.970674149612197,2.9694521844179547,2.797732334046489,2.9954906997946913,2.8813812069215547,2.857223998214169,2.8670527795320004,2.9865277841964244,3.017332926938235,2.929375745739923,2.8460144935984233,2.69829882414492,3.08757437959295,2.9486869713162034,2.861150505553522,2.8178113000102756,3.005266690122233,3.0444524453923574,2.8555808831225415,2.9723801933380933,2.978975078252555,3.00726560649939,2.954010217757573,2.7275817273680847,2.952357176955134,2.8983180017631573,2.88302445005267,2.9529846937966453,2.9172285674303966,2.8338662537514545,3.0292164388046046,2.8821712001200295,3.018683879241384,3.0011002331956362,2.9978307887950533,2.7361022914482684,2.9288664129762316
3.0749343614744924,2.8257592085942753,2.952249757344142,2.976267772842153,3.0041034920256737,2.9050018058529354,3.0131194402473813,2.898366046699275,2.8691832915841715,2.9050672203394625,2.992988521050572,3.0365981235065203,2.9607542059003262,2.8642889678227337,2.713526333752451,3.09167553322982,2.97117263282507,2.903226393889767,2.8284255970921324,3.020044633503315,3.063082408327917,2.890745150139868,2.9885950702749158,3.018315207328279,3.022762138308457,2.9638290479356324,2.7708348141606587,2.965458347628251,2.9331745746716913,2.8875510004769427,2.979737106548726,2.923718455184673,2.84704501155029,3.036256845419104,2.9295623469103274,3.021363666913063,3.0181681208987032,3.0337951746546192,2.7915591354216787,2.976541247338555
3.085227941331051,2.8735052042344336,2.9702589503072554,2.9988376390956653,3.0218755207825096,2.9346966942964237,3.0151464209081835,2.9226413544063203,2.9031861549610607,2.9371704997096706,3.010876534530325,3.0419270578102853,2.9810377911651416,2.8750194068310124,2.7287700921480367,3.0976099878539665,2.981248886993298,2.945274895899627,2.8537594415275027,3.0316490588217655,3.0647365113525056,2.927780871147302,3.0005440802384795,3.0261129306926855,3.043907519365907,2.9708542131894737,2.803782040455012,2.9962650393315413,2.949252820445705,2.8955288738265255,3.0069751109085314,2.940411409608038,2.8866826345452994,3.047549072489624,2.9854105734675547,3.036588900308156,3.030873667458843,3.0520005345313197,2.848240154395992,2.9872573896449355
3.097203039965925,2.8946926056930566,2.9794280466003564,3.0213250238142053,3.026427053445946,2.984126981691942,3.022778351740922,2.98744628780423,2.9074617108095167,2.979750996830216,3.0189985544472213,3.078233317055799,2.9940465647252075,2.9466596304724684,2.7443957225708684,3.1002133998021724,2.9898118010959984,2.963030878490286,2.867295351029953,3.0418301972357242,3.068283966944806,2.9379444053368537,3.0051680190828587,3.0384878256345935,3.052999137683836,2.9916740055967748,2.824816303885421,3.0037787661204445,2.9855222633113625,2.898711474172443,3.039620677707177,2.96575228825882,2.9216323977385743,3.0646211511585455,3.0229434658402767,3.0437572695573643,3.0455062006233353,3.0646155834717015,2.9043172973856155,3.00871317362955
3.1000349669621023,2.917583813940299,3.0050982215101145,3.0269578421038896,3.037664446079236,3.04387557512009,3.025921880722661,3.0022763098614766,2.9196401913330217,2.984072863827099,3.0306848079343003,3.08321078608602,3.0208028751421274,2.9533667067322904,2.7607770019233056,3.1048747367944824,3.0007135235146385,2.998329025458657,2.901269084509203,3.057047697999239,3.0793221198575074,2.943962740130957,3.013133382890765,3.064639205021137,3.060427317449715,3.0174659779111583,2.832871327225661,3.0292359482994753,3.0190846171078074,2.9202769838662053,3.0503522669096412,3.014718164435778,2.9348271507662433,3.074783002395346,3.0269559413102685,3.0574677956547798,3.052758175175482,3.0771346621653093,2.908906285708107,3.014834208191238
3.10919584176726,2.935855124666184,3.015402769580294,3.033738428230098,3.040658721351179,3.0614170106568555,3.0336782396011075,3.0066544040330103,2.95910301046979,2.99904332989775,3.046269510585639,3.109227807562733,3.0351235809576305,2.956072026513902,2.7778540330399086,3.1094330206927685,3.032969976665546,3.0224274487844034,2.9114922602533193,3.0607344069091322,3.095545700817818,2.9855789025011035,3.0224301245405862,3.0737933135945457,3.077308674980008,3.046671255857153,2.861063661274545,3.040725055169478,3.043031757003825,2.955420538111213,3.0605329411014695,3.0238809871710894,2.9385246839202286,3.077916360568885,3.084636997802422,3.0752381768071135,3.067463215642675,3.079365767719563,2.981278865436983,3.052313446531597
3.1226635386354764,2.9823312691263824,3.032891100943531,3.049135760974139,3.0494802671721004,3.0884910061843955,3.066557405593887,3.0291534037949086,2.9730912952783446,3.02804507362491,3.0664399427563014,3.111342821419272,3.0422494913116727,2.981793318042474,2.7919882467312647,3.11132252717879,3.051514157289916,3.054627121676713,2.948743276852243,3.068127585356474,3.1080085188016424,3.031069998751797,3.0306834596276744,3.0820553395272308,3.092524349537426,3.062946481248881,2.922524155418594,3.0511070936691573,3.051314785045813,3.005109218045096,3.0818793293230895,3.0402591171606446,2.995496697885875,3.0908730595971527,3.0851690692005937,3.0851632662192903,3.093526191042079,3.087059275364243,2.991909773150546,3.058409472558732
3.132636181611156,3.005003747937145,3.0456992180688633,3.0763118376516405,3.0759860102628305,3.1028247710866865,3.093076291179813,3.068418472217179,2.9906638233574934,3.046078501444519,3.092039232703858,3.116362816132406,3.053434723693975,3.0347266647721183,2.8070496809273084,3.114664770827606,3.070352794704835,3.0573161132906366,2.9727888106566893,3.072331588496482,3.110497000778853,3.0698534672966695,3.035761598835625,3.091740116528738,3.106540945923207,3.0792031747130113,2.9851757272734685,3.0736827461800935,3.0673849112728826,3.0690664118702844,3.1049339403195164,3.0596048614277565,3.0398251715249844,3.0957976740852837,3.0952100748709293,3.089064973701383,3.1038716613083968,3.1024689119696762,3.050654298393597,3.068910719071521
3.134938643243058,3.042358900951428,3.0692293150511905,3.102658663389807,3.08648460344518,3.124462970862964,3.1077463458296144,3.0819513506812326,3.0170448313453972,3.0489672309768823,3.0997715076846997,3.124691363794973,3.060877753755902,3.045121103725452,2.815312227890775,3.1166558182170148,3.087142345247211,3.072711849404748,3.0276773068320195,3.087118055070989,3.1136847745766265,3.1017731502658368,3.048530143120853,3.1037275138801097,3.1110578925281063,3.0986781690885614,3.0162631068195913,3.0787821988335202,3.0827401217080914,3.083820280747162,3.121286397500726,3.0840287271505815,3.0499744601498056,3.108060904246375,3.095539430225276,3.1088167151921366,3.118678632342265,3.1175576826487714,3.081054323555151,3.1066078540804347
3.1352968101590832,3.0547192149676925,3.109655636992718,3.1103599494949163,3.1093915827250243,3.1321961383711083,3.117529365551049,3.092958142392749,3.072284009178197,3.0741143207236807,3.12355685599954,3.134553121062373,3.089946752388074,3.1033980059907535,2.82284983868007,3.1258244697808752,3.090258565099046,3.1217265702369126,3.053645348517687,3.1001808160995417,3.125459036480328,3.1195698317410168,3.0969925812313006,3.107915654350295,3.115530923229891,3.115543872416029,3.0413952095104544,3.0903132094500427,3.10780743929745,3.116925899422564,3.1323916819428534,3.1109915688878433,3.102877561176986,3.1120288348495038,3.111259126043966,3.1248636629179978,3.1340662430419344,3.1278601004271507,3.0874782694792064,3.1205738350989765
3.1380621922174026,3.0961085087806226,3.1180910439162943,3.132008068111472,3.121201840954249,3.1414135792321725,3.1307839974633977,3.1253152643811566,3.1061198304056137,3.129842805547267,3.134612921966503,3.1360816709661314,3.135784805180412,3.137547559270201,2.8573120681353945,3.13958430345693,3.12715818465982,3.1379218125752963,3.0620872468193725,3.108122205502165,3.1312267915239245,3.1306742397324947,3.1274274156296045,3.1184507661751972,3.13585914402256,3.1315585674479065,3.1173287628954593,3.128324604813127,3.1171845059567542,3.1360400928683783,3.138820029044933,3.129817561347072,3.1273206743951496,3.1289498780353733,3.1321144592418273,3.1344067403804914,3.1413479241481563,3.1357451177766316,3.117565751310209,3.136808314302595
