t,tau,K_mean,SE_between_coins,K_CUE
1.000000000000000000e+00,1.358695652173913006e-03,4.061305942943236880e-01,5.926587175403910668e-02,1.358695652173913006e-03
2.000000000000000000e+00,2.717391304347826012e-03,1.651987203419071903e+01,2.508155427242281021e+00,2.717391304347826012e-03
3.000000000000000000e+00,4.076086956521739017e-03,7.674468318170289960e-01,1.021323111393091509e-01,4.076086956521739017e-03
4.000000000000000000e+00,5.434782608695652023e-03,3.777743985206883792e+01,4.261644991920997327e+00,5.434782608695652023e-03
5.000000000000000000e+00,6.793478260869565029e-03,8.116204073237512917e-01,9.513319482244550485e-02,6.793478260869565029e-03
6.000000000000000000e+00,8.152173913043478035e-03,1.116855561205910341e+01,1.538577212116187809e+00,8.152173913043478035e-03
7.000000000000000000e+00,9.510869565217391908e-03,6.535288343937566413e-01,6.536956620022696396e-02,9.510869565217391908e-03
8.000000000000000000e+00,1.086956521739130405e-02,5.223623211079544859e+00,9.101311635990886328e-01,1.086956521739130405e-02
9.000000000000000000e+00,1.222826086956521792e-02,5.207283187767192123e-01,6.405343227406948281e-02,1.222826086956521792e-02
1.000000000000000000e+01,1.358695652173913006e-02,4.445756596228059188e+00,8.264397225703621341e-01,1.358695652173913006e-02
1.100000000000000000e+01,1.494565217391304393e-02,4.652831437985393559e-01,7.310563228169474070e-02,1.494565217391304393e-02
1.200000000000000000e+01,1.630434782608695607e-02,2.431058775664687310e+00,5.394537683176910958e-01,1.630434782608695607e-02
1.300000000000000000e+01,1.766304347826086821e-02,3.211453706345894776e-01,6.060510513384063241e-02,1.766304347826086821e-02
1.400000000000000000e+01,1.902173913043478382e-02,1.688056001587593391e+00,2.827773551913121408e-01,1.902173913043478382e-02
1.500000000000000000e+01,2.038043478260869595e-02,2.768888487376061081e-01,4.023022266012554055e-02,2.038043478260869595e-02
1.600000000000000000e+01,2.173913043478260809e-02,1.346753875681678592e+00,2.374198085403291802e-01,2.173913043478260809e-02
1.700000000000000000e+01,2.309782608695652023e-02,1.703156673797743270e-01,1.940385656926987140e-02,2.309782608695652023e-02
1.800000000000000000e+01,2.445652173913043584e-02,9.377652070080848556e-01,1.736354686095281930e-01,2.445652173913043584e-02
1.900000000000000000e+01,2.581521739130434798e-02,2.341613184829804406e-01,2.874040485145995874e-02,2.581521739130434798e-02
2.000000000000000000e+01,2.717391304347826012e-02,1.095019782072564674e+00,2.257785896940983639e-01,2.717391304347826012e-02
2.100000000000000000e+01,2.853260869565217225e-02,2.352206691700824137e-01,3.207077158254480892e-02,2.853260869565217225e-02
2.200000000000000000e+01,2.989130434782608786e-02,8.431457604365980574e-01,1.444482509406138926e-01,2.989130434782608786e-02
2.300000000000000000e+01,3.125000000000000000e-02,1.779456864404494187e-01,2.159823191229145317e-02,3.125000000000000000e-02
2.400000000000000000e+01,3.260869565217391214e-02,7.692742538223419357e-01,1.789625456496784228e-01,3.260869565217391214e-02
2.500000000000000000e+01,3.396739130434782428e-02,1.976266358951951629e-01,2.349126546090045745e-02,3.396739130434782428e-02
2.600000000000000000e+01,3.532608695652173642e-02,5.689349268563083095e-01,1.435600010985230435e-01,3.532608695652173642e-02
2.700000000000000000e+01,3.668478260869565549e-02,1.541192260908151035e-01,1.918920890537990573e-02,3.668478260869565549e-02
2.800000000000000000e+01,3.804347826086956763e-02,4.958951522867423578e-01,8.347223875407849825e-02,3.804347826086956763e-02
2.900000000000000000e+01,3.940217391304347977e-02,1.447957119317116181e-01,2.059622552964136474e-02,3.940217391304347977e-02
3.000000000000000000e+01,4.076086956521739191e-02,4.387003473831050937e-01,6.555650852650202198e-02,4.076086956521739191e-02
3.100000000000000000e+01,4.211956521739130405e-02,1.198078287215829513e-01,2.049204914526673443e-02,4.211956521739130405e-02
3.200000000000000000e+01,4.347826086956521618e-02,4.358429155440259883e-01,1.019072932330359199e-01,4.347826086956521618e-02
3.300000000000000000e+01,4.483695652173912832e-02,1.536917418881567632e-01,2.713280458484689309e-02,4.483695652173912832e-02
3.400000000000000000e+01,4.619565217391304046e-02,4.501819867313921475e-01,1.032014642381611086e-01,4.619565217391304046e-02
3.500000000000000000e+01,4.755434782608695954e-02,1.200212776642303053e-01,1.806690818626788264e-02,4.755434782608695954e-02
3.600000000000000000e+01,4.891304347826087168e-02,4.085136278244454466e-01,7.677629946250491555e-02,4.891304347826087168e-02
3.700000000000000000e+01,5.027173913043478382e-02,1.225309391646045715e-01,1.616408538487803040e-02,5.027173913043478382e-02
3.800000000000000000e+01,5.163043478260869595e-02,3.671952175106639737e-01,5.746590009656528386e-02,5.163043478260869595e-02
3.900000000000000000e+01,5.298913043478260809e-02,1.210442225594324378e-01,1.881864743763493955e-02,5.298913043478260809e-02
4.000000000000000000e+01,5.434782608695652023e-02,3.524253106040085015e-01,6.290376958868539037e-02,5.434782608695652023e-02
4.100000000000000000e+01,5.570652173913043237e-02,1.146040896953319094e-01,1.577638294958747314e-02,5.570652173913043237e-02
4.200000000000000000e+01,5.706521739130434451e-02,3.486476652672816923e-01,5.085923612608277827e-02,5.706521739130434451e-02
4.300000000000000000e+01,5.842391304347826358e-02,1.070255720186673726e-01,1.446808445791461332e-02,5.842391304347826358e-02
4.400000000000000000e+01,5.978260869565217572e-02,3.494322478361385209e-01,6.820801174993847138e-02,5.978260869565217572e-02
4.500000000000000000e+01,6.114130434782608786e-02,1.089112575263971872e-01,1.289095954977876983e-02,6.114130434782608786e-02
4.600000000000000000e+01,6.250000000000000000e-02,2.922701817242275291e-01,6.662206201702632058e-02,6.250000000000000000e-02
4.700000000000000000e+01,6.385869565217391908e-02,9.530330469069160648e-02,1.560137374361357694e-02,6.385869565217391908e-02
4.800000000000000000e+01,6.521739130434782428e-02,3.013552065740930930e-01,6.891619880607260940e-02,6.521739130434782428e-02
4.900000000000000000e+01,6.657608695652174335e-02,1.363236179527535508e-01,1.974862624075940723e-02,6.657608695652174335e-02
5.000000000000000000e+01,6.793478260869564855e-02,2.586685239013430948e-01,4.714606069882314870e-02,6.793478260869564855e-02
5.100000000000000000e+01,6.929347826086956763e-02,1.049659416905697334e-01,1.522780501109580881e-02,6.929347826086956763e-02
5.200000000000000000e+01,7.065217391304347283e-02,1.692909521063915290e-01,2.942696034575228992e-02,7.065217391304347283e-02
5.300000000000000000e+01,7.201086956521739191e-02,9.831204696269631171e-02,1.507553491872019522e-02,7.201086956521739191e-02
5.400000000000000000e+01,7.336956521739131099e-02,2.294437721762469240e-01,3.388966386032229994e-02,7.336956521739131099e-02
5.500000000000000000e+01,7.472826086956521618e-02,1.080972703354557279e-01,1.502967015840515723e-02,7.472826086956521618e-02
5.600000000000000000e+01,7.608695652173913526e-02,2.079461789201153266e-01,2.991239068191132652e-02,7.608695652173913526e-02
5.700000000000000000e+01,7.744565217391304046e-02,1.030740779950174435e-01,1.677313349439955512e-02,7.744565217391304046e-02
5.800000000000000000e+01,7.880434782608695954e-02,2.238645622486417075e-01,4.442601095411118778e-02,7.880434782608695954e-02
5.900000000000000000e+01,8.016304347826086474e-02,9.473482778549500993e-02,1.636662052336619599e-02,8.016304347826086474e-02
6.000000000000000000e+01,8.152173913043478382e-02,2.068221934337687862e-01,3.071775701433805336e-02,8.152173913043478382e-02
6.100000000000000000e+01,8.288043478260868901e-02,1.117725740080725561e-01,1.451765474962283739e-02,8.288043478260868901e-02
6.200000000000000000e+01,8.423913043478260809e-02,1.814577528598063372e-01,2.671934248788400412e-02,8.423913043478260809e-02
6.300000000000000000e+01,8.559782608695652717e-02,1.203106348489726002e-01,1.733024365328842201e-02,8.559782608695652717e-02
6.400000000000000000e+01,8.695652173913043237e-02,1.826865927702547576e-01,3.487084385255324881e-02,8.695652173913043237e-02
6.500000000000000000e+01,8.831521739130435145e-02,1.099579449418520150e-01,1.544794976134514046e-02,8.831521739130435145e-02
6.600000000000000000e+01,8.967391304347825665e-02,1.723147311365562373e-01,2.595399543772307707e-02,8.967391304347825665e-02
6.700000000000000000e+01,9.103260869565217572e-02,1.259509465639873926e-01,1.905838506439154825e-02,9.103260869565217572e-02
6.800000000000000000e+01,9.239130434782608092e-02,1.731334986183288849e-01,2.750965810476170906e-02,9.239130434782608092e-02
6.900000000000000000e+01,9.375000000000000000e-02,1.009198012222175950e-01,1.460711018794078921e-02,9.375000000000000000e-02
7.000000000000000000e+01,9.510869565217391908e-02,1.643776559193544096e-01,2.196988211032047805e-02,9.510869565217391908e-02
7.100000000000000000e+01,9.646739130434782428e-02,1.363749910799660348e-01,1.811762944206092921e-02,9.646739130434782428e-02
7.200000000000000000e+01,9.782608695652174335e-02,1.770263406803967987e-01,1.803077931286144187e-02,9.782608695652174335e-02
7.300000000000000000e+01,9.918478260869564855e-02,1.091572959332244019e-01,1.174807732960576195e-02,9.918478260869564855e-02
7.400000000000000000e+01,1.005434782608695676e-01,1.914858028002742185e-01,2.508158143419372474e-02,1.005434782608695676e-01
7.500000000000000000e+01,1.019021739130434728e-01,1.573141462072758789e-01,2.118306839385198162e-02,1.019021739130434728e-01
7.600000000000000000e+01,1.032608695652173919e-01,1.820475105154879258e-01,2.354342694165898961e-02,1.032608695652173919e-01
7.700000000000000000e+01,1.046195652173913110e-01,1.073487139549774289e-01,1.286988461528544916e-02,1.046195652173913110e-01
7.800000000000000000e+01,1.059782608695652162e-01,1.822975446238434549e-01,2.244216086284221007e-02,1.059782608695652162e-01
7.900000000000000000e+01,1.073369565217391353e-01,1.179784398016536090e-01,1.524511797734063624e-02,1.073369565217391353e-01
8.000000000000000000e+01,1.086956521739130405e-01,2.114992968676575602e-01,2.848000117026164638e-02,1.086956521739130405e-01
8.100000000000000000e+01,1.100543478260869595e-01,1.290969354797412427e-01,1.421730874061671868e-02,1.100543478260869595e-01
8.200000000000000000e+01,1.114130434782608647e-01,1.604414406923150849e-01,1.903055841585393759e-02,1.114130434782608647e-01
8.300000000000000000e+01,1.127717391304347838e-01,1.619321151110760526e-01,2.308849046149907130e-02,1.127717391304347838e-01
8.400000000000000000e+01,1.141304347826086890e-01,1.790329703292679875e-01,2.524221987410569037e-02,1.141304347826086890e-01
8.500000000000000000e+01,1.154891304347826081e-01,1.627730338613093131e-01,2.275772872030493860e-02,1.154891304347826081e-01
8.600000000000000000e+01,1.168478260869565272e-01,1.910781357415787807e-01,2.888717550309613177e-02,1.168478260869565272e-01
8.700000000000000000e+01,1.182065217391304324e-01,1.148500372923142998e-01,1.364192988849852531e-02,1.182065217391304324e-01
8.800000000000000000e+01,1.195652173913043514e-01,2.058294987143967358e-01,4.342207477367004964e-02,1.195652173913043514e-01
8.900000000000000000e+01,1.209239130434782566e-01,1.347919771699163938e-01,1.858448652868806977e-02,1.209239130434782566e-01
9.000000000000000000e+01,1.222826086956521757e-01,1.974364750321369322e-01,2.926239238252804215e-02,1.222826086956521757e-01
9.100000000000000000e+01,1.236413043478260809e-01,1.533870090933887320e-01,1.665371483571352271e-02,1.236413043478260809e-01
9.200000000000000000e+01,1.250000000000000000e-01,2.224000224538501824e-01,2.872953547247787329e-02,1.250000000000000000e-01
9.300000000000000000e+01,1.263586956521739191e-01,1.435675515486894149e-01,2.104596304901484513e-02,1.263586956521739191e-01
9.400000000000000000e+01,1.277173913043478382e-01,1.888880150106846956e-01,2.322683013039836264e-02,1.277173913043478382e-01
9.500000000000000000e+01,1.290760869565217295e-01,1.296690440983293002e-01,1.870501712394975063e-02,1.290760869565217295e-01
9.600000000000000000e+01,1.304347826086956486e-01,1.757962967902340912e-01,2.264045242456392062e-02,1.304347826086956486e-01
9.700000000000000000e+01,1.317934782608695676e-01,1.707834659300168090e-01,2.640260135940394534e-02,1.317934782608695676e-01
9.800000000000000000e+01,1.331521739130434867e-01,1.963629237738095945e-01,3.427723053670906489e-02,1.331521739130434867e-01
9.900000000000000000e+01,1.345108695652173780e-01,1.294442878892900495e-01,1.637815320200598432e-02,1.345108695652173780e-01
1.000000000000000000e+02,1.358695652173912971e-01,2.181127719601564929e-01,3.560353197421491089e-02,1.358695652173912971e-01
1.010000000000000000e+02,1.372282608695652162e-01,1.559309407948034909e-01,2.387310127507503293e-02,1.372282608695652162e-01
1.020000000000000000e+02,1.385869565217391353e-01,2.617765489511001409e-01,4.112835000695657522e-02,1.385869565217391353e-01
1.030000000000000000e+02,1.399456521739130543e-01,1.281788037077161713e-01,1.772535755260534057e-02,1.399456521739130543e-01
1.040000000000000000e+02,1.413043478260869457e-01,2.451233410464305762e-01,4.648632660781915754e-02,1.413043478260869457e-01
1.050000000000000000e+02,1.426630434782608647e-01,1.838890393061516637e-01,1.934296207358884509e-02,1.426630434782608647e-01
1.060000000000000000e+02,1.440217391304347838e-01,2.512630813901944871e-01,3.968149536493006252e-02,1.440217391304347838e-01
1.070000000000000000e+02,1.453804347826087029e-01,1.682909061867144673e-01,1.767755230273062445e-02,1.453804347826087029e-01
1.080000000000000000e+02,1.467391304347826220e-01,2.459564032880779960e-01,2.690701256985101458e-02,1.467391304347826220e-01
1.090000000000000000e+02,1.480978260869565133e-01,1.665828612517344098e-01,2.459268508012456972e-02,1.480978260869565133e-01
1.100000000000000000e+02,1.494565217391304324e-01,2.858301963453485639e-01,5.443253289617115687e-02,1.494565217391304324e-01
1.110000000000000000e+02,1.508152173913043514e-01,2.019142265683181170e-01,3.832250701120625686e-02,1.508152173913043514e-01
1.120000000000000000e+02,1.521739130434782705e-01,2.323450861036317483e-01,2.965498008447282202e-02,1.521739130434782705e-01
1.130000000000000000e+02,1.535326086956521618e-01,2.301348210633946401e-01,3.366827011928878732e-02,1.535326086956521618e-01
1.140000000000000000e+02,1.548913043478260809e-01,2.734451043664751779e-01,3.497156372880515923e-02,1.548913043478260809e-01
1.150000000000000000e+02,1.562500000000000000e-01,1.466980547118421629e-01,1.949683259359572332e-02,1.562500000000000000e-01
1.160000000000000000e+02,1.576086956521739191e-01,2.427744722886631956e-01,3.328669875060716321e-02,1.576086956521739191e-01
1.170000000000000000e+02,1.589673913043478382e-01,1.651743858566614154e-01,2.168815716269103730e-02,1.589673913043478382e-01
1.180000000000000000e+02,1.603260869565217295e-01,2.558954122837343026e-01,2.849600962009581767e-02,1.603260869565217295e-01
1.190000000000000000e+02,1.616847826086956486e-01,2.447364314331184065e-01,4.153339808841523956e-02,1.616847826086956486e-01
1.200000000000000000e+02,1.630434782608695676e-01,2.685517041337215915e-01,3.383982557626653842e-02,1.630434782608695676e-01
1.210000000000000000e+02,1.644021739130434867e-01,1.436838027537004070e-01,2.062288836406358725e-02,1.644021739130434867e-01
1.220000000000000000e+02,1.657608695652173780e-01,2.442143401726017127e-01,2.704662571222870779e-02,1.657608695652173780e-01
1.230000000000000000e+02,1.671195652173912971e-01,1.784894511081977220e-01,2.037622357909200585e-02,1.671195652173912971e-01
1.240000000000000000e+02,1.684782608695652162e-01,2.702238419193613850e-01,4.027094373995911136e-02,1.684782608695652162e-01
1.250000000000000000e+02,1.698369565217391353e-01,1.963989363142406019e-01,2.168648333268412623e-02,1.698369565217391353e-01
1.260000000000000000e+02,1.711956521739130543e-01,2.387263364515330721e-01,3.038747690085603220e-02,1.711956521739130543e-01
1.270000000000000000e+02,1.725543478260869457e-01,1.971593436216051154e-01,2.138554542694172389e-02,1.725543478260869457e-01
1.280000000000000000e+02,1.739130434782608647e-01,2.099035819735844410e-01,2.885212909713848889e-02,1.739130434782608647e-01
1.290000000000000000e+02,1.752717391304347838e-01,2.148428099500360178e-01,2.810823859135081967e-02,1.752717391304347838e-01
1.300000000000000000e+02,1.766304347826087029e-01,2.515601872842179731e-01,3.030826196591242944e-02,1.766304347826087029e-01
1.310000000000000000e+02,1.779891304347826220e-01,1.986061348751124722e-01,3.251406896914191963e-02,1.779891304347826220e-01
1.320000000000000000e+02,1.793478260869565133e-01,2.535398204334890493e-01,3.145348990233597097e-02,1.793478260869565133e-01
1.330000000000000000e+02,1.807065217391304324e-01,1.924978244470991473e-01,2.939232306806448605e-02,1.807065217391304324e-01
1.340000000000000000e+02,1.820652173913043514e-01,2.515858808877218800e-01,2.742984456444951674e-02,1.820652173913043514e-01
1.350000000000000000e+02,1.834239130434782705e-01,2.158439834937315727e-01,3.405628169178719772e-02,1.834239130434782705e-01
1.360000000000000000e+02,1.847826086956521618e-01,2.061689820901403680e-01,2.659878120582399169e-02,1.847826086956521618e-01
1.370000000000000000e+02,1.861413043478260809e-01,1.889214969851911452e-01,2.350364092363569149e-02,1.861413043478260809e-01
1.380000000000000000e+02,1.875000000000000000e-01,2.617164514042022994e-01,2.913256502956939817e-02,1.875000000000000000e-01
1.390000000000000000e+02,1.888586956521739191e-01,2.162212786381587371e-01,3.161203759889086307e-02,1.888586956521739191e-01
1.400000000000000000e+02,1.902173913043478382e-01,2.803960790493112976e-01,4.960161475649994822e-02,1.902173913043478382e-01
1.410000000000000000e+02,1.915760869565217295e-01,2.244511361151298456e-01,2.982581671982339339e-02,1.915760869565217295e-01
1.420000000000000000e+02,1.929347826086956486e-01,2.580725783049679922e-01,3.055192401617071868e-02,1.929347826086956486e-01
1.430000000000000000e+02,1.942934782608695676e-01,2.033301549702710709e-01,2.860081009285128303e-02,1.942934782608695676e-01
1.440000000000000000e+02,1.956521739130434867e-01,2.573149327812304099e-01,3.241687055535334705e-02,1.956521739130434867e-01
1.450000000000000000e+02,1.970108695652173780e-01,2.659496857044276741e-01,4.367172343833682080e-02,1.970108695652173780e-01
1.460000000000000000e+02,1.983695652173912971e-01,2.571813946297062392e-01,3.575821623507778602e-02,1.983695652173912971e-01
1.470000000000000000e+02,1.997282608695652162e-01,2.139635155078403184e-01,2.602830091023860745e-02,1.997282608695652162e-01
1.480000000000000000e+02,2.010869565217391353e-01,2.958517552124630967e-01,4.256714581441811002e-02,2.010869565217391353e-01
1.490000000000000000e+02,2.024456521739130543e-01,2.877509295259931266e-01,4.119230046338688556e-02,2.024456521739130543e-01
1.500000000000000000e+02,2.038043478260869457e-01,2.149374981825316611e-01,3.201164770588125347e-02,2.038043478260869457e-01
1.510000000000000000e+02,2.051630434782608647e-01,2.793225131960030416e-01,3.246232462891101428e-02,2.051630434782608647e-01
1.520000000000000000e+02,2.065217391304347838e-01,3.000413937410434384e-01,3.386472232934462090e-02,2.065217391304347838e-01
1.530000000000000000e+02,2.078804347826087029e-01,2.310819051401164781e-01,2.735894019120812745e-02,2.078804347826087029e-01
1.540000000000000000e+02,2.092391304347826220e-01,2.833190182259125445e-01,3.291139276616853598e-02,2.092391304347826220e-01
1.550000000000000000e+02,2.105978260869565133e-01,2.412154518328733233e-01,3.039457103150167844e-02,2.105978260869565133e-01
1.560000000000000000e+02,2.119565217391304324e-01,2.791384764323935341e-01,3.991525048005988702e-02,2.119565217391304324e-01
1.570000000000000000e+02,2.133152173913043514e-01,3.440144698899120779e-01,4.791305559388753937e-02,2.133152173913043514e-01
1.580000000000000000e+02,2.146739130434782705e-01,3.306315680088476872e-01,4.570525752422545385e-02,2.146739130434782705e-01
1.590000000000000000e+02,2.160326086956521618e-01,2.923163468176044888e-01,3.418111452211106127e-02,2.160326086956521618e-01
1.600000000000000000e+02,2.173913043478260809e-01,3.565673152382486388e-01,3.714207072706043888e-02,2.173913043478260809e-01
1.610000000000000000e+02,2.187500000000000000e-01,2.089417565970544122e-01,2.782879869172404444e-02,2.187500000000000000e-01
1.620000000000000000e+02,2.201086956521739191e-01,2.833948846851905845e-01,3.906126350653327250e-02,2.201086956521739191e-01
1.630000000000000000e+02,2.214673913043478382e-01,2.258332196303446671e-01,2.719039651035189131e-02,2.214673913043478382e-01
1.640000000000000000e+02,2.228260869565217295e-01,2.620231741117132196e-01,3.391227593498755827e-02,2.228260869565217295e-01
1.650000000000000000e+02,2.241847826086956486e-01,3.036750727541854267e-01,4.167636272503371514e-02,2.241847826086956486e-01
1.660000000000000000e+02,2.255434782608695676e-01,4.321839499797077155e-01,5.672450989012801231e-02,2.255434782608695676e-01
1.670000000000000000e+02,2.269021739130434867e-01,2.376211742368792845e-01,2.419670792197869957e-02,2.269021739130434867e-01
1.680000000000000000e+02,2.282608695652173780e-01,3.329608043355920532e-01,5.203702974335282921e-02,2.282608695652173780e-01
1.690000000000000000e+02,2.296195652173912971e-01,2.813700996029722678e-01,5.060440389502764841e-02,2.296195652173912971e-01
1.700000000000000000e+02,2.309782608695652162e-01,2.492283630144301043e-01,2.922571057338778366e-02,2.309782608695652162e-01
1.710000000000000000e+02,2.323369565217391353e-01,2.579538017244044634e-01,3.414746638678669427e-02,2.323369565217391353e-01
1.720000000000000000e+02,2.336956521739130543e-01,2.278589191105941658e-01,2.283378901992350399e-02,2.336956521739130543e-01
1.730000000000000000e+02,2.350543478260869457e-01,1.843839006051834484e-01,2.352116564137857885e-02,2.350543478260869457e-01
1.740000000000000000e+02,2.364130434782608647e-01,2.615173334221736479e-01,2.896818279264901097e-02,2.364130434782608647e-01
1.750000000000000000e+02,2.377717391304347838e-01,2.317428491824839176e-01,3.169185908292174864e-02,2.377717391304347838e-01
1.760000000000000000e+02,2.391304347826087029e-01,2.967315665547918258e-01,4.153299031507860090e-02,2.391304347826087029e-01
1.770000000000000000e+02,2.404891304347826220e-01,2.238519466032313221e-01,2.629704872610962030e-02,2.404891304347826220e-01
1.780000000000000000e+02,2.418478260869565133e-01,3.536146388705432297e-01,4.969310769069791578e-02,2.418478260869565133e-01
1.790000000000000000e+02,2.432065217391304324e-01,2.547632007223823991e-01,3.301801452988727820e-02,2.432065217391304324e-01
1.800000000000000000e+02,2.445652173913043514e-01,2.967786929348186775e-01,4.082606126466847840e-02,2.445652173913043514e-01
1.810000000000000000e+02,2.459239130434782705e-01,1.800126407551928542e-01,2.626867428427722903e-02,2.459239130434782705e-01
1.820000000000000000e+02,2.472826086956521618e-01,3.196976126252478179e-01,3.850951123779262908e-02,2.472826086956521618e-01
1.830000000000000000e+02,2.486413043478260809e-01,2.503591283856122507e-01,3.809675017349611892e-02,2.486413043478260809e-01
1.840000000000000000e+02,2.500000000000000000e-01,3.503562005439758709e-01,6.478685597417745134e-02,2.500000000000000000e-01
1.850000000000000000e+02,2.513586956521738913e-01,2.472575059949884968e-01,3.318781720849163508e-02,2.513586956521738913e-01
1.860000000000000000e+02,2.527173913043478382e-01,2.968335009966808768e-01,3.448547845712610777e-02,2.527173913043478382e-01
1.870000000000000000e+02,2.540760869565217295e-01,2.625845816028051782e-01,3.500155803319911912e-02,2.540760869565217295e-01
1.880000000000000000e+02,2.554347826086956763e-01,3.291484790955554462e-01,4.541948910441044596e-02,2.554347826086956763e-01
1.890000000000000000e+02,2.567934782608695676e-01,2.611093419260737680e-01,2.835475646024619711e-02,2.567934782608695676e-01
1.900000000000000000e+02,2.581521739130434590e-01,4.134335583503440104e-01,4.593850344756210402e-02,2.581521739130434590e-01
1.910000000000000000e+02,2.595108695652174058e-01,2.612519833178437723e-01,4.202411491665233867e-02,2.595108695652174058e-01
1.920000000000000000e+02,2.608695652173912971e-01,3.046990111532981715e-01,3.341972267810248282e-02,2.608695652173912971e-01
1.930000000000000000e+02,2.622282608695652439e-01,2.853273729154767180e-01,3.854161082415460265e-02,2.622282608695652439e-01
1.940000000000000000e+02,2.635869565217391353e-01,3.994283109567690060e-01,4.870179637334683814e-02,2.635869565217391353e-01
1.950000000000000000e+02,2.649456521739130266e-01,2.909892913816377602e-01,3.222280086617219236e-02,2.649456521739130266e-01
1.960000000000000000e+02,2.663043478260869734e-01,3.587739167003879404e-01,4.900374513930790682e-02,2.663043478260869734e-01
1.970000000000000000e+02,2.676630434782608647e-01,2.964965193467745674e-01,4.171068922666907458e-02,2.676630434782608647e-01
1.980000000000000000e+02,2.690217391304347561e-01,3.835464328896120989e-01,5.296744679957154228e-02,2.690217391304347561e-01
1.990000000000000000e+02,2.703804347826087029e-01,3.324028986663492002e-01,4.112406208624282827e-02,2.703804347826087029e-01
2.000000000000000000e+02,2.717391304347825942e-01,3.245696905899295714e-01,3.510415166146343274e-02,2.717391304347825942e-01
2.010000000000000000e+02,2.730978260869565410e-01,3.340313131343699560e-01,4.472796343300082522e-02,2.730978260869565410e-01
2.020000000000000000e+02,2.744565217391304324e-01,3.673944978212093648e-01,3.993766354545673358e-02,2.744565217391304324e-01
2.030000000000000000e+02,2.758152173913043237e-01,2.778083433625416210e-01,3.358592351179158497e-02,2.758152173913043237e-01
2.040000000000000000e+02,2.771739130434782705e-01,3.300890513303306184e-01,4.511708450527988218e-02,2.771739130434782705e-01
2.050000000000000000e+02,2.785326086956521618e-01,4.043283022356519707e-01,5.788891856627301907e-02,2.785326086956521618e-01
2.060000000000000000e+02,2.798913043478261087e-01,3.317901774667532666e-01,4.234149974390446353e-02,2.798913043478261087e-01
2.070000000000000000e+02,2.812500000000000000e-01,3.092887149912554867e-01,3.631269524252214720e-02,2.812500000000000000e-01
2.080000000000000000e+02,2.826086956521738913e-01,4.015128992211687287e-01,4.359366888589284034e-02,2.826086956521738913e-01
2.090000000000000000e+02,2.839673913043478382e-01,2.917780837962807849e-01,3.662181437887467722e-02,2.839673913043478382e-01
2.100000000000000000e+02,2.853260869565217295e-01,4.077614572501633838e-01,4.453254513400470294e-02,2.853260869565217295e-01
2.110000000000000000e+02,2.866847826086956763e-01,3.134315613294443303e-01,4.523178708790262514e-02,2.866847826086956763e-01
2.120000000000000000e+02,2.880434782608695676e-01,4.092961853514148207e-01,6.259923046382996625e-02,2.880434782608695676e-01
2.130000000000000000e+02,2.894021739130434590e-01,3.759370400151362257e-01,5.740713018049492522e-02,2.894021739130434590e-01
2.140000000000000000e+02,2.907608695652174058e-01,2.635554610682956378e-01,3.431175206311346676e-02,2.907608695652174058e-01
2.150000000000000000e+02,2.921195652173912971e-01,3.323750073953354867e-01,4.606666549779546427e-02,2.921195652173912971e-01
2.160000000000000000e+02,2.934782608695652439e-01,3.468582023002950709e-01,4.228433892232828090e-02,2.934782608695652439e-01
2.170000000000000000e+02,2.948369565217391353e-01,3.169408705754599431e-01,3.587354182481250486e-02,2.948369565217391353e-01
2.180000000000000000e+02,2.961956521739130266e-01,4.681583733873648234e-01,5.285689241695296775e-02,2.961956521739130266e-01
2.190000000000000000e+02,2.975543478260869734e-01,4.095502913430321135e-01,5.411873674026355940e-02,2.975543478260869734e-01
2.200000000000000000e+02,2.989130434782608647e-01,4.122753167226269055e-01,5.205109016724128457e-02,2.989130434782608647e-01
2.210000000000000000e+02,3.002717391304347561e-01,3.443423276746666595e-01,5.711018488387368391e-02,3.002717391304347561e-01
2.220000000000000000e+02,3.016304347826087029e-01,4.652429886807163406e-01,5.775311491216251342e-02,3.016304347826087029e-01
2.230000000000000000e+02,3.029891304347825942e-01,3.363452331797006090e-01,3.969235571763986975e-02,3.029891304347825942e-01
2.240000000000000000e+02,3.043478260869565410e-01,3.434054899926487492e-01,4.334395421008425953e-02,3.043478260869565410e-01
2.250000000000000000e+02,3.057065217391304324e-01,2.988225002121643326e-01,3.108548656268755178e-02,3.057065217391304324e-01
2.260000000000000000e+02,3.070652173913043237e-01,4.045934167829149941e-01,5.312935162483690965e-02,3.070652173913043237e-01
2.270000000000000000e+02,3.084239130434782705e-01,3.087254477964694321e-01,5.271803551513659647e-02,3.084239130434782705e-01
2.280000000000000000e+02,3.097826086956521618e-01,4.302569459044923161e-01,4.755988219925767757e-02,3.097826086956521618e-01
2.290000000000000000e+02,3.111413043478261087e-01,3.096871073873774249e-01,4.621534715886944922e-02,3.111413043478261087e-01
2.300000000000000000e+02,3.125000000000000000e-01,3.216991164260243896e-01,3.648985985918632574e-02,3.125000000000000000e-01
2.310000000000000000e+02,3.138586956521738913e-01,3.994863451433978696e-01,5.135372009933576731e-02,3.138586956521738913e-01
2.320000000000000000e+02,3.152173913043478382e-01,3.873248092447408863e-01,4.819103606483667729e-02,3.152173913043478382e-01
2.330000000000000000e+02,3.165760869565217295e-01,3.012119826720885407e-01,4.106127065139150017e-02,3.165760869565217295e-01
2.340000000000000000e+02,3.179347826086956763e-01,3.286814567968892598e-01,4.161693377322521481e-02,3.179347826086956763e-01
2.350000000000000000e+02,3.192934782608695676e-01,3.092869455680409274e-01,3.837343694343776923e-02,3.192934782608695676e-01
2.360000000000000000e+02,3.206521739130434590e-01,3.383898479518654967e-01,4.168259657555973413e-02,3.206521739130434590e-01
2.370000000000000000e+02,3.220108695652174058e-01,3.226995264421301801e-01,3.505829257538702060e-02,3.220108695652174058e-01
2.380000000000000000e+02,3.233695652173912971e-01,3.001046007533831883e-01,4.350749392505252194e-02,3.233695652173912971e-01
2.390000000000000000e+02,3.247282608695652439e-01,3.657162154071902926e-01,4.691093981359156090e-02,3.247282608695652439e-01
2.400000000000000000e+02,3.260869565217391353e-01,3.325578587586934809e-01,3.150444128160663493e-02,3.260869565217391353e-01
2.410000000000000000e+02,3.274456521739130266e-01,3.108298235113400310e-01,4.252085251144210182e-02,3.274456521739130266e-01
2.420000000000000000e+02,3.288043478260869734e-01,3.101325115993628367e-01,3.927678504028826734e-02,3.288043478260869734e-01
2.430000000000000000e+02,3.301630434782608647e-01,3.258226576378486783e-01,3.913197525956660372e-02,3.301630434782608647e-01
2.440000000000000000e+02,3.315217391304347561e-01,4.221547137384733528e-01,5.048624822358104003e-02,3.315217391304347561e-01
2.450000000000000000e+02,3.328804347826087029e-01,3.033033189319764289e-01,3.638720108543908732e-02,3.328804347826087029e-01
2.460000000000000000e+02,3.342391304347825942e-01,3.783372930183639404e-01,4.035441074333899480e-02,3.342391304347825942e-01
2.470000000000000000e+02,3.355978260869565410e-01,3.988091682973153307e-01,4.652446672126611671e-02,3.355978260869565410e-01
2.480000000000000000e+02,3.369565217391304324e-01,3.840400065775534943e-01,4.885414986271256754e-02,3.369565217391304324e-01
2.490000000000000000e+02,3.383152173913043237e-01,4.280257351021434786e-01,6.007713688914241568e-02,3.383152173913043237e-01
2.500000000000000000e+02,3.396739130434782705e-01,4.042654644936183317e-01,5.889279489371727211e-02,3.396739130434782705e-01
2.510000000000000000e+02,3.410326086956521618e-01,3.472298178263628632e-01,3.940949303704940204e-02,3.410326086956521618e-01
2.520000000000000000e+02,3.423913043478261087e-01,4.293892907188947561e-01,4.492412774741718490e-02,3.423913043478261087e-01
2.530000000000000000e+02,3.437500000000000000e-01,3.953951651596469552e-01,5.758209116047873638e-02,3.437500000000000000e-01
2.540000000000000000e+02,3.451086956521738913e-01,4.116539482883107559e-01,4.666905789432872209e-02,3.451086956521738913e-01
2.550000000000000000e+02,3.464673913043478382e-01,3.788006167235416499e-01,5.488980701286821223e-02,3.464673913043478382e-01
2.560000000000000000e+02,3.478260869565217295e-01,3.673746812311415866e-01,4.993172869720646084e-02,3.478260869565217295e-01
2.570000000000000000e+02,3.491847826086956763e-01,3.404108340164900270e-01,4.170279505342961573e-02,3.491847826086956763e-01
2.580000000000000000e+02,3.505434782608695676e-01,3.777590468559116066e-01,4.854023577101499592e-02,3.505434782608695676e-01
2.590000000000000000e+02,3.519021739130434590e-01,3.474679602174902127e-01,4.117246502778712514e-02,3.519021739130434590e-01
2.600000000000000000e+02,3.532608695652174058e-01,3.511850109654449659e-01,5.163778825774782699e-02,3.532608695652174058e-01
2.610000000000000000e+02,3.546195652173912971e-01,3.640917582629999982e-01,4.151618986487663060e-02,3.546195652173912971e-01
2.620000000000000000e+02,3.559782608695652439e-01,3.406842034396010410e-01,3.888078849711251034e-02,3.559782608695652439e-01
2.630000000000000000e+02,3.573369565217391353e-01,3.785202470822259802e-01,5.660706031528033727e-02,3.573369565217391353e-01
2.640000000000000000e+02,3.586956521739130266e-01,3.370197273267910854e-01,4.694670244057914249e-02,3.586956521739130266e-01
2.650000000000000000e+02,3.600543478260869734e-01,4.373257653329253314e-01,5.969843799072326040e-02,3.600543478260869734e-01
2.660000000000000000e+02,3.614130434782608647e-01,4.165675479155308558e-01,5.218192299670296880e-02,3.614130434782608647e-01
2.670000000000000000e+02,3.627717391304347561e-01,4.020319492891428759e-01,4.385955597567231523e-02,3.627717391304347561e-01
2.680000000000000000e+02,3.641304347826087029e-01,4.167266242666659015e-01,4.989385113465936994e-02,3.641304347826087029e-01
2.690000000000000000e+02,3.654891304347825942e-01,3.639579323121881482e-01,4.898088763806432433e-02,3.654891304347825942e-01
2.700000000000000000e+02,3.668478260869565410e-01,4.146855520069432366e-01,5.913050018790044077e-02,3.668478260869565410e-01
2.710000000000000000e+02,3.682065217391304324e-01,3.163199175215249404e-01,4.246606389739685655e-02,3.682065217391304324e-01
2.720000000000000000e+02,3.695652173913043237e-01,4.270411144961976380e-01,5.060966783112341022e-02,3.695652173913043237e-01
2.730000000000000000e+02,3.709239130434782705e-01,3.802553818389680651e-01,4.479794045570764660e-02,3.709239130434782705e-01
2.740000000000000000e+02,3.722826086956521618e-01,3.859422408083142408e-01,4.825646693289705608e-02,3.722826086956521618e-01
2.750000000000000000e+02,3.736413043478261087e-01,2.777179426182888600e-01,3.480880422167582228e-02,3.736413043478261087e-01
2.760000000000000000e+02,3.750000000000000000e-01,3.543708269394339472e-01,3.532567384736760852e-02,3.750000000000000000e-01
2.770000000000000000e+02,3.763586956521738913e-01,4.755665703450495663e-01,5.906931871105717408e-02,3.763586956521738913e-01
2.780000000000000000e+02,3.777173913043478382e-01,3.960093503147673055e-01,5.026261915758458571e-02,3.777173913043478382e-01
2.790000000000000000e+02,3.790760869565217295e-01,3.905712828697188166e-01,5.534344600125008090e-02,3.790760869565217295e-01
2.800000000000000000e+02,3.804347826086956763e-01,4.550846360816173108e-01,5.284251516046275382e-02,3.804347826086956763e-01
2.810000000000000000e+02,3.817934782608695676e-01,4.513355327195918698e-01,5.788959819990482231e-02,3.817934782608695676e-01
2.820000000000000000e+02,3.831521739130434590e-01,4.577291336286966050e-01,5.236165972488243670e-02,3.831521739130434590e-01
2.830000000000000000e+02,3.845108695652174058e-01,4.316814926269146313e-01,5.782953070254680250e-02,3.845108695652174058e-01
2.840000000000000000e+02,3.858695652173912971e-01,3.763555750842929593e-01,4.781607501233767904e-02,3.858695652173912971e-01
2.850000000000000000e+02,3.872282608695652439e-01,3.977218295367115908e-01,4.587977654444163472e-02,3.872282608695652439e-01
2.860000000000000000e+02,3.885869565217391353e-01,5.451821397209902775e-01,7.585463256278024424e-02,3.885869565217391353e-01
2.870000000000000000e+02,3.899456521739130266e-01,3.717192721118989795e-01,4.929314460528318870e-02,3.899456521739130266e-01
2.880000000000000000e+02,3.913043478260869734e-01,3.961171674408588972e-01,4.706901051978038680e-02,3.913043478260869734e-01
2.890000000000000000e+02,3.926630434782608647e-01,4.725838324079852382e-01,5.271588369335682145e-02,3.926630434782608647e-01
2.900000000000000000e+02,3.940217391304347561e-01,5.053810668392086924e-01,5.700091402843388694e-02,3.940217391304347561e-01
2.910000000000000000e+02,3.953804347826087029e-01,4.253524377506496257e-01,5.168462132849246937e-02,3.953804347826087029e-01
2.920000000000000000e+02,3.967391304347825942e-01,4.756891531807250773e-01,8.856987845970958062e-02,3.967391304347825942e-01
2.930000000000000000e+02,3.980978260869565410e-01,3.638521030913555721e-01,4.748145112817742791e-02,3.980978260869565410e-01
2.940000000000000000e+02,3.994565217391304324e-01,4.666080911653305852e-01,5.946383793901475340e-02,3.994565217391304324e-01
2.950000000000000000e+02,4.008152173913043237e-01,4.273004093497676514e-01,5.043347382006369006e-02,4.008152173913043237e-01
2.960000000000000000e+02,4.021739130434782705e-01,4.977488639143123894e-01,7.810080704957857167e-02,4.021739130434782705e-01
2.970000000000000000e+02,4.035326086956521618e-01,3.490091229498312742e-01,4.353107241088899348e-02,4.035326086956521618e-01
2.980000000000000000e+02,4.048913043478261087e-01,4.137023604188718173e-01,5.279437394769524033e-02,4.048913043478261087e-01
2.990000000000000000e+02,4.062500000000000000e-01,4.256636145218000711e-01,5.483284868057543976e-02,4.062500000000000000e-01
3.000000000000000000e+02,4.076086956521738913e-01,4.235450184381109318e-01,5.228698343598033732e-02,4.076086956521738913e-01
3.010000000000000000e+02,4.089673913043478382e-01,4.641378648771867788e-01,6.425670599405211569e-02,4.089673913043478382e-01
3.020000000000000000e+02,4.103260869565217295e-01,3.836961072967212671e-01,4.828739245086742515e-02,4.103260869565217295e-01
3.030000000000000000e+02,4.116847826086956763e-01,4.165291986217310449e-01,5.533585939602245207e-02,4.116847826086956763e-01
3.040000000000000000e+02,4.130434782608695676e-01,5.035068453912618924e-01,6.544626043552911887e-02,4.130434782608695676e-01
3.050000000000000000e+02,4.144021739130434590e-01,4.273455225468172913e-01,5.424142977816782257e-02,4.144021739130434590e-01
3.060000000000000000e+02,4.157608695652174058e-01,5.150799349353500922e-01,7.276416813100566872e-02,4.157608695652174058e-01
3.070000000000000000e+02,4.171195652173912971e-01,3.588822718812894053e-01,3.941173906836969998e-02,4.171195652173912971e-01
3.080000000000000000e+02,4.184782608695652439e-01,4.297209993627179037e-01,5.037251711761642214e-02,4.184782608695652439e-01
3.090000000000000000e+02,4.198369565217391353e-01,5.019440003743975698e-01,7.202004697041149150e-02,4.198369565217391353e-01
3.100000000000000000e+02,4.211956521739130266e-01,4.037570746823141987e-01,4.886936389357737776e-02,4.211956521739130266e-01
3.110000000000000000e+02,4.225543478260869734e-01,4.978554790143137065e-01,6.706239048554565874e-02,4.225543478260869734e-01
3.120000000000000000e+02,4.239130434782608647e-01,4.535800145904207437e-01,5.391671838744872131e-02,4.239130434782608647e-01
3.130000000000000000e+02,4.252717391304347561e-01,3.892212140236318008e-01,3.885217831340961880e-02,4.252717391304347561e-01
3.140000000000000000e+02,4.266304347826087029e-01,3.762916589826877933e-01,4.740361821416033683e-02,4.266304347826087029e-01
3.150000000000000000e+02,4.279891304347825942e-01,3.251532527179680776e-01,3.644889144833757949e-02,4.279891304347825942e-01
3.160000000000000000e+02,4.293478260869565410e-01,3.629662351609633242e-01,4.966124458101968397e-02,4.293478260869565410e-01
3.170000000000000000e+02,4.307065217391304324e-01,4.572951040540897960e-01,4.995561320166521518e-02,4.307065217391304324e-01
3.180000000000000000e+02,4.320652173913043237e-01,4.360778325768089880e-01,5.378525909144975942e-02,4.320652173913043237e-01
3.190000000000000000e+02,4.334239130434782705e-01,4.308468975358388242e-01,5.023124903192777158e-02,4.334239130434782705e-01
3.200000000000000000e+02,4.347826086956521618e-01,4.128747874823112118e-01,5.077891673860930599e-02,4.347826086956521618e-01
3.210000000000000000e+02,4.361413043478261087e-01,3.529960495139264909e-01,4.977201469268681400e-02,4.361413043478261087e-01
3.220000000000000000e+02,4.375000000000000000e-01,5.061090934580050327e-01,5.367371730854033490e-02,4.375000000000000000e-01
3.230000000000000000e+02,4.388586956521738913e-01,5.739402169225192862e-01,7.480035398260219404e-02,4.388586956521738913e-01
3.240000000000000000e+02,4.402173913043478382e-01,4.298299746801027554e-01,5.830889645560840412e-02,4.402173913043478382e-01
3.250000000000000000e+02,4.415760869565217295e-01,4.289192795576147743e-01,5.670952496517312619e-02,4.415760869565217295e-01
3.260000000000000000e+02,4.429347826086956763e-01,4.887924981230010180e-01,6.182643633282263601e-02,4.429347826086956763e-01
3.270000000000000000e+02,4.442934782608695676e-01,4.315901900218396259e-01,5.664844822401555319e-02,4.442934782608695676e-01
3.280000000000000000e+02,4.456521739130434590e-01,4.530929736312573342e-01,5.583694300220358453e-02,4.456521739130434590e-01
3.290000000000000000e+02,4.470108695652174058e-01,4.577007347537631055e-01,6.800847395273489082e-02,4.470108695652174058e-01
3.300000000000000000e+02,4.483695652173912971e-01,4.669597681964202107e-01,5.479694487871155512e-02,4.483695652173912971e-01
3.310000000000000000e+02,4.497282608695652439e-01,5.065288881020415523e-01,6.579083469605477574e-02,4.497282608695652439e-01
3.320000000000000000e+02,4.510869565217391353e-01,5.160178636506491667e-01,6.522605907487616372e-02,4.510869565217391353e-01
3.330000000000000000e+02,4.524456521739130266e-01,4.505039028724635020e-01,7.282902261673762645e-02,4.524456521739130266e-01
3.340000000000000000e+02,4.538043478260869734e-01,4.914522652441939421e-01,6.181341063384222789e-02,4.538043478260869734e-01
3.350000000000000000e+02,4.551630434782608647e-01,5.882053413292965827e-01,6.106400078252520458e-02,4.551630434782608647e-01
3.360000000000000000e+02,4.565217391304347561e-01,5.210697406043126589e-01,6.169449115687988816e-02,4.565217391304347561e-01
3.370000000000000000e+02,4.578804347826087029e-01,5.774007479820060240e-01,7.089579963513564786e-02,4.578804347826087029e-01
3.380000000000000000e+02,4.592391304347825942e-01,6.973597199892647147e-01,8.219510184789359519e-02,4.592391304347825942e-01
3.390000000000000000e+02,4.605978260869565410e-01,4.176975057371345446e-01,5.596203877046927733e-02,4.605978260869565410e-01
3.400000000000000000e+02,4.619565217391304324e-01,3.713558800303337626e-01,4.853655838736912337e-02,4.619565217391304324e-01
3.410000000000000000e+02,4.633152173913043237e-01,3.838090909730902389e-01,4.607465068456375462e-02,4.633152173913043237e-01
3.420000000000000000e+02,4.646739130434782705e-01,6.040280670067943447e-01,8.632597204891005738e-02,4.646739130434782705e-01
3.430000000000000000e+02,4.660326086956521618e-01,4.874652835842386289e-01,8.224943899723478891e-02,4.660326086956521618e-01
3.440000000000000000e+02,4.673913043478261087e-01,6.005030267890024698e-01,5.559256200406284543e-02,4.673913043478261087e-01
3.450000000000000000e+02,4.687500000000000000e-01,3.788494886012833684e-01,5.147114559982696180e-02,4.687500000000000000e-01
3.460000000000000000e+02,4.701086956521738913e-01,6.084054184606880744e-01,6.301779923317803178e-02,4.701086956521738913e-01
3.470000000000000000e+02,4.714673913043478382e-01,5.417206337398072780e-01,7.699534836767697732e-02,4.714673913043478382e-01
3.480000000000000000e+02,4.728260869565217295e-01,5.068591925034200418e-01,6.275515172134112085e-02,4.728260869565217295e-01
3.490000000000000000e+02,4.741847826086956763e-01,5.729832497058486851e-01,6.294539609334760810e-02,4.741847826086956763e-01
3.500000000000000000e+02,4.755434782608695676e-01,5.831700291546102477e-01,6.391713109244025193e-02,4.755434782608695676e-01
3.510000000000000000e+02,4.769021739130434590e-01,4.170104743499276068e-01,4.508581166138917601e-02,4.769021739130434590e-01
3.520000000000000000e+02,4.782608695652174058e-01,4.618543837392096729e-01,5.410401647914140494e-02,4.782608695652174058e-01
3.530000000000000000e+02,4.796195652173912971e-01,5.241631294833839494e-01,6.763891251836715024e-02,4.796195652173912971e-01
3.540000000000000000e+02,4.809782608695652439e-01,6.050605311326587854e-01,6.024642757254362879e-02,4.809782608695652439e-01
3.550000000000000000e+02,4.823369565217391353e-01,5.342482485819833871e-01,7.962234285761118913e-02,4.823369565217391353e-01
3.560000000000000000e+02,4.836956521739130266e-01,5.291524158199171213e-01,6.725873574462806759e-02,4.836956521739130266e-01
3.570000000000000000e+02,4.850543478260869734e-01,5.113935155114386344e-01,6.207488162921202812e-02,4.850543478260869734e-01
3.580000000000000000e+02,4.864130434782608647e-01,5.354148678433001685e-01,6.306905779739999107e-02,4.864130434782608647e-01
3.590000000000000000e+02,4.877717391304347561e-01,4.181753687354936577e-01,4.652965336844630539e-02,4.877717391304347561e-01
3.600000000000000000e+02,4.891304347826087029e-01,6.546740517028764028e-01,6.632952831884199318e-02,4.891304347826087029e-01
3.610000000000000000e+02,4.904891304347825942e-01,4.299290474901050763e-01,5.115941849310801787e-02,4.904891304347825942e-01
3.620000000000000000e+02,4.918478260869565410e-01,6.439044225707610813e-01,8.514038543715661544e-02,4.918478260869565410e-01
3.630000000000000000e+02,4.932065217391304324e-01,5.293942515737208865e-01,6.430916108117788743e-02,4.932065217391304324e-01
3.640000000000000000e+02,4.945652173913043237e-01,5.138061589839211241e-01,6.731929501156927453e-02,4.945652173913043237e-01
3.650000000000000000e+02,4.959239130434782705e-01,4.495050472477510328e-01,6.478197411776985548e-02,4.959239130434782705e-01
3.660000000000000000e+02,4.972826086956521618e-01,5.760043548221666088e-01,8.138974592320001589e-02,4.972826086956521618e-01
3.670000000000000000e+02,4.986413043478261087e-01,4.677866871791895864e-01,5.148169359595296951e-02,4.986413043478261087e-01
3.680000000000000000e+02,5.000000000000000000e-01,4.646285369901270168e-01,7.032793597067538149e-02,5.000000000000000000e-01
3.690000000000000000e+02,5.013586956521739468e-01,4.712390826742049454e-01,5.181250277825043965e-02,5.013586956521739468e-01
3.700000000000000000e+02,5.027173913043477826e-01,5.584145458840860110e-01,7.433745419790485642e-02,5.027173913043477826e-01
3.710000000000000000e+02,5.040760869565217295e-01,4.516552730920899150e-01,5.598500247007750369e-02,5.040760869565217295e-01
3.720000000000000000e+02,5.054347826086956763e-01,4.807166575791213536e-01,5.511493168420852212e-02,5.054347826086956763e-01
3.730000000000000000e+02,5.067934782608695121e-01,4.793660833016053502e-01,7.798088809292674783e-02,5.067934782608695121e-01
3.740000000000000000e+02,5.081521739130434590e-01,6.676308385908940046e-01,8.481428697219622892e-02,5.081521739130434590e-01
3.750000000000000000e+02,5.095108695652174058e-01,5.003478060199600952e-01,6.619724906090940220e-02,5.095108695652174058e-01
3.760000000000000000e+02,5.108695652173913526e-01,5.179067286275064186e-01,6.850669161534624074e-02,5.108695652173913526e-01
3.770000000000000000e+02,5.122282608695651884e-01,5.315756397591892002e-01,6.676123652912371864e-02,5.122282608695651884e-01
3.780000000000000000e+02,5.135869565217391353e-01,5.306517168515616500e-01,7.216832340968090675e-02,5.135869565217391353e-01
3.790000000000000000e+02,5.149456521739130821e-01,5.883039368913817180e-01,6.533729847554849146e-02,5.149456521739130821e-01
3.800000000000000000e+02,5.163043478260869179e-01,5.631746569328923702e-01,5.978078733965034447e-02,5.163043478260869179e-01
3.810000000000000000e+02,5.176630434782608647e-01,5.137003887144790948e-01,7.559406757091120810e-02,5.176630434782608647e-01
3.820000000000000000e+02,5.190217391304348116e-01,5.145469658931532964e-01,6.947187896691363329e-02,5.190217391304348116e-01
3.830000000000000000e+02,5.203804347826086474e-01,5.332275699553037374e-01,5.738285400476361708e-02,5.203804347826086474e-01
3.840000000000000000e+02,5.217391304347825942e-01,5.249640451738072366e-01,6.677543420249817951e-02,5.217391304347825942e-01
3.850000000000000000e+02,5.230978260869565410e-01,4.626654230572766480e-01,5.501155901578066304e-02,5.230978260869565410e-01
3.860000000000000000e+02,5.244565217391304879e-01,5.303338243450791412e-01,7.225886804379304251e-02,5.244565217391304879e-01
3.870000000000000000e+02,5.258152173913043237e-01,4.765893896420008158e-01,8.327680489930125440e-02,5.258152173913043237e-01
3.880000000000000000e+02,5.271739130434782705e-01,5.435706695775304187e-01,7.242836767468861792e-02,5.271739130434782705e-01
3.890000000000000000e+02,5.285326086956522174e-01,5.812515757302256780e-01,7.544046174803276106e-02,5.285326086956522174e-01
3.900000000000000000e+02,5.298913043478260532e-01,5.723984667587505015e-01,6.857030849659798144e-02,5.298913043478260532e-01
3.910000000000000000e+02,5.312500000000000000e-01,5.469963959377877050e-01,8.102672667894354752e-02,5.312500000000000000e-01
3.920000000000000000e+02,5.326086956521739468e-01,6.158861795951172668e-01,8.569112895186201118e-02,5.326086956521739468e-01
3.930000000000000000e+02,5.339673913043477826e-01,5.230032171652340134e-01,6.915213600640902902e-02,5.339673913043477826e-01
3.940000000000000000e+02,5.353260869565217295e-01,5.200675247867756479e-01,6.756065391706582435e-02,5.353260869565217295e-01
3.950000000000000000e+02,5.366847826086956763e-01,4.834986441717113448e-01,6.220506041717179663e-02,5.366847826086956763e-01
3.960000000000000000e+02,5.380434782608695121e-01,5.764071305595228623e-01,6.638401606243207742e-02,5.380434782608695121e-01
3.970000000000000000e+02,5.394021739130434590e-01,5.646933791416809401e-01,6.969180361451733641e-02,5.394021739130434590e-01
3.980000000000000000e+02,5.407608695652174058e-01,5.239130598885214374e-01,7.299365613540188813e-02,5.407608695652174058e-01
3.990000000000000000e+02,5.421195652173913526e-01,4.919853263299591717e-01,5.414131959355988205e-02,5.421195652173913526e-01
4.000000000000000000e+02,5.434782608695651884e-01,5.924716987204550200e-01,6.534757570795039772e-02,5.434782608695651884e-01
4.010000000000000000e+02,5.448369565217391353e-01,5.014230931433834026e-01,5.719155158606228223e-02,5.448369565217391353e-01
4.020000000000000000e+02,5.461956521739130821e-01,4.388704716828852326e-01,5.850934349752669877e-02,5.461956521739130821e-01
4.030000000000000000e+02,5.475543478260869179e-01,4.849070339830883203e-01,6.365822353649415455e-02,5.475543478260869179e-01
4.040000000000000000e+02,5.489130434782608647e-01,5.481189981072831507e-01,7.751009598215100049e-02,5.489130434782608647e-01
4.050000000000000000e+02,5.502717391304348116e-01,6.128527927357935168e-01,6.825460718578425789e-02,5.502717391304348116e-01
4.060000000000000000e+02,5.516304347826086474e-01,3.587833844410152628e-01,3.128538007075457039e-02,5.516304347826086474e-01
4.070000000000000000e+02,5.529891304347825942e-01,5.276189314965237243e-01,6.007012262230360805e-02,5.529891304347825942e-01
4.080000000000000000e+02,5.543478260869565410e-01,5.511471362486800585e-01,6.509365939320468919e-02,5.543478260869565410e-01
4.090000000000000000e+02,5.557065217391304879e-01,6.334781111711186297e-01,8.564774876849239049e-02,5.557065217391304879e-01
4.100000000000000000e+02,5.570652173913043237e-01,5.300927445636295365e-01,5.320235581502420763e-02,5.570652173913043237e-01
4.110000000000000000e+02,5.584239130434782705e-01,5.618187995413304048e-01,6.218718936003422848e-02,5.584239130434782705e-01
4.120000000000000000e+02,5.597826086956522174e-01,4.875607797242012542e-01,6.798484600480335371e-02,5.597826086956522174e-01
4.130000000000000000e+02,5.611413043478260532e-01,5.913293165607947932e-01,6.973596474353811747e-02,5.611413043478260532e-01
4.140000000000000000e+02,5.625000000000000000e-01,5.765979943995547252e-01,6.360629975309160800e-02,5.625000000000000000e-01
4.150000000000000000e+02,5.638586956521739468e-01,6.406991437655510380e-01,9.087799366955444380e-02,5.638586956521739468e-01
4.160000000000000000e+02,5.652173913043477826e-01,7.164200305512925526e-01,9.135717992350619876e-02,5.652173913043477826e-01
4.170000000000000000e+02,5.665760869565217295e-01,4.611961558853784893e-01,6.461959084782666063e-02,5.665760869565217295e-01
4.180000000000000000e+02,5.679347826086956763e-01,5.143011280299679688e-01,6.086349150904900307e-02,5.679347826086956763e-01
4.190000000000000000e+02,5.692934782608695121e-01,6.515664053283495294e-01,9.355209109589429639e-02,5.692934782608695121e-01
4.200000000000000000e+02,5.706521739130434590e-01,6.692170541655892979e-01,7.787279959183915357e-02,5.706521739130434590e-01
4.210000000000000000e+02,5.720108695652174058e-01,5.393285881954360539e-01,6.310070476393503380e-02,5.720108695652174058e-01
4.220000000000000000e+02,5.733695652173913526e-01,7.163427822264817335e-01,9.947370059324134317e-02,5.733695652173913526e-01
4.230000000000000000e+02,5.747282608695651884e-01,5.729365170723250689e-01,8.126512672941091364e-02,5.747282608695651884e-01
4.240000000000000000e+02,5.760869565217391353e-01,5.612328314564609677e-01,5.907274150396509688e-02,5.760869565217391353e-01
4.250000000000000000e+02,5.774456521739130821e-01,4.993603132480322615e-01,6.538120011305997847e-02,5.774456521739130821e-01
4.260000000000000000e+02,5.788043478260869179e-01,6.520060240542728813e-01,8.716890043924582776e-02,5.788043478260869179e-01
4.270000000000000000e+02,5.801630434782608647e-01,5.958626378715291549e-01,8.031386493424336193e-02,5.801630434782608647e-01
4.280000000000000000e+02,5.815217391304348116e-01,7.271236763423092331e-01,8.360881095215030867e-02,5.815217391304348116e-01
4.290000000000000000e+02,5.828804347826086474e-01,5.403085458991343515e-01,6.564600537531339874e-02,5.828804347826086474e-01
4.300000000000000000e+02,5.842391304347825942e-01,5.533938512316941560e-01,6.888853773306319317e-02,5.842391304347825942e-01
4.310000000000000000e+02,5.855978260869565410e-01,5.807651978016575844e-01,6.818931301889791241e-02,5.855978260869565410e-01
4.320000000000000000e+02,5.869565217391304879e-01,5.647728015837292226e-01,9.005968832545806213e-02,5.869565217391304879e-01
4.330000000000000000e+02,5.883152173913043237e-01,6.277317369265842384e-01,8.986451682655899331e-02,5.883152173913043237e-01
4.340000000000000000e+02,5.896739130434782705e-01,5.906550559131442668e-01,7.918908713429910484e-02,5.896739130434782705e-01
4.350000000000000000e+02,5.910326086956522174e-01,5.513895217453546049e-01,6.764250501506624547e-02,5.910326086956522174e-01
4.360000000000000000e+02,5.923913043478260532e-01,6.180955165257877582e-01,6.492157921989939739e-02,5.923913043478260532e-01
4.370000000000000000e+02,5.937500000000000000e-01,6.247446708286462647e-01,9.655997632060561719e-02,5.937500000000000000e-01
4.380000000000000000e+02,5.951086956521739468e-01,7.691551071279334462e-01,8.586997592617257036e-02,5.951086956521739468e-01
4.390000000000000000e+02,5.964673913043477826e-01,5.428760890393665717e-01,7.454890834147914758e-02,5.964673913043477826e-01
4.400000000000000000e+02,5.978260869565217295e-01,5.879690273132990308e-01,7.628824457808590365e-02,5.978260869565217295e-01
4.410000000000000000e+02,5.991847826086956763e-01,6.964435527433895379e-01,7.586079671806092439e-02,5.991847826086956763e-01
4.420000000000000000e+02,6.005434782608695121e-01,7.513193993526474657e-01,8.038274893360769502e-02,6.005434782608695121e-01
4.430000000000000000e+02,6.019021739130434590e-01,6.514918498055237706e-01,7.858955023322583555e-02,6.019021739130434590e-01
4.440000000000000000e+02,6.032608695652174058e-01,6.946025585796254953e-01,7.511386180748146069e-02,6.032608695652174058e-01
4.450000000000000000e+02,6.046195652173913526e-01,6.574017566935234091e-01,7.073769223191658795e-02,6.046195652173913526e-01
4.460000000000000000e+02,6.059782608695651884e-01,5.445379758467269182e-01,5.731775530010954633e-02,6.059782608695651884e-01
4.470000000000000000e+02,6.073369565217391353e-01,5.647728987739913942e-01,6.611264182574387582e-02,6.073369565217391353e-01
4.480000000000000000e+02,6.086956521739130821e-01,6.037505942279932647e-01,6.786698050852593700e-02,6.086956521739130821e-01
4.490000000000000000e+02,6.100543478260869179e-01,6.942671905783258657e-01,6.900857243040554867e-02,6.100543478260869179e-01
4.500000000000000000e+02,6.114130434782608647e-01,5.082070636285241916e-01,6.235705049463905608e-02,6.114130434782608647e-01
4.510000000000000000e+02,6.127717391304348116e-01,5.338252103476422983e-01,6.748947025229738717e-02,6.127717391304348116e-01
4.520000000000000000e+02,6.141304347826086474e-01,4.539200099156568413e-01,4.809179066763142468e-02,6.141304347826086474e-01
4.530000000000000000e+02,6.154891304347825942e-01,6.148826199523896863e-01,8.469436884165570945e-02,6.154891304347825942e-01
4.540000000000000000e+02,6.168478260869565410e-01,6.386570310922002891e-01,7.296768554902686998e-02,6.168478260869565410e-01
4.550000000000000000e+02,6.182065217391304879e-01,4.958302089073231556e-01,6.471734097350088921e-02,6.182065217391304879e-01
4.560000000000000000e+02,6.195652173913043237e-01,5.266955306823187799e-01,4.740012045284013736e-02,6.195652173913043237e-01
4.570000000000000000e+02,6.209239130434782705e-01,5.892592730675272339e-01,6.733518144347352963e-02,6.209239130434782705e-01
4.580000000000000000e+02,6.222826086956522174e-01,6.623844143826976838e-01,7.625419713891434803e-02,6.222826086956522174e-01
4.590000000000000000e+02,6.236413043478260532e-01,6.522653127505767534e-01,8.236104887540729447e-02,6.236413043478260532e-01
4.600000000000000000e+02,6.250000000000000000e-01,8.159743104607322106e-01,9.836586468489773305e-02,6.250000000000000000e-01
4.610000000000000000e+02,6.263586956521739468e-01,6.507950621320701678e-01,7.870249950863585087e-02,6.263586956521739468e-01
4.620000000000000000e+02,6.277173913043477826e-01,6.711307282793916862e-01,6.559279953998843615e-02,6.277173913043477826e-01
4.630000000000000000e+02,6.290760869565217295e-01,6.281796587064879533e-01,6.709022610468041992e-02,6.290760869565217295e-01
4.640000000000000000e+02,6.304347826086956763e-01,6.219186097807974933e-01,9.323646857954175082e-02,6.304347826086956763e-01
4.650000000000000000e+02,6.317934782608695121e-01,6.630201161536233290e-01,8.307875173218955134e-02,6.317934782608695121e-01
4.660000000000000000e+02,6.331521739130434590e-01,5.698608709892870605e-01,8.958938643792895007e-02,6.331521739130434590e-01
4.670000000000000000e+02,6.345108695652174058e-01,7.175697322328793426e-01,8.928301859509354954e-02,6.345108695652174058e-01
4.680000000000000000e+02,6.358695652173913526e-01,5.800096536895458232e-01,6.838134005709170515e-02,6.358695652173913526e-01
4.690000000000000000e+02,6.372282608695651884e-01,5.467560956236191538e-01,8.179437228976468854e-02,6.372282608695651884e-01
4.700000000000000000e+02,6.385869565217391353e-01,6.803875625071668098e-01,8.506814597876079242e-02,6.385869565217391353e-01
4.710000000000000000e+02,6.399456521739130821e-01,5.439783553546018169e-01,7.192630329864042882e-02,6.399456521739130821e-01
4.720000000000000000e+02,6.413043478260869179e-01,6.919119114306356844e-01,9.132760881553968202e-02,6.413043478260869179e-01
4.730000000000000000e+02,6.426630434782608647e-01,5.816386839544692711e-01,6.724508954343975942e-02,6.426630434782608647e-01
4.740000000000000000e+02,6.440217391304348116e-01,7.459424300697384824e-01,8.688557446393824213e-02,6.440217391304348116e-01
4.750000000000000000e+02,6.453804347826086474e-01,5.337851327493141618e-01,7.150275268534557471e-02,6.453804347826086474e-01
4.760000000000000000e+02,6.467391304347825942e-01,6.868181610988250974e-01,6.664497771105167001e-02,6.467391304347825942e-01
4.770000000000000000e+02,6.480978260869565410e-01,6.236190204440249518e-01,1.065827393840701881e-01,6.480978260869565410e-01
4.780000000000000000e+02,6.494565217391304879e-01,5.420411299532775784e-01,6.637254741410300585e-02,6.494565217391304879e-01
4.790000000000000000e+02,6.508152173913043237e-01,5.895686328764002671e-01,5.958498763954936384e-02,6.508152173913043237e-01
4.800000000000000000e+02,6.521739130434782705e-01,6.269401911258508653e-01,6.010837070408520111e-02,6.521739130434782705e-01
4.810000000000000000e+02,6.535326086956522174e-01,5.783196169526318986e-01,7.019092024723723455e-02,6.535326086956522174e-01
4.820000000000000000e+02,6.548913043478260532e-01,6.156418772570871889e-01,7.958590011081312365e-02,6.548913043478260532e-01
4.830000000000000000e+02,6.562500000000000000e-01,4.940806261481734962e-01,7.897702405133159853e-02,6.562500000000000000e-01
4.840000000000000000e+02,6.576086956521739468e-01,7.125915193279305226e-01,7.717400392156277544e-02,6.576086956521739468e-01
4.850000000000000000e+02,6.589673913043477826e-01,6.341993230317348740e-01,8.953534896751459693e-02,6.589673913043477826e-01
4.860000000000000000e+02,6.603260869565217295e-01,6.348171315958367478e-01,7.666623097135680243e-02,6.603260869565217295e-01
4.870000000000000000e+02,6.616847826086956763e-01,5.857830481265953182e-01,5.825046904314640228e-02,6.616847826086956763e-01
4.880000000000000000e+02,6.630434782608695121e-01,6.112009991719963287e-01,7.261907754636884316e-02,6.630434782608695121e-01
4.890000000000000000e+02,6.644021739130434590e-01,5.497406727775707713e-01,7.987106517088439495e-02,6.644021739130434590e-01
4.900000000000000000e+02,6.657608695652174058e-01,6.692333314773015740e-01,6.995418406250876464e-02,6.657608695652174058e-01
4.910000000000000000e+02,6.671195652173913526e-01,6.556740044619178143e-01,8.667452333734498859e-02,6.671195652173913526e-01
4.920000000000000000e+02,6.684782608695651884e-01,6.571580646503439871e-01,7.787759099060080625e-02,6.684782608695651884e-01
4.930000000000000000e+02,6.698369565217391353e-01,4.465408926103767717e-01,5.443961549060611499e-02,6.698369565217391353e-01
4.940000000000000000e+02,6.711956521739130821e-01,5.990034885818790178e-01,7.547205248613880757e-02,6.711956521739130821e-01
4.950000000000000000e+02,6.725543478260869179e-01,7.351930465376975699e-01,9.550813308532224433e-02,6.725543478260869179e-01
4.960000000000000000e+02,6.739130434782608647e-01,6.969323317494213743e-01,8.041901227268700991e-02,6.739130434782608647e-01
4.970000000000000000e+02,6.752717391304348116e-01,7.244077127227621649e-01,9.410488006746595135e-02,6.752717391304348116e-01
4.980000000000000000e+02,6.766304347826086474e-01,6.621049398911221795e-01,7.853326720496632551e-02,6.766304347826086474e-01
4.990000000000000000e+02,6.779891304347825942e-01,4.791662032737875609e-01,5.529264169048864197e-02,6.779891304347825942e-01
5.000000000000000000e+02,6.793478260869565410e-01,5.994841993271683434e-01,6.266898317654230610e-02,6.793478260869565410e-01
5.010000000000000000e+02,6.807065217391304879e-01,6.356786385458436106e-01,7.380197905077788556e-02,6.807065217391304879e-01
5.020000000000000000e+02,6.820652173913043237e-01,7.909683924855446246e-01,9.754128705002805544e-02,6.820652173913043237e-01
5.030000000000000000e+02,6.834239130434782705e-01,6.617014571734798345e-01,7.225596461045115382e-02,6.834239130434782705e-01
5.040000000000000000e+02,6.847826086956522174e-01,8.051744865430729980e-01,9.096670330145756322e-02,6.847826086956522174e-01
5.050000000000000000e+02,6.861413043478260532e-01,6.310612735523883909e-01,7.927943516043588212e-02,6.861413043478260532e-01
5.060000000000000000e+02,6.875000000000000000e-01,6.910105871994136617e-01,8.203924897904517344e-02,6.875000000000000000e-01
5.070000000000000000e+02,6.888586956521739468e-01,6.243694326417793539e-01,7.261559002105354155e-02,6.888586956521739468e-01
5.080000000000000000e+02,6.902173913043477826e-01,5.082382189717586929e-01,7.360299924220684020e-02,6.902173913043477826e-01
5.090000000000000000e+02,6.915760869565217295e-01,5.592346661177783895e-01,6.492863476877754059e-02,6.915760869565217295e-01
5.100000000000000000e+02,6.929347826086956763e-01,6.372216417996446891e-01,1.084613475627211887e-01,6.929347826086956763e-01
5.110000000000000000e+02,6.942934782608695121e-01,5.216659029638791578e-01,6.064799226459505199e-02,6.942934782608695121e-01
5.120000000000000000e+02,6.956521739130434590e-01,7.079853199993271229e-01,7.749645368200883122e-02,6.956521739130434590e-01
5.130000000000000000e+02,6.970108695652174058e-01,7.651414949286907685e-01,9.682621323405936342e-02,6.970108695652174058e-01
5.140000000000000000e+02,6.983695652173913526e-01,8.298355957117400372e-01,8.719931090313852440e-02,6.983695652173913526e-01
5.150000000000000000e+02,6.997282608695651884e-01,6.381502923867529153e-01,8.174351957562205062e-02,6.997282608695651884e-01
5.160000000000000000e+02,7.010869565217391353e-01,5.415295128141912606e-01,8.086345319701886136e-02,7.010869565217391353e-01
5.170000000000000000e+02,7.024456521739130821e-01,5.894918410632765671e-01,6.795557703846520636e-02,7.024456521739130821e-01
5.180000000000000000e+02,7.038043478260869179e-01,5.328610786036072078e-01,6.169088054762125045e-02,7.038043478260869179e-01
5.190000000000000000e+02,7.051630434782608647e-01,6.775939348292926434e-01,6.904685384691208738e-02,7.051630434782608647e-01
5.200000000000000000e+02,7.065217391304348116e-01,6.822218903777569343e-01,9.047802690805759052e-02,7.065217391304348116e-01
5.210000000000000000e+02,7.078804347826086474e-01,6.699715320610976077e-01,8.822677724270971966e-02,7.078804347826086474e-01
5.220000000000000000e+02,7.092391304347825942e-01,6.210460922819248664e-01,7.164456253565935906e-02,7.092391304347825942e-01
5.230000000000000000e+02,7.105978260869565410e-01,6.136360106902782885e-01,8.516480679517886287e-02,7.105978260869565410e-01
5.240000000000000000e+02,7.119565217391304879e-01,5.888859245036384138e-01,7.875563979163732742e-02,7.119565217391304879e-01
5.250000000000000000e+02,7.133152173913043237e-01,6.132481615376808026e-01,7.022189319358447535e-02,7.133152173913043237e-01
5.260000000000000000e+02,7.146739130434782705e-01,6.747031809953746295e-01,7.761228793442383200e-02,7.146739130434782705e-01
5.270000000000000000e+02,7.160326086956522174e-01,7.121992483851307121e-01,7.550965404596010622e-02,7.160326086956522174e-01
5.280000000000000000e+02,7.173913043478260532e-01,7.387326064722928853e-01,1.040160155972030265e-01,7.173913043478260532e-01
5.290000000000000000e+02,7.187500000000000000e-01,7.175219271824128109e-01,8.645470398426810532e-02,7.187500000000000000e-01
5.300000000000000000e+02,7.201086956521739468e-01,6.142302844177731647e-01,6.544647830523106502e-02,7.201086956521739468e-01
5.310000000000000000e+02,7.214673913043477826e-01,6.674396103575147565e-01,1.041062226129139540e-01,7.214673913043477826e-01
5.320000000000000000e+02,7.228260869565217295e-01,6.724239102686822012e-01,6.846132794760712015e-02,7.228260869565217295e-01
5.330000000000000000e+02,7.241847826086956763e-01,6.740662923517436456e-01,8.462062997884341187e-02,7.241847826086956763e-01
5.340000000000000000e+02,7.255434782608695121e-01,6.676801284018286653e-01,8.864386596258955198e-02,7.255434782608695121e-01
5.350000000000000000e+02,7.269021739130434590e-01,7.004582874178432172e-01,9.034472453846714712e-02,7.269021739130434590e-01
5.360000000000000000e+02,7.282608695652174058e-01,6.466746679546087062e-01,9.158065020952867175e-02,7.282608695652174058e-01
5.370000000000000000e+02,7.296195652173913526e-01,5.726234277287437502e-01,6.778346623732457721e-02,7.296195652173913526e-01
5.380000000000000000e+02,7.309782608695651884e-01,7.977859571465876209e-01,1.148212651743166918e-01,7.309782608695651884e-01
5.390000000000000000e+02,7.323369565217391353e-01,6.473614903348388072e-01,9.084935333130975121e-02,7.323369565217391353e-01
5.400000000000000000e+02,7.336956521739130821e-01,6.618018137677357249e-01,7.164510478770033663e-02,7.336956521739130821e-01
5.410000000000000000e+02,7.350543478260869179e-01,5.462541708176492650e-01,5.489159119136265141e-02,7.350543478260869179e-01
5.420000000000000000e+02,7.364130434782608647e-01,5.760133395006339363e-01,5.753518676654578029e-02,7.364130434782608647e-01
5.430000000000000000e+02,7.377717391304348116e-01,5.992791875301005655e-01,6.899591054046888550e-02,7.377717391304348116e-01
5.440000000000000000e+02,7.391304347826086474e-01,8.261371418009544332e-01,8.461967293600022866e-02,7.391304347826086474e-01
5.450000000000000000e+02,7.404891304347825942e-01,6.307342088939554836e-01,8.078365451690805443e-02,7.404891304347825942e-01
5.460000000000000000e+02,7.418478260869565410e-01,7.825818123628691669e-01,8.421394214813399115e-02,7.418478260869565410e-01
5.470000000000000000e+02,7.432065217391304879e-01,5.717316552878504154e-01,8.294893837714197027e-02,7.432065217391304879e-01
5.480000000000000000e+02,7.445652173913043237e-01,6.550221151908151018e-01,7.659071540797109112e-02,7.445652173913043237e-01
5.490000000000000000e+02,7.459239130434782705e-01,7.602138629902571720e-01,1.046547278428380245e-01,7.459239130434782705e-01
5.500000000000000000e+02,7.472826086956522174e-01,6.701516804654226167e-01,8.868493032061765258e-02,7.472826086956522174e-01
5.510000000000000000e+02,7.486413043478260532e-01,7.364356508838996174e-01,1.096825210861783750e-01,7.486413043478260532e-01
5.520000000000000000e+02,7.500000000000000000e-01,6.197115135483810544e-01,6.673261500016679226e-02,7.500000000000000000e-01
5.530000000000000000e+02,7.513586956521739468e-01,7.126198953294889948e-01,7.314082047692765931e-02,7.513586956521739468e-01
5.540000000000000000e+02,7.527173913043477826e-01,8.229329625431801576e-01,8.496936345343671093e-02,7.527173913043477826e-01
5.550000000000000000e+02,7.540760869565217295e-01,5.911001870754110099e-01,5.465380033613542743e-02,7.540760869565217295e-01
5.560000000000000000e+02,7.554347826086956763e-01,7.129801286351263867e-01,9.881518002020620028e-02,7.554347826086956763e-01
5.570000000000000000e+02,7.567934782608695121e-01,7.516836456150016721e-01,9.995588437048025243e-02,7.567934782608695121e-01
5.580000000000000000e+02,7.581521739130434590e-01,6.823903658888976764e-01,8.458194669481075567e-02,7.581521739130434590e-01
5.590000000000000000e+02,7.595108695652174058e-01,6.839507893492257073e-01,8.758076915545755237e-02,7.595108695652174058e-01
5.600000000000000000e+02,7.608695652173913526e-01,6.166314627989769592e-01,7.270365611961653041e-02,7.608695652173913526e-01
5.610000000000000000e+02,7.622282608695651884e-01,6.917560461854602716e-01,7.694772878290087603e-02,7.622282608695651884e-01
5.620000000000000000e+02,7.635869565217391353e-01,6.755459281510800551e-01,8.767056305381085157e-02,7.635869565217391353e-01
5.630000000000000000e+02,7.649456521739130821e-01,6.059516168673034775e-01,7.539231825453958369e-02,7.649456521739130821e-01
5.640000000000000000e+02,7.663043478260869179e-01,6.404564642704089206e-01,8.279334182601609526e-02,7.663043478260869179e-01
5.650000000000000000e+02,7.676630434782608647e-01,8.026991315873057697e-01,8.831957853286591387e-02,7.676630434782608647e-01
5.660000000000000000e+02,7.690217391304348116e-01,9.432054271101957266e-01,9.721472388798933773e-02,7.690217391304348116e-01
5.670000000000000000e+02,7.703804347826086474e-01,6.140177498248703403e-01,6.935408118206268235e-02,7.703804347826086474e-01
5.680000000000000000e+02,7.717391304347825942e-01,6.291387915178017209e-01,8.394611011703170811e-02,7.717391304347825942e-01
5.690000000000000000e+02,7.730978260869565410e-01,5.520016556466635915e-01,6.326840386340520928e-02,7.730978260869565410e-01
5.700000000000000000e+02,7.744565217391304879e-01,6.064467008366273282e-01,6.664188843701893128e-02,7.744565217391304879e-01
5.710000000000000000e+02,7.758152173913043237e-01,6.964007901032648329e-01,7.904633005883701657e-02,7.758152173913043237e-01
5.720000000000000000e+02,7.771739130434782705e-01,7.573658714193853836e-01,1.054798074891034332e-01,7.771739130434782705e-01
5.730000000000000000e+02,7.785326086956522174e-01,8.538304835893328892e-01,1.105530581350620128e-01,7.785326086956522174e-01
5.740000000000000000e+02,7.798913043478260532e-01,6.356300337261837630e-01,6.380684511282729010e-02,7.798913043478260532e-01
5.750000000000000000e+02,7.812500000000000000e-01,7.287900292188885798e-01,8.695841859991028377e-02,7.812500000000000000e-01
5.760000000000000000e+02,7.826086956521739468e-01,6.690024112243629917e-01,9.262658786942772060e-02,7.826086956521739468e-01
5.770000000000000000e+02,7.839673913043477826e-01,7.956004763922933654e-01,8.873676784609918489e-02,7.839673913043477826e-01
5.780000000000000000e+02,7.853260869565217295e-01,6.778272641654606856e-01,6.424039515102011877e-02,7.853260869565217295e-01
5.790000000000000000e+02,7.866847826086956763e-01,6.694732494502271258e-01,8.260263239346010700e-02,7.866847826086956763e-01
5.800000000000000000e+02,7.880434782608695121e-01,8.144614467309829742e-01,9.127370409604058932e-02,7.880434782608695121e-01
5.810000000000000000e+02,7.894021739130434590e-01,7.247137303590940327e-01,8.724185449722406116e-02,7.894021739130434590e-01
5.820000000000000000e+02,7.907608695652174058e-01,6.723935919121993843e-01,7.989707801619662375e-02,7.907608695652174058e-01
5.830000000000000000e+02,7.921195652173913526e-01,8.243542091649799231e-01,1.065736996997430769e-01,7.921195652173913526e-01
5.840000000000000000e+02,7.934782608695651884e-01,7.621519873041181503e-01,1.056651249476644877e-01,7.934782608695651884e-01
5.850000000000000000e+02,7.948369565217391353e-01,6.449529461488217041e-01,7.230763733181522213e-02,7.948369565217391353e-01
5.860000000000000000e+02,7.961956521739130821e-01,7.349744271465744605e-01,8.691215652635610189e-02,7.961956521739130821e-01
5.870000000000000000e+02,7.975543478260869179e-01,8.610816442109348046e-01,1.112043086001090197e-01,7.975543478260869179e-01
5.880000000000000000e+02,7.989130434782608647e-01,7.768759871021558849e-01,9.763939726986853307e-02,7.989130434782608647e-01
5.890000000000000000e+02,8.002717391304348116e-01,7.800753501783359578e-01,1.157675314025318342e-01,8.002717391304348116e-01
5.900000000000000000e+02,8.016304347826086474e-01,6.702962631381669256e-01,7.315617582283751030e-02,8.016304347826086474e-01
5.910000000000000000e+02,8.029891304347825942e-01,7.284014941201898408e-01,8.634829813863616199e-02,8.029891304347825942e-01
5.920000000000000000e+02,8.043478260869565410e-01,7.535012400250191700e-01,1.072868753450599288e-01,8.043478260869565410e-01
5.930000000000000000e+02,8.057065217391304879e-01,6.066522834344370008e-01,7.737414505361595030e-02,8.057065217391304879e-01
5.940000000000000000e+02,8.070652173913043237e-01,8.254519197979448553e-01,1.044429337278101333e-01,8.070652173913043237e-01
5.950000000000000000e+02,8.084239130434782705e-01,6.430510308448815771e-01,1.011193063495941236e-01,8.084239130434782705e-01
5.960000000000000000e+02,8.097826086956522174e-01,6.900282827838156718e-01,1.028355237971912278e-01,8.097826086956522174e-01
5.970000000000000000e+02,8.111413043478260532e-01,9.253624929842384494e-01,1.119407699852951049e-01,8.111413043478260532e-01
5.980000000000000000e+02,8.125000000000000000e-01,7.857920421544172251e-01,1.041583982054642837e-01,8.125000000000000000e-01
5.990000000000000000e+02,8.138586956521739468e-01,7.663206082004189179e-01,1.000698667818800403e-01,8.138586956521739468e-01
6.000000000000000000e+02,8.152173913043477826e-01,6.047759347973103994e-01,6.763318652302960365e-02,8.152173913043477826e-01
6.010000000000000000e+02,8.165760869565217295e-01,6.205926079206552926e-01,7.391900274765234036e-02,8.165760869565217295e-01
6.020000000000000000e+02,8.179347826086956763e-01,7.895978985461155064e-01,1.081332672813119650e-01,8.179347826086956763e-01
6.030000000000000000e+02,8.192934782608695121e-01,7.694011658301961321e-01,9.502943992113808969e-02,8.192934782608695121e-01
6.040000000000000000e+02,8.206521739130434590e-01,8.810465123464876758e-01,1.101053001634799966e-01,8.206521739130434590e-01
6.050000000000000000e+02,8.220108695652174058e-01,7.994426150343438842e-01,1.049623598188331036e-01,8.220108695652174058e-01
6.060000000000000000e+02,8.233695652173913526e-01,7.735478966647434396e-01,1.122086765561786242e-01,8.233695652173913526e-01
6.070000000000000000e+02,8.247282608695651884e-01,7.805666987903601139e-01,1.005951303169314859e-01,8.247282608695651884e-01
6.080000000000000000e+02,8.260869565217391353e-01,8.293027856000179110e-01,1.173835981000287965e-01,8.260869565217391353e-01
6.090000000000000000e+02,8.274456521739130821e-01,7.827077114097945598e-01,9.925289209490009701e-02,8.274456521739130821e-01
6.100000000000000000e+02,8.288043478260869179e-01,7.518750268142915250e-01,7.508336401048180953e-02,8.288043478260869179e-01
6.110000000000000000e+02,8.301630434782608647e-01,6.868322776484987457e-01,1.009522435064673096e-01,8.301630434782608647e-01
6.120000000000000000e+02,8.315217391304348116e-01,7.064279935306564395e-01,9.070852203172131978e-02,8.315217391304348116e-01
6.130000000000000000e+02,8.328804347826086474e-01,9.478099207310798358e-01,9.643334043195490868e-02,8.328804347826086474e-01
6.140000000000000000e+02,8.342391304347825942e-01,8.342085892538719794e-01,1.203488770321903267e-01,8.342391304347825942e-01
6.150000000000000000e+02,8.355978260869565410e-01,6.437691059097105928e-01,9.253119490042625850e-02,8.355978260869565410e-01
6.160000000000000000e+02,8.369565217391304879e-01,6.856114447629029218e-01,7.454792716635723349e-02,8.369565217391304879e-01
6.170000000000000000e+02,8.383152173913043237e-01,7.642704048156931940e-01,8.389493903857890567e-02,8.383152173913043237e-01
6.180000000000000000e+02,8.396739130434782705e-01,7.251658289469188334e-01,8.658852894542433398e-02,8.396739130434782705e-01
6.190000000000000000e+02,8.410326086956522174e-01,5.737528176027668625e-01,7.904261599175543829e-02,8.410326086956522174e-01
6.200000000000000000e+02,8.423913043478260532e-01,7.215351500255955397e-01,8.995612401502282862e-02,8.423913043478260532e-01
6.210000000000000000e+02,8.437500000000000000e-01,5.730763050327306596e-01,7.504901357618688762e-02,8.437500000000000000e-01
6.220000000000000000e+02,8.451086956521739468e-01,7.476043134411879398e-01,9.278818914256954653e-02,8.451086956521739468e-01
6.230000000000000000e+02,8.464673913043477826e-01,7.141781411284637837e-01,9.999014936817884891e-02,8.464673913043477826e-01
6.240000000000000000e+02,8.478260869565217295e-01,7.945573359400898150e-01,9.961743207401203837e-02,8.478260869565217295e-01
6.250000000000000000e+02,8.491847826086956763e-01,7.629883166126349980e-01,1.151255234414784584e-01,8.491847826086956763e-01
6.260000000000000000e+02,8.505434782608695121e-01,6.975669270600975969e-01,8.784554309379866144e-02,8.505434782608695121e-01
6.270000000000000000e+02,8.519021739130434590e-01,6.859744097620019687e-01,9.030411298025442512e-02,8.519021739130434590e-01
6.280000000000000000e+02,8.532608695652174058e-01,7.531112707763809588e-01,8.144243072927158378e-02,8.532608695652174058e-01
6.290000000000000000e+02,8.546195652173913526e-01,7.149743861556282498e-01,9.291736429247035578e-02,8.546195652173913526e-01
6.300000000000000000e+02,8.559782608695651884e-01,7.440892094299871307e-01,8.076874860381527688e-02,8.559782608695651884e-01
6.310000000000000000e+02,8.573369565217391353e-01,7.020584359992342316e-01,8.218881565921230814e-02,8.573369565217391353e-01
6.320000000000000000e+02,8.586956521739130821e-01,7.985468114937315232e-01,1.278981566693169203e-01,8.586956521739130821e-01
6.330000000000000000e+02,8.600543478260869179e-01,7.113227001799494742e-01,9.554870044326672918e-02,8.600543478260869179e-01
6.340000000000000000e+02,8.614130434782608647e-01,9.081181197835184182e-01,9.657762927929967878e-02,8.614130434782608647e-01
6.350000000000000000e+02,8.627717391304348116e-01,8.336670990548616933e-01,1.009652726141619661e-01,8.627717391304348116e-01
6.360000000000000000e+02,8.641304347826086474e-01,7.069944004114254721e-01,7.911420137856225998e-02,8.641304347826086474e-01
6.370000000000000000e+02,8.654891304347825942e-01,6.032227542508060703e-01,6.983441436580679895e-02,8.654891304347825942e-01
6.380000000000000000e+02,8.668478260869565410e-01,6.965661186904208435e-01,7.039836048996506168e-02,8.668478260869565410e-01
6.390000000000000000e+02,8.682065217391304879e-01,9.577140874851509666e-01,1.437604068091085929e-01,8.682065217391304879e-01
6.400000000000000000e+02,8.695652173913043237e-01,6.702577072782928136e-01,7.425517249649768448e-02,8.695652173913043237e-01
6.410000000000000000e+02,8.709239130434782705e-01,6.823244390047478181e-01,8.114890578270288202e-02,8.709239130434782705e-01
6.420000000000000000e+02,8.722826086956522174e-01,7.205822396737321389e-01,9.229434026107716238e-02,8.722826086956522174e-01
6.430000000000000000e+02,8.736413043478260532e-01,6.168770136978618535e-01,7.099681195088911045e-02,8.736413043478260532e-01
6.440000000000000000e+02,8.750000000000000000e-01,8.560755126574141061e-01,1.082873296960212700e-01,8.750000000000000000e-01
6.450000000000000000e+02,8.763586956521739468e-01,7.338103225774739169e-01,8.136594109671586861e-02,8.763586956521739468e-01
6.460000000000000000e+02,8.777173913043477826e-01,9.672354814262689171e-01,1.065893114635103611e-01,8.777173913043477826e-01
6.470000000000000000e+02,8.790760869565217295e-01,7.247707712820342651e-01,1.237043801326923181e-01,8.790760869565217295e-01
6.480000000000000000e+02,8.804347826086956763e-01,7.753081829443368989e-01,1.001358079661747863e-01,8.804347826086956763e-01
6.490000000000000000e+02,8.817934782608695121e-01,5.960540886877208067e-01,7.903942621721428419e-02,8.817934782608695121e-01
6.500000000000000000e+02,8.831521739130434590e-01,9.965813562214453913e-01,1.039626640771587895e-01,8.831521739130434590e-01
6.510000000000000000e+02,8.845108695652174058e-01,7.681593578592051941e-01,1.100437316839811969e-01,8.845108695652174058e-01
6.520000000000000000e+02,8.858695652173913526e-01,9.017661567651799048e-01,8.708613746234319941e-02,8.858695652173913526e-01
6.530000000000000000e+02,8.872282608695651884e-01,6.420989011388815726e-01,8.260471736091576367e-02,8.872282608695651884e-01
6.540000000000000000e+02,8.885869565217391353e-01,7.514804947282960335e-01,9.026910751987539394e-02,8.885869565217391353e-01
6.550000000000000000e+02,8.899456521739130821e-01,7.086910394076602060e-01,9.110137729865656897e-02,8.899456521739130821e-01
6.560000000000000000e+02,8.913043478260869179e-01,7.902963697759480821e-01,7.589989474815178605e-02,8.913043478260869179e-01
6.570000000000000000e+02,8.926630434782608647e-01,6.028883780865567088e-01,7.870999245802803856e-02,8.926630434782608647e-01
6.580000000000000000e+02,8.940217391304348116e-01,8.090803026899453521e-01,8.914857572777361294e-02,8.940217391304348116e-01
6.590000000000000000e+02,8.953804347826086474e-01,8.057434331120341131e-01,9.392057216900603911e-02,8.953804347826086474e-01
6.600000000000000000e+02,8.967391304347825942e-01,8.675684165305992401e-01,1.009508438272300052e-01,8.967391304347825942e-01
6.610000000000000000e+02,8.980978260869565410e-01,5.483911062064765751e-01,9.256251341877011485e-02,8.980978260869565410e-01
6.620000000000000000e+02,8.994565217391304879e-01,7.112207335052642687e-01,8.773973848129867914e-02,8.994565217391304879e-01
6.630000000000000000e+02,9.008152173913043237e-01,7.039182610474906676e-01,9.079323310790600454e-02,9.008152173913043237e-01
6.640000000000000000e+02,9.021739130434782705e-01,7.508597235874955311e-01,9.909360406517168929e-02,9.021739130434782705e-01
6.650000000000000000e+02,9.035326086956522174e-01,6.495647257034956601e-01,7.116910695172519452e-02,9.035326086956522174e-01
6.660000000000000000e+02,9.048913043478260532e-01,7.459093557327455271e-01,8.321760264433097909e-02,9.048913043478260532e-01
6.670000000000000000e+02,9.062500000000000000e-01,8.387186400160360211e-01,1.235312996370036831e-01,9.062500000000000000e-01
6.680000000000000000e+02,9.076086956521739468e-01,7.141785838617598081e-01,9.310920201617096936e-02,9.076086956521739468e-01
6.690000000000000000e+02,9.089673913043477826e-01,7.001146915419912409e-01,7.517116225809886143e-02,9.089673913043477826e-01
6.700000000000000000e+02,9.103260869565217295e-01,8.699010739007952964e-01,1.170799016582626390e-01,9.103260869565217295e-01
6.710000000000000000e+02,9.116847826086956763e-01,7.461865734160927355e-01,8.754034730632724581e-02,9.116847826086956763e-01
6.720000000000000000e+02,9.130434782608695121e-01,9.178602209111454968e-01,1.114681854010170364e-01,9.130434782608695121e-01
6.730000000000000000e+02,9.144021739130434590e-01,7.474455978205030160e-01,7.740574394539906367e-02,9.144021739130434590e-01
6.740000000000000000e+02,9.157608695652174058e-01,9.009371618366392998e-01,9.519924763937451240e-02,9.157608695652174058e-01
6.750000000000000000e+02,9.171195652173913526e-01,6.016085279324663304e-01,7.098610955124425026e-02,9.171195652173913526e-01
6.760000000000000000e+02,9.184782608695651884e-01,7.542360840127084742e-01,1.076343534636298171e-01,9.184782608695651884e-01
6.770000000000000000e+02,9.198369565217391353e-01,9.760261938692784689e-01,1.112720280020872976e-01,9.198369565217391353e-01
6.780000000000000000e+02,9.211956521739130821e-01,7.551809957497835901e-01,8.029812452200804640e-02,9.211956521739130821e-01
6.790000000000000000e+02,9.225543478260869179e-01,5.483665860008283266e-01,7.853930377186099654e-02,9.225543478260869179e-01
6.800000000000000000e+02,9.239130434782608647e-01,7.855153521885420709e-01,9.435699192502235155e-02,9.239130434782608647e-01
6.810000000000000000e+02,9.252717391304348116e-01,8.735537483198658748e-01,9.447240123448873150e-02,9.252717391304348116e-01
6.820000000000000000e+02,9.266304347826086474e-01,6.466394306609590803e-01,7.784044463441743000e-02,9.266304347826086474e-01
6.830000000000000000e+02,9.279891304347825942e-01,7.140907296138665483e-01,7.736406858997188496e-02,9.279891304347825942e-01
6.840000000000000000e+02,9.293478260869565410e-01,7.857016088133470522e-01,9.283949084622478143e-02,9.293478260869565410e-01
6.850000000000000000e+02,9.307065217391304879e-01,5.809141840996171480e-01,7.457090636698915365e-02,9.307065217391304879e-01
6.860000000000000000e+02,9.320652173913043237e-01,7.292830663025925420e-01,8.839882154733309794e-02,9.320652173913043237e-01
6.870000000000000000e+02,9.334239130434782705e-01,7.704449387956938677e-01,9.380358556635208511e-02,9.334239130434782705e-01
6.880000000000000000e+02,9.347826086956522174e-01,7.525113695632722477e-01,7.985695327599798277e-02,9.347826086956522174e-01
6.890000000000000000e+02,9.361413043478260532e-01,7.414002030754807127e-01,9.339615587589643331e-02,9.361413043478260532e-01
6.900000000000000000e+02,9.375000000000000000e-01,9.057727741764884932e-01,1.182075538501869139e-01,9.375000000000000000e-01
6.910000000000000000e+02,9.388586956521739468e-01,9.406094574689871646e-01,1.348120667038347487e-01,9.388586956521739468e-01
6.920000000000000000e+02,9.402173913043477826e-01,8.356341003204567075e-01,1.147489638631501857e-01,9.402173913043477826e-01
6.930000000000000000e+02,9.415760869565217295e-01,8.100018752097219998e-01,1.049945623593211974e-01,9.415760869565217295e-01
6.940000000000000000e+02,9.429347826086956763e-01,7.142910086907302558e-01,7.797060513398980375e-02,9.429347826086956763e-01
6.950000000000000000e+02,9.442934782608695121e-01,8.737912572254088461e-01,1.113422576713338774e-01,9.442934782608695121e-01
6.960000000000000000e+02,9.456521739130434590e-01,8.156971676668893778e-01,1.125426946646985171e-01,9.456521739130434590e-01
6.970000000000000000e+02,9.470108695652174058e-01,7.935195024003549591e-01,1.011908540465346895e-01,9.470108695652174058e-01
6.980000000000000000e+02,9.483695652173913526e-01,5.796153895871740680e-01,7.104869773474355166e-02,9.483695652173913526e-01
6.990000000000000000e+02,9.497282608695651884e-01,8.674714316932320424e-01,1.297731761944055373e-01,9.497282608695651884e-01
7.000000000000000000e+02,9.510869565217391353e-01,7.736361951237860080e-01,1.284826499573603897e-01,9.510869565217391353e-01
7.010000000000000000e+02,9.524456521739130821e-01,6.749511814498547757e-01,7.854211975613037411e-02,9.524456521739130821e-01
7.020000000000000000e+02,9.538043478260869179e-01,7.708584645249673128e-01,9.721123444375401323e-02,9.538043478260869179e-01
7.030000000000000000e+02,9.551630434782608647e-01,8.171798806790111502e-01,9.764351418008834771e-02,9.551630434782608647e-01
7.040000000000000000e+02,9.565217391304348116e-01,7.049173294284282187e-01,9.279987900519395816e-02,9.565217391304348116e-01
7.050000000000000000e+02,9.578804347826086474e-01,6.861397683181373885e-01,9.443164573100928938e-02,9.578804347826086474e-01
7.060000000000000000e+02,9.592391304347825942e-01,7.521169568875539779e-01,8.387663388658685160e-02,9.592391304347825942e-01
7.070000000000000000e+02,9.605978260869565410e-01,6.627986735894340065e-01,8.416456685687835615e-02,9.605978260869565410e-01
7.080000000000000000e+02,9.619565217391304879e-01,8.280208128239812115e-01,1.164875641545525947e-01,9.619565217391304879e-01
7.090000000000000000e+02,9.633152173913043237e-01,7.590709992260852301e-01,9.586788807301037385e-02,9.633152173913043237e-01
7.100000000000000000e+02,9.646739130434782705e-01,8.037259354993634419e-01,9.307998028659715539e-02,9.646739130434782705e-01
7.110000000000000000e+02,9.660326086956522174e-01,7.419532074263840427e-01,8.556804150792275687e-02,9.660326086956522174e-01
7.120000000000000000e+02,9.673913043478260532e-01,8.996680636138365550e-01,1.114183993449348598e-01,9.673913043478260532e-01
7.130000000000000000e+02,9.687500000000000000e-01,6.739849451527732960e-01,9.929029219550029872e-02,9.687500000000000000e-01
7.140000000000000000e+02,9.701086956521739468e-01,8.620066399446872918e-01,9.956030138923792350e-02,9.701086956521739468e-01
7.150000000000000000e+02,9.714673913043477826e-01,7.384397543292687827e-01,8.634289169064301994e-02,9.714673913043477826e-01
7.160000000000000000e+02,9.728260869565217295e-01,8.371109400919140020e-01,9.489686824002147025e-02,9.728260869565217295e-01
7.170000000000000000e+02,9.741847826086956763e-01,7.514228454525779810e-01,9.638318913969756707e-02,9.741847826086956763e-01
7.180000000000000000e+02,9.755434782608695121e-01,7.751810594290882150e-01,9.455198301705594610e-02,9.755434782608695121e-01
7.190000000000000000e+02,9.769021739130434590e-01,6.980684768837865928e-01,1.310338915295221618e-01,9.769021739130434590e-01
7.200000000000000000e+02,9.782608695652174058e-01,9.531208129709768384e-01,1.212864889596599327e-01,9.782608695652174058e-01
7.210000000000000000e+02,9.796195652173913526e-01,9.020429257495697906e-01,1.156811604488756778e-01,9.796195652173913526e-01
7.220000000000000000e+02,9.809782608695651884e-01,5.781848696466033166e-01,6.431797720737071622e-02,9.809782608695651884e-01
7.230000000000000000e+02,9.823369565217391353e-01,7.751907307255274659e-01,1.018406573671727794e-01,9.823369565217391353e-01
7.240000000000000000e+02,9.836956521739130821e-01,8.899300144239389310e-01,1.089280329626243216e-01,9.836956521739130821e-01
7.250000000000000000e+02,9.850543478260869179e-01,8.244007862550872812e-01,1.046266153076142041e-01,9.850543478260869179e-01
7.260000000000000000e+02,9.864130434782608647e-01,9.074595837900504280e-01,9.877340809356707774e-02,9.864130434782608647e-01
7.270000000000000000e+02,9.877717391304348116e-01,9.183196341640780247e-01,1.371053562067123532e-01,9.877717391304348116e-01
7.280000000000000000e+02,9.891304347826086474e-01,8.116877390275099025e-01,9.163819664199314430e-02,9.891304347826086474e-01
7.290000000000000000e+02,9.904891304347825942e-01,9.577671835376359022e-01,1.100648616151594372e-01,9.904891304347825942e-01
7.300000000000000000e+02,9.918478260869565410e-01,7.378703712996607100e-01,8.025410985989375745e-02,9.918478260869565410e-01
7.310000000000000000e+02,9.932065217391304879e-01,7.602967065392386425e-01,9.876582573126665987e-02,9.932065217391304879e-01
7.320000000000000000e+02,9.945652173913043237e-01,8.777692180145763023e-01,9.658639452586351148e-02,9.945652173913043237e-01
7.330000000000000000e+02,9.959239130434782705e-01,7.058664216495610377e-01,8.214344970807005430e-02,9.959239130434782705e-01
7.340000000000000000e+02,9.972826086956522174e-01,7.787074902347688177e-01,1.070989704558978628e-01,9.972826086956522174e-01
7.350000000000000000e+02,9.986413043478260532e-01,7.872827426389495953e-01,1.328981488205606409e-01,9.986413043478260532e-01
7.360000000000000000e+02,1.000000000000000000e+00,6.911624987530287090e-01,9.212446626141473915e-02,1.000000000000000000e+00
7.370000000000000000e+02,1.001358695652173836e+00,8.798611238499215448e-01,1.252549993532422745e-01,1.000000000000000000e+00
7.380000000000000000e+02,1.002717391304347894e+00,8.417158812120070221e-01,8.940476462874338837e-02,1.000000000000000000e+00
7.390000000000000000e+02,1.004076086956521729e+00,8.406625617058810507e-01,1.100852722756534563e-01,1.000000000000000000e+00
7.400000000000000000e+02,1.005434782608695565e+00,7.375750088928935133e-01,9.858623414590844680e-02,1.000000000000000000e+00
7.410000000000000000e+02,1.006793478260869623e+00,8.609615162865834614e-01,1.094125334440907010e-01,1.000000000000000000e+00
7.420000000000000000e+02,1.008152173913043459e+00,7.816767708782538238e-01,1.025544637558293837e-01,1.000000000000000000e+00
7.430000000000000000e+02,1.009510869565217295e+00,9.001337530681660093e-01,9.840830825478151522e-02,1.000000000000000000e+00
7.440000000000000000e+02,1.010869565217391353e+00,8.018061803444066493e-01,8.863577161084819356e-02,1.000000000000000000e+00
7.450000000000000000e+02,1.012228260869565188e+00,6.904137666737089063e-01,8.224291381904608178e-02,1.000000000000000000e+00
7.460000000000000000e+02,1.013586956521739024e+00,8.269238887827206064e-01,9.143595702734982900e-02,1.000000000000000000e+00
7.470000000000000000e+02,1.014945652173913082e+00,8.314833000502539484e-01,9.811399730679347397e-02,1.000000000000000000e+00
7.480000000000000000e+02,1.016304347826086918e+00,6.408770531676153404e-01,8.874408514858288244e-02,1.000000000000000000e+00
7.490000000000000000e+02,1.017663043478260976e+00,6.349058365378991153e-01,6.331523274016369329e-02,1.000000000000000000e+00
7.500000000000000000e+02,1.019021739130434812e+00,7.913387971706382640e-01,1.091065820946978543e-01,1.000000000000000000e+00
7.510000000000000000e+02,1.020380434782608647e+00,7.246549888253202010e-01,8.178589757110214797e-02,1.000000000000000000e+00
7.520000000000000000e+02,1.021739130434782705e+00,9.298936518547150643e-01,1.529241500346742444e-01,1.000000000000000000e+00
7.530000000000000000e+02,1.023097826086956541e+00,7.753624206182966327e-01,7.577850626225846042e-02,1.000000000000000000e+00
7.540000000000000000e+02,1.024456521739130377e+00,8.411631462155334527e-01,1.046485384277081876e-01,1.000000000000000000e+00
7.550000000000000000e+02,1.025815217391304435e+00,8.794032044558602879e-01,9.395871254287190000e-02,1.000000000000000000e+00
7.560000000000000000e+02,1.027173913043478271e+00,9.168613683575078666e-01,1.113504770620827866e-01,1.000000000000000000e+00
7.570000000000000000e+02,1.028532608695652106e+00,1.003012116561835976e+00,1.306891828624253404e-01,1.000000000000000000e+00
7.580000000000000000e+02,1.029891304347826164e+00,1.050641306015296150e+00,1.467956152879539011e-01,1.000000000000000000e+00
7.590000000000000000e+02,1.031250000000000000e+00,9.536639881834941823e-01,1.132658235936263302e-01,1.000000000000000000e+00
7.600000000000000000e+02,1.032608695652173836e+00,8.044800091240953410e-01,8.851366381447814402e-02,1.000000000000000000e+00
7.610000000000000000e+02,1.033967391304347894e+00,7.510663067511490487e-01,9.388296621856459523e-02,1.000000000000000000e+00
7.620000000000000000e+02,1.035326086956521729e+00,9.271695444192753488e-01,1.487795490794175390e-01,1.000000000000000000e+00
7.630000000000000000e+02,1.036684782608695565e+00,8.435717161632656502e-01,9.309209473322103967e-02,1.000000000000000000e+00
7.640000000000000000e+02,1.038043478260869623e+00,8.145852443969725520e-01,1.066044468719325872e-01,1.000000000000000000e+00
7.650000000000000000e+02,1.039402173913043459e+00,8.789600467567145747e-01,1.119471464218089879e-01,1.000000000000000000e+00
7.660000000000000000e+02,1.040760869565217295e+00,8.055696468103183960e-01,1.027250247076291895e-01,1.000000000000000000e+00
7.670000000000000000e+02,1.042119565217391353e+00,8.602530117183919689e-01,1.089063389804577342e-01,1.000000000000000000e+00
7.680000000000000000e+02,1.043478260869565188e+00,8.407798433402704497e-01,1.159084577410959827e-01,1.000000000000000000e+00
7.690000000000000000e+02,1.044836956521739024e+00,9.179267755207536350e-01,1.125540205541382954e-01,1.000000000000000000e+00
7.700000000000000000e+02,1.046195652173913082e+00,8.706768329789227323e-01,1.072797532496896772e-01,1.000000000000000000e+00
7.710000000000000000e+02,1.047554347826086918e+00,6.681624154160268336e-01,7.403233802025110943e-02,1.000000000000000000e+00
7.720000000000000000e+02,1.048913043478260976e+00,1.011756416642990430e+00,1.331905066440856045e-01,1.000000000000000000e+00
7.730000000000000000e+02,1.050271739130434812e+00,1.015237001910408443e+00,1.218485205561170015e-01,1.000000000000000000e+00
7.740000000000000000e+02,1.051630434782608647e+00,9.438451554174284164e-01,1.143220500971725978e-01,1.000000000000000000e+00
7.750000000000000000e+02,1.052989130434782705e+00,7.226668892930109278e-01,9.308439926493140837e-02,1.000000000000000000e+00
7.760000000000000000e+02,1.054347826086956541e+00,7.915111470648257264e-01,9.719004282221610502e-02,1.000000000000000000e+00
7.770000000000000000e+02,1.055706521739130377e+00,9.061553775400804644e-01,1.332843736938144064e-01,1.000000000000000000e+00
7.780000000000000000e+02,1.057065217391304435e+00,9.983115410273147861e-01,1.077442430830210518e-01,1.000000000000000000e+00
7.790000000000000000e+02,1.058423913043478271e+00,8.660239540351917231e-01,1.181363919966207099e-01,1.000000000000000000e+00
7.800000000000000000e+02,1.059782608695652106e+00,7.485154790547426940e-01,9.194868717938170510e-02,1.000000000000000000e+00
7.810000000000000000e+02,1.061141304347826164e+00,1.031839343493057504e+00,1.355637833866723541e-01,1.000000000000000000e+00
7.820000000000000000e+02,1.062500000000000000e+00,8.555555891412639502e-01,1.037915829207888829e-01,1.000000000000000000e+00
7.830000000000000000e+02,1.063858695652173836e+00,7.802061398920151492e-01,9.770048039959312869e-02,1.000000000000000000e+00
7.840000000000000000e+02,1.065217391304347894e+00,7.808550133638720858e-01,9.018489708617270784e-02,1.000000000000000000e+00
7.850000000000000000e+02,1.066576086956521729e+00,7.687694952588770558e-01,9.609949107750927200e-02,1.000000000000000000e+00
7.860000000000000000e+02,1.067934782608695565e+00,8.212461417369655292e-01,1.073503630121386138e-01,1.000000000000000000e+00
7.870000000000000000e+02,1.069293478260869623e+00,9.571042752415983568e-01,1.038388845543136568e-01,1.000000000000000000e+00
7.880000000000000000e+02,1.070652173913043459e+00,9.471250363772480974e-01,1.219102162257570815e-01,1.000000000000000000e+00
7.890000000000000000e+02,1.072010869565217295e+00,8.207848452993802280e-01,9.969362525701316868e-02,1.000000000000000000e+00
7.900000000000000000e+02,1.073369565217391353e+00,8.288317532289469769e-01,1.130963970745274133e-01,1.000000000000000000e+00
7.910000000000000000e+02,1.074728260869565188e+00,1.076845562651608246e+00,1.255083644854998459e-01,1.000000000000000000e+00
7.920000000000000000e+02,1.076086956521739024e+00,1.020319444827170630e+00,1.142782457363454990e-01,1.000000000000000000e+00
7.930000000000000000e+02,1.077445652173913082e+00,9.363919393615639519e-01,1.086609872679771688e-01,1.000000000000000000e+00
7.940000000000000000e+02,1.078804347826086918e+00,7.512755917601255939e-01,8.546638887059943013e-02,1.000000000000000000e+00
7.950000000000000000e+02,1.080163043478260976e+00,9.248389909229818295e-01,1.116423340890753679e-01,1.000000000000000000e+00
7.960000000000000000e+02,1.081521739130434812e+00,8.745616928181189076e-01,1.097709036702902152e-01,1.000000000000000000e+00
7.970000000000000000e+02,1.082880434782608647e+00,8.952071060353815612e-01,1.206655693739359797e-01,1.000000000000000000e+00
7.980000000000000000e+02,1.084239130434782705e+00,7.512189056489322336e-01,8.679385910137724092e-02,1.000000000000000000e+00
7.990000000000000000e+02,1.085597826086956541e+00,7.433460889311337416e-01,8.796883264047444806e-02,1.000000000000000000e+00
8.000000000000000000e+02,1.086956521739130377e+00,8.865381575624301513e-01,9.434023457989147710e-02,1.000000000000000000e+00
8.010000000000000000e+02,1.088315217391304435e+00,8.203668691885910302e-01,7.998441006865381064e-02,1.000000000000000000e+00
8.020000000000000000e+02,1.089673913043478271e+00,8.138600425274300498e-01,1.196614810504198073e-01,1.000000000000000000e+00
8.030000000000000000e+02,1.091032608695652106e+00,8.267518073106240317e-01,1.072688185796894234e-01,1.000000000000000000e+00
8.040000000000000000e+02,1.092391304347826164e+00,8.838233319414847688e-01,9.934788247676415440e-02,1.000000000000000000e+00
8.050000000000000000e+02,1.093750000000000000e+00,8.240951370970821532e-01,1.008104642369902493e-01,1.000000000000000000e+00
8.060000000000000000e+02,1.095108695652173836e+00,7.942778530311372931e-01,9.157291928971358907e-02,1.000000000000000000e+00
8.070000000000000000e+02,1.096467391304347894e+00,7.108439498868803774e-01,7.540019446574235118e-02,1.000000000000000000e+00
8.080000000000000000e+02,1.097826086956521729e+00,7.395701175480680067e-01,1.074559704963293921e-01,1.000000000000000000e+00
8.090000000000000000e+02,1.099184782608695565e+00,9.860334733879591029e-01,1.674047817786715742e-01,1.000000000000000000e+00
8.100000000000000000e+02,1.100543478260869623e+00,8.787372947504968890e-01,1.038201077804691425e-01,1.000000000000000000e+00
8.110000000000000000e+02,1.101902173913043459e+00,8.987406386408733905e-01,1.239215876765857316e-01,1.000000000000000000e+00
8.120000000000000000e+02,1.103260869565217295e+00,7.877855665800007623e-01,1.090972433736861757e-01,1.000000000000000000e+00
8.130000000000000000e+02,1.104619565217391353e+00,7.925361873451265415e-01,1.092093342154341062e-01,1.000000000000000000e+00
8.140000000000000000e+02,1.105978260869565188e+00,8.861070184823996998e-01,1.101760598054892515e-01,1.000000000000000000e+00
8.150000000000000000e+02,1.107336956521739024e+00,7.773954670806099143e-01,9.247544715607919352e-02,1.000000000000000000e+00
8.160000000000000000e+02,1.108695652173913082e+00,8.887939234499170338e-01,1.022913237097627936e-01,1.000000000000000000e+00
8.170000000000000000e+02,1.110054347826086918e+00,7.872737079503360214e-01,9.243996154934619458e-02,1.000000000000000000e+00
8.180000000000000000e+02,1.111413043478260976e+00,8.264306116959371229e-01,8.400181594700172061e-02,1.000000000000000000e+00
8.190000000000000000e+02,1.112771739130434812e+00,9.044325488802121837e-01,1.277649139280770119e-01,1.000000000000000000e+00
8.200000000000000000e+02,1.114130434782608647e+00,8.903332516128631413e-01,1.090124164938895412e-01,1.000000000000000000e+00
8.210000000000000000e+02,1.115489130434782705e+00,8.845157475753256948e-01,1.024220608070156024e-01,1.000000000000000000e+00
8.220000000000000000e+02,1.116847826086956541e+00,8.879324708224296536e-01,1.271174588796500915e-01,1.000000000000000000e+00
8.230000000000000000e+02,1.118206521739130377e+00,9.501554930564048984e-01,1.137415815235639921e-01,1.000000000000000000e+00
8.240000000000000000e+02,1.119565217391304435e+00,1.073891922693588796e+00,1.532296212679903902e-01,1.000000000000000000e+00
8.250000000000000000e+02,1.120923913043478271e+00,9.835410931694581471e-01,1.198200649505852949e-01,1.000000000000000000e+00
8.260000000000000000e+02,1.122282608695652106e+00,9.994436041398404580e-01,1.363438997856857016e-01,1.000000000000000000e+00
8.270000000000000000e+02,1.123641304347826164e+00,8.074585235980809017e-01,9.950744143456481672e-02,1.000000000000000000e+00
8.280000000000000000e+02,1.125000000000000000e+00,9.724835429162304035e-01,9.013689342967247387e-02,1.000000000000000000e+00
8.290000000000000000e+02,1.126358695652173836e+00,8.216571005275029593e-01,1.111312345895537901e-01,1.000000000000000000e+00
8.300000000000000000e+02,1.127717391304347894e+00,7.572014859897915340e-01,7.871902013651546626e-02,1.000000000000000000e+00
8.310000000000000000e+02,1.129076086956521729e+00,7.037773229345865023e-01,9.492015345989909814e-02,1.000000000000000000e+00
8.320000000000000000e+02,1.130434782608695565e+00,8.540668464542657823e-01,9.942783893875212220e-02,1.000000000000000000e+00
8.330000000000000000e+02,1.131793478260869623e+00,1.015552589122022509e+00,1.230302006451874097e-01,1.000000000000000000e+00
8.340000000000000000e+02,1.133152173913043459e+00,7.359481628025076327e-01,9.614074355833185370e-02,1.000000000000000000e+00
8.350000000000000000e+02,1.134510869565217295e+00,8.963469469963802894e-01,1.155866853647396358e-01,1.000000000000000000e+00
8.360000000000000000e+02,1.135869565217391353e+00,1.006857630335661113e+00,1.184627273782437179e-01,1.000000000000000000e+00
8.370000000000000000e+02,1.137228260869565188e+00,8.152460994438319730e-01,1.124226000489264576e-01,1.000000000000000000e+00
8.380000000000000000e+02,1.138586956521739024e+00,8.840075584107424111e-01,9.539322289730498006e-02,1.000000000000000000e+00
8.390000000000000000e+02,1.139945652173913082e+00,8.406689088983059222e-01,1.072125377877629765e-01,1.000000000000000000e+00
8.400000000000000000e+02,1.141304347826086918e+00,6.786008833491325998e-01,8.119640963232827024e-02,1.000000000000000000e+00
8.410000000000000000e+02,1.142663043478260976e+00,7.328394833317242174e-01,9.859982527290252208e-02,1.000000000000000000e+00
8.420000000000000000e+02,1.144021739130434812e+00,1.129657312012499304e+00,1.566543659343887507e-01,1.000000000000000000e+00
8.430000000000000000e+02,1.145380434782608647e+00,9.190421372682525680e-01,1.282933536963313526e-01,1.000000000000000000e+00
8.440000000000000000e+02,1.146739130434782705e+00,8.206846666858182981e-01,1.217578558935163563e-01,1.000000000000000000e+00
8.450000000000000000e+02,1.148097826086956541e+00,6.633430439284017099e-01,8.967450367718905746e-02,1.000000000000000000e+00
8.460000000000000000e+02,1.149456521739130377e+00,9.240129693061444049e-01,1.426980458939597907e-01,1.000000000000000000e+00
8.470000000000000000e+02,1.150815217391304435e+00,1.005998453451534269e+00,1.289708468026241339e-01,1.000000000000000000e+00
8.480000000000000000e+02,1.152173913043478271e+00,1.035667148805061499e+00,1.502249687405774470e-01,1.000000000000000000e+00
8.490000000000000000e+02,1.153532608695652106e+00,8.624067889243651752e-01,1.126079216463453658e-01,1.000000000000000000e+00
8.500000000000000000e+02,1.154891304347826164e+00,8.160032031419833798e-01,9.248025326038665506e-02,1.000000000000000000e+00
8.510000000000000000e+02,1.156250000000000000e+00,1.016507891602199898e+00,9.668258011542629760e-02,1.000000000000000000e+00
8.520000000000000000e+02,1.157608695652173836e+00,9.008575476144257133e-01,1.054801223996766207e-01,1.000000000000000000e+00
8.530000000000000000e+02,1.158967391304347894e+00,8.047364383821011824e-01,1.035848892805672078e-01,1.000000000000000000e+00
8.540000000000000000e+02,1.160326086956521729e+00,9.883566193255823862e-01,1.375608170165505684e-01,1.000000000000000000e+00
8.550000000000000000e+02,1.161684782608695565e+00,8.516843488905231352e-01,9.100542812480121035e-02,1.000000000000000000e+00
8.560000000000000000e+02,1.163043478260869623e+00,7.947924060011587466e-01,9.769372158172165421e-02,1.000000000000000000e+00
8.570000000000000000e+02,1.164402173913043459e+00,1.047852653493997144e+00,1.280837786812926427e-01,1.000000000000000000e+00
8.580000000000000000e+02,1.165760869565217295e+00,1.030822257511509354e+00,1.076685614749433167e-01,1.000000000000000000e+00
8.590000000000000000e+02,1.167119565217391353e+00,8.230702389427830834e-01,1.160325484589876388e-01,1.000000000000000000e+00
8.600000000000000000e+02,1.168478260869565188e+00,8.033786661640784921e-01,9.409665838386836734e-02,1.000000000000000000e+00
8.610000000000000000e+02,1.169836956521739024e+00,9.830653451489226313e-01,1.177503529498793999e-01,1.000000000000000000e+00
8.620000000000000000e+02,1.171195652173913082e+00,8.211025198771257916e-01,9.914827511373240643e-02,1.000000000000000000e+00
8.630000000000000000e+02,1.172554347826086918e+00,9.290528396548988210e-01,1.226529905203387200e-01,1.000000000000000000e+00
8.640000000000000000e+02,1.173913043478260976e+00,8.926344889421622408e-01,1.267821756428324231e-01,1.000000000000000000e+00
8.650000000000000000e+02,1.175271739130434812e+00,8.500654581234942109e-01,9.656060736034022263e-02,1.000000000000000000e+00
8.660000000000000000e+02,1.176630434782608647e+00,9.249489388622800234e-01,1.086039026304779637e-01,1.000000000000000000e+00
8.670000000000000000e+02,1.177989130434782705e+00,9.413057229433386963e-01,1.275108733813558604e-01,1.000000000000000000e+00
8.680000000000000000e+02,1.179347826086956541e+00,9.195069200743004600e-01,1.273148798694328510e-01,1.000000000000000000e+00
8.690000000000000000e+02,1.180706521739130377e+00,7.888113832845919937e-01,9.849402394481238110e-02,1.000000000000000000e+00
8.700000000000000000e+02,1.182065217391304435e+00,8.873777996283385150e-01,1.096334257804378043e-01,1.000000000000000000e+00
8.710000000000000000e+02,1.183423913043478271e+00,9.193713769747905440e-01,1.127035620530062454e-01,1.000000000000000000e+00
8.720000000000000000e+02,1.184782608695652106e+00,9.897350897918998358e-01,1.121681362384560898e-01,1.000000000000000000e+00
8.730000000000000000e+02,1.186141304347826164e+00,7.683217102260879727e-01,8.869284154932952080e-02,1.000000000000000000e+00
8.740000000000000000e+02,1.187500000000000000e+00,8.304829055156541795e-01,9.203742989953486719e-02,1.000000000000000000e+00
8.750000000000000000e+02,1.188858695652173836e+00,7.993354590650704194e-01,8.350131053367296219e-02,1.000000000000000000e+00
8.760000000000000000e+02,1.190217391304347894e+00,8.703831154184272778e-01,9.123030376835061794e-02,1.000000000000000000e+00
8.770000000000000000e+02,1.191576086956521729e+00,8.987551636508869235e-01,1.313451197752534272e-01,1.000000000000000000e+00
8.780000000000000000e+02,1.192934782608695565e+00,8.022531031826714010e-01,9.663688813017855261e-02,1.000000000000000000e+00
8.790000000000000000e+02,1.194293478260869623e+00,9.506338034352657118e-01,1.220848374457043223e-01,1.000000000000000000e+00
8.800000000000000000e+02,1.195652173913043459e+00,9.519629777382724312e-01,1.100492777802206112e-01,1.000000000000000000e+00
8.810000000000000000e+02,1.197010869565217295e+00,7.997328204778660909e-01,1.114136532184056144e-01,1.000000000000000000e+00
8.820000000000000000e+02,1.198369565217391353e+00,7.881786475991930940e-01,9.203279298183941748e-02,1.000000000000000000e+00
8.830000000000000000e+02,1.199728260869565188e+00,9.576824265072144682e-01,1.176176742224399330e-01,1.000000000000000000e+00
8.840000000000000000e+02,1.201086956521739024e+00,8.483145053709472139e-01,1.141737031521575657e-01,1.000000000000000000e+00
8.850000000000000000e+02,1.202445652173913082e+00,1.088108801689968264e+00,1.163677043745116879e-01,1.000000000000000000e+00
8.860000000000000000e+02,1.203804347826086918e+00,9.125508052065517406e-01,1.381241302988630015e-01,1.000000000000000000e+00
8.870000000000000000e+02,1.205163043478260976e+00,9.727936560204665239e-01,1.221262939961422350e-01,1.000000000000000000e+00
8.880000000000000000e+02,1.206521739130434812e+00,8.662790218726764691e-01,1.057244059523286261e-01,1.000000000000000000e+00
8.890000000000000000e+02,1.207880434782608647e+00,1.021448381361267588e+00,1.311760955724477484e-01,1.000000000000000000e+00
8.900000000000000000e+02,1.209239130434782705e+00,7.464603346589919752e-01,1.138163395930801292e-01,1.000000000000000000e+00
8.910000000000000000e+02,1.210597826086956541e+00,8.379580622623674646e-01,9.304895188603574951e-02,1.000000000000000000e+00
8.920000000000000000e+02,1.211956521739130377e+00,1.017928974706036716e+00,1.249069537955607434e-01,1.000000000000000000e+00
8.930000000000000000e+02,1.213315217391304435e+00,8.346081849726175728e-01,1.091514870559978645e-01,1.000000000000000000e+00
8.940000000000000000e+02,1.214673913043478271e+00,8.000280203487888375e-01,8.338084170002652007e-02,1.000000000000000000e+00
8.950000000000000000e+02,1.216032608695652106e+00,8.555357219969218496e-01,1.014439284326327517e-01,1.000000000000000000e+00
8.960000000000000000e+02,1.217391304347826164e+00,8.279829308495166851e-01,1.050447577887026057e-01,1.000000000000000000e+00
8.970000000000000000e+02,1.218750000000000000e+00,7.750450368049530692e-01,1.063525639157137381e-01,1.000000000000000000e+00
8.980000000000000000e+02,1.220108695652173836e+00,9.356415776184847655e-01,1.300592549581643664e-01,1.000000000000000000e+00
8.990000000000000000e+02,1.221467391304347894e+00,8.407703161397508396e-01,1.064043305288423780e-01,1.000000000000000000e+00
9.000000000000000000e+02,1.222826086956521729e+00,1.018559486770717504e+00,1.359708917084852808e-01,1.000000000000000000e+00
9.010000000000000000e+02,1.224184782608695565e+00,7.765310212823568481e-01,8.070788465459469152e-02,1.000000000000000000e+00
9.020000000000000000e+02,1.225543478260869623e+00,7.955604508236273631e-01,1.019951547300032568e-01,1.000000000000000000e+00
9.030000000000000000e+02,1.226902173913043459e+00,7.544222223517708104e-01,8.790053074255700649e-02,1.000000000000000000e+00
9.040000000000000000e+02,1.228260869565217295e+00,9.792658625144629037e-01,1.248251467912029622e-01,1.000000000000000000e+00
9.050000000000000000e+02,1.229619565217391353e+00,7.186635308118246579e-01,8.102548050683185121e-02,1.000000000000000000e+00
9.060000000000000000e+02,1.230978260869565188e+00,8.073636578824683330e-01,9.514029815310048876e-02,1.000000000000000000e+00
9.070000000000000000e+02,1.232336956521739024e+00,9.136645637527838204e-01,1.047488699801260442e-01,1.000000000000000000e+00
9.080000000000000000e+02,1.233695652173913082e+00,1.064926294895413017e+00,1.374390674439457949e-01,1.000000000000000000e+00
9.090000000000000000e+02,1.235054347826086918e+00,8.391175031070944312e-01,1.087591573830709868e-01,1.000000000000000000e+00
9.100000000000000000e+02,1.236413043478260976e+00,8.397847588622454618e-01,1.387398157002961707e-01,1.000000000000000000e+00
9.110000000000000000e+02,1.237771739130434812e+00,9.745926091820129589e-01,1.018808954402022626e-01,1.000000000000000000e+00
9.120000000000000000e+02,1.239130434782608647e+00,8.667683048673662238e-01,9.757661565346148480e-02,1.000000000000000000e+00
9.130000000000000000e+02,1.240489130434782705e+00,9.611942951830810822e-01,1.124743337818412126e-01,1.000000000000000000e+00
9.140000000000000000e+02,1.241847826086956541e+00,9.373368780479404139e-01,1.160667072722495335e-01,1.000000000000000000e+00
9.150000000000000000e+02,1.243206521739130377e+00,1.051681764108553185e+00,1.481083364077574460e-01,1.000000000000000000e+00
9.160000000000000000e+02,1.244565217391304435e+00,9.132574395256274347e-01,1.353497412477396578e-01,1.000000000000000000e+00
9.170000000000000000e+02,1.245923913043478271e+00,6.756054303156363572e-01,9.341171472276341148e-02,1.000000000000000000e+00
9.180000000000000000e+02,1.247282608695652106e+00,9.004311761463825725e-01,1.189748309617266603e-01,1.000000000000000000e+00
9.190000000000000000e+02,1.248641304347826164e+00,9.445883775826453554e-01,1.304335435830837608e-01,1.000000000000000000e+00
9.200000000000000000e+02,1.250000000000000000e+00,9.789206240735821574e-01,1.206620266522649421e-01,1.000000000000000000e+00
9.210000000000000000e+02,1.251358695652173836e+00,1.022184954816791613e+00,1.329529691557782278e-01,1.000000000000000000e+00
9.220000000000000000e+02,1.252717391304347894e+00,8.606323908151489732e-01,9.870531343012983738e-02,1.000000000000000000e+00
9.230000000000000000e+02,1.254076086956521729e+00,9.747614177374768207e-01,1.128050180044127132e-01,1.000000000000000000e+00
9.240000000000000000e+02,1.255434782608695565e+00,7.288089960232679854e-01,9.343787272164419400e-02,1.000000000000000000e+00
9.250000000000000000e+02,1.256793478260869623e+00,8.017929742054168418e-01,9.745929031258601660e-02,1.000000000000000000e+00
9.260000000000000000e+02,1.258152173913043459e+00,9.835915760014842801e-01,1.333052227697793246e-01,1.000000000000000000e+00
9.270000000000000000e+02,1.259510869565217295e+00,8.859810143250302916e-01,1.089002556337706068e-01,1.000000000000000000e+00
9.280000000000000000e+02,1.260869565217391353e+00,9.269053059361009872e-01,1.288017716711452321e-01,1.000000000000000000e+00
9.290000000000000000e+02,1.262228260869565188e+00,8.194116277603910037e-01,8.941966868797814050e-02,1.000000000000000000e+00
9.300000000000000000e+02,1.263586956521739024e+00,6.891242784372533237e-01,7.653559947196664215e-02,1.000000000000000000e+00
9.310000000000000000e+02,1.264945652173913082e+00,8.864776471896774757e-01,9.671031127877408040e-02,1.000000000000000000e+00
9.320000000000000000e+02,1.266304347826086918e+00,1.018943877310670487e+00,1.396433022828453552e-01,1.000000000000000000e+00
9.330000000000000000e+02,1.267663043478260976e+00,9.206079029918927681e-01,1.219837170348445354e-01,1.000000000000000000e+00
9.340000000000000000e+02,1.269021739130434812e+00,7.155236101787547653e-01,6.106684813537614082e-02,1.000000000000000000e+00
9.350000000000000000e+02,1.270380434782608647e+00,1.033859169240733289e+00,1.454684583796879704e-01,1.000000000000000000e+00
9.360000000000000000e+02,1.271739130434782705e+00,8.711769420323953739e-01,1.268864313827890999e-01,1.000000000000000000e+00
9.370000000000000000e+02,1.273097826086956541e+00,9.344566615934316589e-01,1.163784759843552868e-01,1.000000000000000000e+00
9.380000000000000000e+02,1.274456521739130377e+00,8.927335629994956889e-01,9.934538268910129977e-02,1.000000000000000000e+00
9.390000000000000000e+02,1.275815217391304435e+00,9.880091375111201835e-01,1.282599399323451073e-01,1.000000000000000000e+00
9.400000000000000000e+02,1.277173913043478271e+00,9.904215044245575639e-01,1.557894573119008863e-01,1.000000000000000000e+00
9.410000000000000000e+02,1.278532608695652106e+00,7.758009387535244050e-01,1.037661999038360372e-01,1.000000000000000000e+00
9.420000000000000000e+02,1.279891304347826164e+00,8.433415694266620521e-01,1.181576312897175685e-01,1.000000000000000000e+00
9.430000000000000000e+02,1.281250000000000000e+00,8.565284220162133755e-01,1.048168524868563906e-01,1.000000000000000000e+00
9.440000000000000000e+02,1.282608695652173836e+00,1.109671709427081820e+00,1.212445868284845740e-01,1.000000000000000000e+00
9.450000000000000000e+02,1.283967391304347894e+00,9.956494889481948274e-01,1.050776539640965873e-01,1.000000000000000000e+00
9.460000000000000000e+02,1.285326086956521729e+00,9.350456361646511949e-01,1.062895095971139459e-01,1.000000000000000000e+00
9.470000000000000000e+02,1.286684782608695565e+00,8.812280495218642873e-01,9.853645854227205403e-02,1.000000000000000000e+00
9.480000000000000000e+02,1.288043478260869623e+00,1.194703088891765352e+00,1.560655668060654533e-01,1.000000000000000000e+00
9.490000000000000000e+02,1.289402173913043459e+00,9.716993015135956258e-01,1.174020084019977428e-01,1.000000000000000000e+00
9.500000000000000000e+02,1.290760869565217295e+00,8.450113845375559762e-01,1.185451730728296071e-01,1.000000000000000000e+00
9.510000000000000000e+02,1.292119565217391353e+00,8.223739610453915105e-01,9.869768053902860938e-02,1.000000000000000000e+00
9.520000000000000000e+02,1.293478260869565188e+00,9.881560993006992533e-01,1.049149376447846699e-01,1.000000000000000000e+00
9.530000000000000000e+02,1.294836956521739024e+00,1.063120052752162259e+00,1.469305504306830101e-01,1.000000000000000000e+00
9.540000000000000000e+02,1.296195652173913082e+00,7.800963771804240166e-01,9.809827834954909509e-02,1.000000000000000000e+00
9.550000000000000000e+02,1.297554347826086918e+00,9.766257982153767614e-01,1.102201165495997059e-01,1.000000000000000000e+00
9.560000000000000000e+02,1.298913043478260976e+00,9.756124076370471521e-01,1.194564963728994567e-01,1.000000000000000000e+00
9.570000000000000000e+02,1.300271739130434812e+00,7.725299156465118555e-01,8.001889371564799291e-02,1.000000000000000000e+00
9.580000000000000000e+02,1.301630434782608647e+00,9.745848937079539809e-01,1.212618798591915958e-01,1.000000000000000000e+00
9.590000000000000000e+02,1.302989130434782705e+00,8.580909291873952682e-01,9.201219949255445840e-02,1.000000000000000000e+00
9.600000000000000000e+02,1.304347826086956541e+00,9.930832716092495849e-01,1.257733137778693777e-01,1.000000000000000000e+00
9.610000000000000000e+02,1.305706521739130377e+00,9.403608448678525411e-01,1.146299728478023111e-01,1.000000000000000000e+00
9.620000000000000000e+02,1.307065217391304435e+00,9.747266770637514899e-01,1.199225386239539809e-01,1.000000000000000000e+00
9.630000000000000000e+02,1.308423913043478271e+00,9.023352735267597957e-01,1.129937992595183432e-01,1.000000000000000000e+00
9.640000000000000000e+02,1.309782608695652106e+00,8.414744046813944500e-01,8.601862306872967712e-02,1.000000000000000000e+00
9.650000000000000000e+02,1.311141304347826164e+00,9.551752363844033811e-01,1.173770334843190211e-01,1.000000000000000000e+00
9.660000000000000000e+02,1.312500000000000000e+00,8.811425097729592704e-01,1.046575420567475018e-01,1.000000000000000000e+00
9.670000000000000000e+02,1.313858695652173836e+00,1.004198145259257657e+00,1.093189179399047667e-01,1.000000000000000000e+00
9.680000000000000000e+02,1.315217391304347894e+00,9.126991268753348319e-01,1.113969401872559745e-01,1.000000000000000000e+00
9.690000000000000000e+02,1.316576086956521729e+00,6.026444146028204774e-01,7.026619398610502165e-02,1.000000000000000000e+00
9.700000000000000000e+02,1.317934782608695565e+00,1.279462229230595938e+00,1.506063365802542686e-01,1.000000000000000000e+00
9.710000000000000000e+02,1.319293478260869623e+00,7.121634223454343937e-01,9.007733532533652998e-02,1.000000000000000000e+00
9.720000000000000000e+02,1.320652173913043459e+00,8.017830566972856676e-01,8.816497474094746323e-02,1.000000000000000000e+00
9.730000000000000000e+02,1.322010869565217295e+00,8.000865135545387474e-01,8.655659635456806889e-02,1.000000000000000000e+00
9.740000000000000000e+02,1.323369565217391353e+00,1.183825434018634937e+00,1.738023072204129549e-01,1.000000000000000000e+00
9.750000000000000000e+02,1.324728260869565188e+00,9.676476328743451871e-01,1.092739930482228145e-01,1.000000000000000000e+00
9.760000000000000000e+02,1.326086956521739024e+00,8.312034483048780231e-01,1.191372348728695213e-01,1.000000000000000000e+00
9.770000000000000000e+02,1.327445652173913082e+00,7.759697586602276598e-01,9.047373391898178019e-02,1.000000000000000000e+00
9.780000000000000000e+02,1.328804347826086918e+00,8.168948249086569469e-01,9.722252517654809967e-02,1.000000000000000000e+00
9.790000000000000000e+02,1.330163043478260976e+00,8.954239626609208358e-01,9.702544977802096682e-02,1.000000000000000000e+00
9.800000000000000000e+02,1.331521739130434812e+00,1.021200218456810305e+00,1.481821869320572582e-01,1.000000000000000000e+00
9.810000000000000000e+02,1.332880434782608647e+00,9.098191762744707312e-01,1.170414992989968345e-01,1.000000000000000000e+00
9.820000000000000000e+02,1.334239130434782705e+00,7.403250178301806761e-01,7.246402435673651721e-02,1.000000000000000000e+00
9.830000000000000000e+02,1.335597826086956541e+00,1.104726140247985100e+00,1.416585527491776020e-01,1.000000000000000000e+00
9.840000000000000000e+02,1.336956521739130377e+00,7.313937918237021218e-01,8.802576389752811425e-02,1.000000000000000000e+00
9.850000000000000000e+02,1.338315217391304435e+00,9.389163080014252261e-01,1.184524811763574964e-01,1.000000000000000000e+00
9.860000000000000000e+02,1.339673913043478271e+00,9.926400119413432144e-01,1.167111693141197615e-01,1.000000000000000000e+00
9.870000000000000000e+02,1.341032608695652106e+00,9.061171072971254681e-01,1.046809339258358423e-01,1.000000000000000000e+00
9.880000000000000000e+02,1.342391304347826164e+00,9.519373718013383057e-01,1.250895769931446577e-01,1.000000000000000000e+00
9.890000000000000000e+02,1.343750000000000000e+00,8.893692035564484399e-01,1.260289020785406444e-01,1.000000000000000000e+00
9.900000000000000000e+02,1.345108695652173836e+00,9.562818080504537077e-01,1.146566111097293839e-01,1.000000000000000000e+00
9.910000000000000000e+02,1.346467391304347894e+00,8.289166517025293723e-01,7.640332015886489025e-02,1.000000000000000000e+00
9.920000000000000000e+02,1.347826086956521729e+00,1.099306269794753987e+00,1.347879588399704398e-01,1.000000000000000000e+00
9.930000000000000000e+02,1.349184782608695565e+00,7.997131201865370631e-01,1.046607518191714076e-01,1.000000000000000000e+00
9.940000000000000000e+02,1.350543478260869623e+00,8.999376427710858994e-01,1.318354120461530665e-01,1.000000000000000000e+00
9.950000000000000000e+02,1.351902173913043459e+00,9.547448056237893832e-01,1.263893424555918299e-01,1.000000000000000000e+00
9.960000000000000000e+02,1.353260869565217295e+00,9.742452889400294858e-01,1.131444795174116752e-01,1.000000000000000000e+00
9.970000000000000000e+02,1.354619565217391353e+00,9.421995726687772965e-01,9.857373979825187482e-02,1.000000000000000000e+00
9.980000000000000000e+02,1.355978260869565188e+00,8.906862224327622979e-01,9.510474696325983690e-02,1.000000000000000000e+00
9.990000000000000000e+02,1.357336956521739024e+00,8.737417861275162956e-01,1.247684152807114200e-01,1.000000000000000000e+00
1.000000000000000000e+03,1.358695652173913082e+00,9.402876004025866319e-01,1.149388444710211926e-01,1.000000000000000000e+00
1.001000000000000000e+03,1.360054347826086918e+00,8.681237366786371812e-01,9.087003104852751922e-02,1.000000000000000000e+00
1.002000000000000000e+03,1.361413043478260976e+00,8.058951350962227922e-01,1.069447437910532317e-01,1.000000000000000000e+00
1.003000000000000000e+03,1.362771739130434812e+00,1.161165385581856668e+00,1.448854381305738903e-01,1.000000000000000000e+00
1.004000000000000000e+03,1.364130434782608647e+00,8.982822726606973784e-01,9.747462187928235267e-02,1.000000000000000000e+00
1.005000000000000000e+03,1.365489130434782705e+00,7.826764211919313707e-01,9.549787438565986164e-02,1.000000000000000000e+00
1.006000000000000000e+03,1.366847826086956541e+00,1.201257663689826227e+00,1.489725907134535621e-01,1.000000000000000000e+00
1.007000000000000000e+03,1.368206521739130377e+00,8.521508252563572139e-01,1.083738192091306396e-01,1.000000000000000000e+00
1.008000000000000000e+03,1.369565217391304435e+00,6.781187597577584825e-01,9.893040963147679834e-02,1.000000000000000000e+00
1.009000000000000000e+03,1.370923913043478271e+00,1.004370804656924632e+00,1.244044609891580694e-01,1.000000000000000000e+00
1.010000000000000000e+03,1.372282608695652106e+00,8.124372237768772154e-01,9.899793637094747578e-02,1.000000000000000000e+00
1.011000000000000000e+03,1.373641304347826164e+00,8.020955257906153824e-01,1.073142374281435968e-01,1.000000000000000000e+00
1.012000000000000000e+03,1.375000000000000000e+00,8.510211616071711171e-01,9.909203233346836059e-02,1.000000000000000000e+00
1.013000000000000000e+03,1.376358695652173836e+00,1.031347340648739452e+00,1.265865890245449210e-01,1.000000000000000000e+00
1.014000000000000000e+03,1.377717391304347894e+00,7.779914737218526222e-01,8.513403316891084149e-02,1.000000000000000000e+00
1.015000000000000000e+03,1.379076086956521729e+00,1.007415154953727576e+00,1.458990189070187293e-01,1.000000000000000000e+00
1.016000000000000000e+03,1.380434782608695565e+00,8.238637127817971528e-01,9.569913367205505617e-02,1.000000000000000000e+00
1.017000000000000000e+03,1.381793478260869623e+00,9.072570418847086815e-01,1.047897688526233384e-01,1.000000000000000000e+00
1.018000000000000000e+03,1.383152173913043459e+00,1.027408603163014966e+00,1.189018333001989197e-01,1.000000000000000000e+00
1.019000000000000000e+03,1.384510869565217295e+00,1.078005639834941354e+00,1.418541969552257476e-01,1.000000000000000000e+00
1.020000000000000000e+03,1.385869565217391353e+00,9.458277637992136277e-01,1.045857938832177730e-01,1.000000000000000000e+00
1.021000000000000000e+03,1.387228260869565188e+00,9.234326686355140978e-01,1.330421987559980701e-01,1.000000000000000000e+00
1.022000000000000000e+03,1.388586956521739024e+00,1.065011529915533384e+00,9.135901109888064364e-02,1.000000000000000000e+00
1.023000000000000000e+03,1.389945652173913082e+00,8.602206180723473983e-01,1.020145520555487545e-01,1.000000000000000000e+00
1.024000000000000000e+03,1.391304347826086918e+00,9.739206952033008236e-01,1.217919994425567531e-01,1.000000000000000000e+00
1.025000000000000000e+03,1.392663043478260976e+00,1.034429272211841777e+00,1.435035167894304353e-01,1.000000000000000000e+00
1.026000000000000000e+03,1.394021739130434812e+00,7.420102560145868109e-01,8.216670813670717832e-02,1.000000000000000000e+00
1.027000000000000000e+03,1.395380434782608647e+00,8.787944957950607483e-01,8.447571023111370703e-02,1.000000000000000000e+00
1.028000000000000000e+03,1.396739130434782705e+00,1.027029960688210952e+00,1.242675156131694686e-01,1.000000000000000000e+00
1.029000000000000000e+03,1.398097826086956541e+00,1.076229793099853671e+00,1.149659853347550220e-01,1.000000000000000000e+00
1.030000000000000000e+03,1.399456521739130377e+00,8.482485654497848859e-01,1.029322372838900185e-01,1.000000000000000000e+00
1.031000000000000000e+03,1.400815217391304435e+00,1.133578581923975870e+00,1.289201912386872262e-01,1.000000000000000000e+00
1.032000000000000000e+03,1.402173913043478271e+00,7.376055518479375239e-01,8.734122556599120679e-02,1.000000000000000000e+00
1.033000000000000000e+03,1.403532608695652106e+00,8.347034838865502460e-01,9.990025819891105996e-02,1.000000000000000000e+00
1.034000000000000000e+03,1.404891304347826164e+00,7.620127938773706422e-01,8.561604618531586108e-02,1.000000000000000000e+00
1.035000000000000000e+03,1.406250000000000000e+00,8.610214346046430878e-01,1.096163954890961301e-01,1.000000000000000000e+00
1.036000000000000000e+03,1.407608695652173836e+00,1.103252778589334904e+00,1.601768081711270053e-01,1.000000000000000000e+00
1.037000000000000000e+03,1.408967391304347894e+00,8.609549429841693025e-01,1.010296231033443043e-01,1.000000000000000000e+00
1.038000000000000000e+03,1.410326086956521729e+00,8.148681642917120493e-01,9.493223862952071546e-02,1.000000000000000000e+00
1.039000000000000000e+03,1.411684782608695565e+00,7.743375657591586858e-01,8.193241277361423824e-02,1.000000000000000000e+00
1.040000000000000000e+03,1.413043478260869623e+00,8.723482294869393527e-01,1.108779035662737222e-01,1.000000000000000000e+00
1.041000000000000000e+03,1.414402173913043459e+00,1.030153304019194804e+00,1.648384866437421215e-01,1.000000000000000000e+00
1.042000000000000000e+03,1.415760869565217295e+00,7.387963542602461464e-01,8.578620831000416391e-02,1.000000000000000000e+00
1.043000000000000000e+03,1.417119565217391353e+00,9.322975177721091189e-01,1.027422695178653034e-01,1.000000000000000000e+00
1.044000000000000000e+03,1.418478260869565188e+00,1.047335903614642127e+00,1.380269498578571563e-01,1.000000000000000000e+00
1.045000000000000000e+03,1.419836956521739024e+00,8.777398200606532086e-01,1.113132109075139625e-01,1.000000000000000000e+00
1.046000000000000000e+03,1.421195652173913082e+00,7.025501486937257845e-01,8.027268209742539906e-02,1.000000000000000000e+00
1.047000000000000000e+03,1.422554347826086918e+00,9.151396818495810548e-01,1.044089582263666299e-01,1.000000000000000000e+00
1.048000000000000000e+03,1.423913043478260976e+00,9.589482949860443917e-01,1.251498243419965350e-01,1.000000000000000000e+00
1.049000000000000000e+03,1.425271739130434812e+00,8.163306941425004792e-01,1.057274308339565677e-01,1.000000000000000000e+00
1.050000000000000000e+03,1.426630434782608647e+00,9.184536337055042576e-01,1.024532162352349007e-01,1.000000000000000000e+00
1.051000000000000000e+03,1.427989130434782705e+00,1.333361196558833894e+00,1.505491875058537765e-01,1.000000000000000000e+00
1.052000000000000000e+03,1.429347826086956541e+00,7.476935020943550336e-01,1.104639897522504133e-01,1.000000000000000000e+00
1.053000000000000000e+03,1.430706521739130377e+00,7.299246399219296855e-01,8.624159334153022605e-02,1.000000000000000000e+00
1.054000000000000000e+03,1.432065217391304435e+00,7.976607231136446652e-01,9.077478767850391539e-02,1.000000000000000000e+00
1.055000000000000000e+03,1.433423913043478271e+00,7.232530042192893971e-01,1.150525024622132686e-01,1.000000000000000000e+00
1.056000000000000000e+03,1.434782608695652106e+00,1.066042571385522164e+00,1.244529354472214550e-01,1.000000000000000000e+00
1.057000000000000000e+03,1.436141304347826164e+00,8.828974815068886262e-01,1.037466488632955292e-01,1.000000000000000000e+00
1.058000000000000000e+03,1.437500000000000000e+00,7.789083518546864315e-01,7.929517584128728536e-02,1.000000000000000000e+00
1.059000000000000000e+03,1.438858695652173836e+00,8.846553465207878109e-01,9.455564328599055934e-02,1.000000000000000000e+00
1.060000000000000000e+03,1.440217391304347894e+00,9.474533398772834181e-01,1.171039766075794575e-01,1.000000000000000000e+00
1.061000000000000000e+03,1.441576086956521729e+00,9.479748436713653081e-01,1.119080202530600698e-01,1.000000000000000000e+00
1.062000000000000000e+03,1.442934782608695565e+00,1.003939986813325635e+00,1.095255577547584597e-01,1.000000000000000000e+00
1.063000000000000000e+03,1.444293478260869623e+00,9.325838553458069002e-01,1.098679043955504281e-01,1.000000000000000000e+00
1.064000000000000000e+03,1.445652173913043459e+00,8.579147079859942293e-01,1.080562928437594911e-01,1.000000000000000000e+00
1.065000000000000000e+03,1.447010869565217295e+00,8.957279359760972337e-01,1.075062838291455519e-01,1.000000000000000000e+00
1.066000000000000000e+03,1.448369565217391353e+00,9.318639246346483995e-01,1.206846927398279035e-01,1.000000000000000000e+00
1.067000000000000000e+03,1.449728260869565188e+00,1.024586254883324221e+00,1.413863122003704564e-01,1.000000000000000000e+00
1.068000000000000000e+03,1.451086956521739024e+00,1.188657944746890349e+00,1.648105719392135571e-01,1.000000000000000000e+00
1.069000000000000000e+03,1.452445652173913082e+00,8.897865103538942222e-01,1.183059381004816502e-01,1.000000000000000000e+00
1.070000000000000000e+03,1.453804347826086918e+00,9.188982008417330150e-01,1.064077873639143468e-01,1.000000000000000000e+00
1.071000000000000000e+03,1.455163043478260976e+00,9.450347923035486986e-01,1.045868101042142090e-01,1.000000000000000000e+00
1.072000000000000000e+03,1.456521739130434812e+00,8.667681329907169774e-01,9.787093734819364566e-02,1.000000000000000000e+00
1.073000000000000000e+03,1.457880434782608647e+00,1.105692072792991532e+00,1.569850134795812979e-01,1.000000000000000000e+00
1.074000000000000000e+03,1.459239130434782705e+00,1.100509232722896469e+00,1.102009130434176559e-01,1.000000000000000000e+00
1.075000000000000000e+03,1.460597826086956541e+00,8.603987117351388214e-01,1.187113551752964624e-01,1.000000000000000000e+00
1.076000000000000000e+03,1.461956521739130377e+00,9.268983077913454105e-01,1.153657850714130267e-01,1.000000000000000000e+00
1.077000000000000000e+03,1.463315217391304435e+00,7.843198940370530448e-01,9.956031304782478331e-02,1.000000000000000000e+00
1.078000000000000000e+03,1.464673913043478271e+00,7.682580900405455715e-01,9.429918367129794254e-02,1.000000000000000000e+00
1.079000000000000000e+03,1.466032608695652106e+00,8.799212490357170013e-01,9.316108057449208613e-02,1.000000000000000000e+00
1.080000000000000000e+03,1.467391304347826164e+00,9.314109032944517530e-01,1.049315140239749367e-01,1.000000000000000000e+00
1.081000000000000000e+03,1.468750000000000000e+00,9.046287969721256150e-01,1.270499628057828456e-01,1.000000000000000000e+00
1.082000000000000000e+03,1.470108695652173836e+00,1.038331760467996467e+00,1.136078226577345029e-01,1.000000000000000000e+00
1.083000000000000000e+03,1.471467391304347894e+00,8.771387149092974012e-01,1.157296381343453084e-01,1.000000000000000000e+00
1.084000000000000000e+03,1.472826086956521729e+00,1.018442369172769979e+00,1.297380691470207958e-01,1.000000000000000000e+00
1.085000000000000000e+03,1.474184782608695565e+00,8.078671432095108074e-01,1.050304072206070388e-01,1.000000000000000000e+00
1.086000000000000000e+03,1.475543478260869623e+00,9.407998439152847059e-01,1.177781280670312791e-01,1.000000000000000000e+00
1.087000000000000000e+03,1.476902173913043459e+00,1.024169726121181512e+00,1.218719776362155310e-01,1.000000000000000000e+00
1.088000000000000000e+03,1.478260869565217295e+00,9.473383229322533960e-01,1.098344722993338934e-01,1.000000000000000000e+00
1.089000000000000000e+03,1.479619565217391353e+00,8.257302899794903839e-01,1.038304326245423903e-01,1.000000000000000000e+00
1.090000000000000000e+03,1.480978260869565188e+00,8.524315169084065724e-01,1.363708340069855196e-01,1.000000000000000000e+00
1.091000000000000000e+03,1.482336956521739024e+00,1.023795648504462807e+00,1.258402105670195226e-01,1.000000000000000000e+00
1.092000000000000000e+03,1.483695652173913082e+00,1.010232196111130021e+00,1.172990826020955946e-01,1.000000000000000000e+00
1.093000000000000000e+03,1.485054347826086918e+00,1.311837254981481848e+00,1.555229048372188116e-01,1.000000000000000000e+00
1.094000000000000000e+03,1.486413043478260976e+00,8.057375839724599809e-01,9.117819568791110663e-02,1.000000000000000000e+00
1.095000000000000000e+03,1.487771739130434812e+00,8.168243662523019255e-01,1.050070574782166200e-01,1.000000000000000000e+00
1.096000000000000000e+03,1.489130434782608647e+00,9.759328347709662621e-01,1.296231947269047557e-01,1.000000000000000000e+00
1.097000000000000000e+03,1.490489130434782705e+00,1.077301268702223869e+00,1.342542715587909941e-01,1.000000000000000000e+00
1.098000000000000000e+03,1.491847826086956541e+00,1.116084651146194151e+00,1.582312794314303661e-01,1.000000000000000000e+00
1.099000000000000000e+03,1.493206521739130377e+00,9.025130548538427000e-01,1.201098883316708138e-01,1.000000000000000000e+00
1.100000000000000000e+03,1.494565217391304435e+00,8.499281860106591147e-01,1.020509328111340458e-01,1.000000000000000000e+00
1.101000000000000000e+03,1.495923913043478271e+00,1.011528521048622231e+00,1.176791750151368471e-01,1.000000000000000000e+00
1.102000000000000000e+03,1.497282608695652106e+00,7.337463661254242098e-01,1.113913997883695522e-01,1.000000000000000000e+00
1.103000000000000000e+03,1.498641304347826164e+00,1.128802401907999853e+00,1.151434046862523097e-01,1.000000000000000000e+00
1.104000000000000000e+03,1.500000000000000000e+00,8.592728816158513583e-01,9.208509346590368350e-02,1.000000000000000000e+00
1.105000000000000000e+03,1.501358695652173836e+00,9.305869692244771452e-01,1.176890245231634463e-01,1.000000000000000000e+00
1.106000000000000000e+03,1.502717391304347894e+00,8.069770979369489394e-01,1.180070537480259335e-01,1.000000000000000000e+00
1.107000000000000000e+03,1.504076086956521729e+00,1.043872724212359770e+00,1.335623176660582501e-01,1.000000000000000000e+00
1.108000000000000000e+03,1.505434782608695565e+00,1.031410033150445438e+00,1.302729974261970791e-01,1.000000000000000000e+00
1.109000000000000000e+03,1.506793478260869623e+00,9.431384776150003590e-01,1.122164694255790990e-01,1.000000000000000000e+00
1.110000000000000000e+03,1.508152173913043459e+00,9.393211193660299108e-01,1.165557974865510799e-01,1.000000000000000000e+00
1.111000000000000000e+03,1.509510869565217295e+00,9.427959230519593614e-01,1.012795555960204763e-01,1.000000000000000000e+00
1.112000000000000000e+03,1.510869565217391353e+00,8.375500685298411518e-01,1.209311772321073203e-01,1.000000000000000000e+00
1.113000000000000000e+03,1.512228260869565188e+00,1.054176083226874283e+00,1.369635706815737486e-01,1.000000000000000000e+00
1.114000000000000000e+03,1.513586956521739024e+00,9.745361275825165093e-01,1.241648463948526598e-01,1.000000000000000000e+00
1.115000000000000000e+03,1.514945652173913082e+00,1.052550691557248674e+00,1.205801816704712703e-01,1.000000000000000000e+00
1.116000000000000000e+03,1.516304347826086918e+00,7.140996296956313438e-01,7.938660294331853495e-02,1.000000000000000000e+00
1.117000000000000000e+03,1.517663043478260976e+00,1.118925148381116896e+00,1.291573061756745577e-01,1.000000000000000000e+00
1.118000000000000000e+03,1.519021739130434812e+00,1.021696138382877539e+00,1.050543858510535472e-01,1.000000000000000000e+00
1.119000000000000000e+03,1.520380434782608647e+00,1.044955243534550604e+00,1.350869269037367204e-01,1.000000000000000000e+00
1.120000000000000000e+03,1.521739130434782705e+00,8.229654052638051276e-01,9.564040101724261000e-02,1.000000000000000000e+00
1.121000000000000000e+03,1.523097826086956541e+00,7.406265904451092563e-01,8.725029406901653461e-02,1.000000000000000000e+00
1.122000000000000000e+03,1.524456521739130377e+00,9.047357629107163346e-01,9.658768461781910841e-02,1.000000000000000000e+00
1.123000000000000000e+03,1.525815217391304435e+00,1.070313924914029879e+00,1.400912598243584939e-01,1.000000000000000000e+00
1.124000000000000000e+03,1.527173913043478271e+00,9.178323709689544252e-01,9.984472129249777339e-02,1.000000000000000000e+00
1.125000000000000000e+03,1.528532608695652106e+00,8.618555454195160337e-01,9.919297313443029007e-02,1.000000000000000000e+00
1.126000000000000000e+03,1.529891304347826164e+00,9.008866648507410924e-01,1.137451104368821103e-01,1.000000000000000000e+00
1.127000000000000000e+03,1.531250000000000000e+00,1.030739816618357008e+00,1.261279371196191712e-01,1.000000000000000000e+00
1.128000000000000000e+03,1.532608695652173836e+00,9.494531003884082443e-01,1.498798679306449777e-01,1.000000000000000000e+00
1.129000000000000000e+03,1.533967391304347894e+00,7.956168169264884460e-01,9.769924685920093610e-02,1.000000000000000000e+00
1.130000000000000000e+03,1.535326086956521729e+00,1.001395575085832546e+00,1.304103499710534964e-01,1.000000000000000000e+00
1.131000000000000000e+03,1.536684782608695565e+00,9.257650269190967895e-01,1.029301466248603997e-01,1.000000000000000000e+00
1.132000000000000000e+03,1.538043478260869623e+00,1.056170077183373524e+00,1.139953343705115141e-01,1.000000000000000000e+00
1.133000000000000000e+03,1.539402173913043459e+00,9.740769654044892922e-01,1.129101512953912673e-01,1.000000000000000000e+00
1.134000000000000000e+03,1.540760869565217295e+00,8.401663636032125071e-01,9.201430482234607133e-02,1.000000000000000000e+00
1.135000000000000000e+03,1.542119565217391353e+00,9.191722138275512100e-01,1.454771367490772238e-01,1.000000000000000000e+00
1.136000000000000000e+03,1.543478260869565188e+00,9.631773754355942296e-01,1.189079737657385838e-01,1.000000000000000000e+00
1.137000000000000000e+03,1.544836956521739024e+00,9.079899921793250783e-01,9.293401721009252048e-02,1.000000000000000000e+00
1.138000000000000000e+03,1.546195652173913082e+00,7.139260884366573912e-01,9.688029835529603229e-02,1.000000000000000000e+00
1.139000000000000000e+03,1.547554347826086918e+00,7.802737345137217284e-01,1.137679514702687328e-01,1.000000000000000000e+00
1.140000000000000000e+03,1.548913043478260976e+00,7.532453940931098657e-01,8.878664002423282409e-02,1.000000000000000000e+00
1.141000000000000000e+03,1.550271739130434812e+00,9.302008242958530460e-01,1.055538853839621816e-01,1.000000000000000000e+00
1.142000000000000000e+03,1.551630434782608647e+00,8.589196580648577051e-01,8.460695797048185807e-02,1.000000000000000000e+00
1.143000000000000000e+03,1.552989130434782705e+00,9.789789633925534140e-01,1.017108987480009608e-01,1.000000000000000000e+00
1.144000000000000000e+03,1.554347826086956541e+00,7.442116686856899976e-01,8.132112609245166490e-02,1.000000000000000000e+00
1.145000000000000000e+03,1.555706521739130377e+00,1.095562151770796300e+00,1.151894511079744055e-01,1.000000000000000000e+00
1.146000000000000000e+03,1.557065217391304435e+00,1.012460737144355027e+00,1.107806062105481243e-01,1.000000000000000000e+00
1.147000000000000000e+03,1.558423913043478271e+00,6.672600437859697031e-01,9.173956876296138208e-02,1.000000000000000000e+00
1.148000000000000000e+03,1.559782608695652106e+00,1.260455889133168750e+00,1.346415509594169613e-01,1.000000000000000000e+00
1.149000000000000000e+03,1.561141304347826164e+00,9.070541577257426047e-01,1.175806579717871697e-01,1.000000000000000000e+00
1.150000000000000000e+03,1.562500000000000000e+00,8.532331392941718828e-01,8.280771530824877769e-02,1.000000000000000000e+00
1.151000000000000000e+03,1.563858695652173836e+00,9.962160700202418173e-01,1.192906633332645877e-01,1.000000000000000000e+00
1.152000000000000000e+03,1.565217391304347894e+00,8.799555099388683965e-01,1.253937941968943093e-01,1.000000000000000000e+00
1.153000000000000000e+03,1.566576086956521729e+00,1.211182278686754987e+00,1.478162263911285135e-01,1.000000000000000000e+00
1.154000000000000000e+03,1.567934782608695565e+00,7.750170746222930784e-01,8.599381576266026950e-02,1.000000000000000000e+00
1.155000000000000000e+03,1.569293478260869623e+00,8.966929515812540608e-01,1.028287858282679185e-01,1.000000000000000000e+00
1.156000000000000000e+03,1.570652173913043459e+00,9.823796914876763431e-01,1.344356570771450821e-01,1.000000000000000000e+00
1.157000000000000000e+03,1.572010869565217295e+00,7.243532439943175527e-01,9.412809715225373131e-02,1.000000000000000000e+00
1.158000000000000000e+03,1.573369565217391353e+00,1.034032642540870572e+00,1.304901759737210343e-01,1.000000000000000000e+00
1.159000000000000000e+03,1.574728260869565188e+00,8.261330823033529169e-01,9.153649999005301907e-02,1.000000000000000000e+00
1.160000000000000000e+03,1.576086956521739024e+00,9.746157029268329719e-01,9.531585440486509131e-02,1.000000000000000000e+00
1.161000000000000000e+03,1.577445652173913082e+00,9.076767272594105096e-01,9.563420536658859272e-02,1.000000000000000000e+00
1.162000000000000000e+03,1.578804347826086918e+00,9.087534349069933404e-01,1.189988228017608424e-01,1.000000000000000000e+00
1.163000000000000000e+03,1.580163043478260976e+00,1.228241729001849247e+00,1.672597941327779725e-01,1.000000000000000000e+00
1.164000000000000000e+03,1.581521739130434812e+00,9.680700732458954461e-01,1.279286516027468845e-01,1.000000000000000000e+00
1.165000000000000000e+03,1.582880434782608647e+00,9.323668689911865926e-01,1.285856586589417816e-01,1.000000000000000000e+00
1.166000000000000000e+03,1.584239130434782705e+00,9.548689126250796688e-01,9.809556737839972285e-02,1.000000000000000000e+00
1.167000000000000000e+03,1.585597826086956541e+00,9.236050597613585378e-01,1.269711746169637223e-01,1.000000000000000000e+00
1.168000000000000000e+03,1.586956521739130377e+00,1.245754499534623694e+00,1.935245426935595647e-01,1.000000000000000000e+00
1.169000000000000000e+03,1.588315217391304435e+00,9.151136561595508701e-01,9.160371675562199723e-02,1.000000000000000000e+00
1.170000000000000000e+03,1.589673913043478271e+00,9.063250779056054585e-01,1.211198869901547320e-01,1.000000000000000000e+00
1.171000000000000000e+03,1.591032608695652106e+00,9.493461659572892675e-01,1.150306026224493100e-01,1.000000000000000000e+00
1.172000000000000000e+03,1.592391304347826164e+00,7.154017589154086920e-01,9.412829699275040984e-02,1.000000000000000000e+00
1.173000000000000000e+03,1.593750000000000000e+00,8.723592075085891961e-01,9.963208959222930039e-02,1.000000000000000000e+00
1.174000000000000000e+03,1.595108695652173836e+00,1.043680639877801353e+00,1.246003795900989392e-01,1.000000000000000000e+00
1.175000000000000000e+03,1.596467391304347894e+00,8.793603872978700275e-01,1.026000324578841133e-01,1.000000000000000000e+00
1.176000000000000000e+03,1.597826086956521729e+00,8.383019368366165791e-01,1.029088272791635061e-01,1.000000000000000000e+00
1.177000000000000000e+03,1.599184782608695565e+00,8.783291371093827626e-01,9.692528449785288436e-02,1.000000000000000000e+00
1.178000000000000000e+03,1.600543478260869623e+00,9.277770661858486534e-01,1.067626035004918539e-01,1.000000000000000000e+00
1.179000000000000000e+03,1.601902173913043459e+00,8.319815480869376945e-01,8.636200811736961802e-02,1.000000000000000000e+00
1.180000000000000000e+03,1.603260869565217295e+00,1.015511015127398275e+00,1.294183862688398634e-01,1.000000000000000000e+00
1.181000000000000000e+03,1.604619565217391353e+00,9.462085135941218361e-01,1.122686485684406404e-01,1.000000000000000000e+00
1.182000000000000000e+03,1.605978260869565188e+00,9.200056571820408591e-01,1.474334976629513294e-01,1.000000000000000000e+00
1.183000000000000000e+03,1.607336956521739024e+00,9.473646842852144756e-01,1.282179316401037550e-01,1.000000000000000000e+00
1.184000000000000000e+03,1.608695652173913082e+00,8.731805045122162934e-01,1.019404920406063592e-01,1.000000000000000000e+00
1.185000000000000000e+03,1.610054347826086918e+00,8.496750180711439837e-01,1.005799112295111680e-01,1.000000000000000000e+00
1.186000000000000000e+03,1.611413043478260976e+00,8.673067747733512745e-01,9.565844734282726025e-02,1.000000000000000000e+00
1.187000000000000000e+03,1.612771739130434812e+00,8.838103299382369382e-01,1.070226835712158875e-01,1.000000000000000000e+00
1.188000000000000000e+03,1.614130434782608647e+00,7.544372531278794591e-01,8.790200544945873939e-02,1.000000000000000000e+00
1.189000000000000000e+03,1.615489130434782705e+00,9.334630382554598427e-01,1.310144614121128981e-01,1.000000000000000000e+00
1.190000000000000000e+03,1.616847826086956541e+00,1.029723351661940844e+00,1.326723549310411809e-01,1.000000000000000000e+00
1.191000000000000000e+03,1.618206521739130377e+00,8.446322904620369165e-01,1.220692440496075337e-01,1.000000000000000000e+00
1.192000000000000000e+03,1.619565217391304435e+00,9.228868642762620977e-01,1.035401294526804572e-01,1.000000000000000000e+00
1.193000000000000000e+03,1.620923913043478271e+00,1.018110536931501553e+00,1.170175025791375389e-01,1.000000000000000000e+00
1.194000000000000000e+03,1.622282608695652106e+00,9.708111389394921131e-01,1.196448938897213127e-01,1.000000000000000000e+00
1.195000000000000000e+03,1.623641304347826164e+00,8.556838269197508673e-01,1.127877714675334236e-01,1.000000000000000000e+00
1.196000000000000000e+03,1.625000000000000000e+00,9.742531251146770988e-01,1.502716838777998498e-01,1.000000000000000000e+00
1.197000000000000000e+03,1.626358695652173836e+00,1.118196849967063589e+00,1.521852950670948279e-01,1.000000000000000000e+00
1.198000000000000000e+03,1.627717391304347894e+00,8.744837277082042615e-01,9.461140792899892793e-02,1.000000000000000000e+00
1.199000000000000000e+03,1.629076086956521729e+00,8.552248030588031069e-01,1.234278934037759540e-01,1.000000000000000000e+00
1.200000000000000000e+03,1.630434782608695565e+00,9.590138698599371958e-01,1.483067970745066966e-01,1.000000000000000000e+00
1.201000000000000000e+03,1.631793478260869623e+00,6.195582967698112231e-01,6.935021999622108246e-02,1.000000000000000000e+00
1.202000000000000000e+03,1.633152173913043459e+00,9.506453614716013911e-01,1.039172385022134326e-01,1.000000000000000000e+00
1.203000000000000000e+03,1.634510869565217295e+00,1.176040327448338640e+00,1.423500286645737467e-01,1.000000000000000000e+00
1.204000000000000000e+03,1.635869565217391353e+00,8.983663693945517226e-01,9.640441493429251218e-02,1.000000000000000000e+00
1.205000000000000000e+03,1.637228260869565188e+00,1.012996764654176651e+00,1.015113733359649800e-01,1.000000000000000000e+00
1.206000000000000000e+03,1.638586956521739024e+00,1.078140842308247471e+00,1.168765860913312388e-01,1.000000000000000000e+00
1.207000000000000000e+03,1.639945652173913082e+00,9.206301005890590305e-01,1.131249103578385040e-01,1.000000000000000000e+00
1.208000000000000000e+03,1.641304347826086918e+00,1.153566793041923777e+00,1.536928858413546262e-01,1.000000000000000000e+00
1.209000000000000000e+03,1.642663043478260976e+00,1.017366438089434499e+00,1.131511609013472197e-01,1.000000000000000000e+00
1.210000000000000000e+03,1.644021739130434812e+00,9.438273103923895402e-01,1.030738880184181860e-01,1.000000000000000000e+00
1.211000000000000000e+03,1.645380434782608647e+00,8.430131117465404778e-01,8.586706201557710305e-02,1.000000000000000000e+00
1.212000000000000000e+03,1.646739130434782705e+00,9.524152936750449605e-01,1.069076226067872393e-01,1.000000000000000000e+00
1.213000000000000000e+03,1.648097826086956541e+00,9.060897864100051491e-01,9.927019710566872823e-02,1.000000000000000000e+00
1.214000000000000000e+03,1.649456521739130377e+00,1.141381638292678469e+00,1.699609504275680361e-01,1.000000000000000000e+00
1.215000000000000000e+03,1.650815217391304435e+00,1.084385186867566686e+00,1.214174112932731725e-01,1.000000000000000000e+00
1.216000000000000000e+03,1.652173913043478271e+00,1.267668926724592859e+00,1.475442114942042415e-01,1.000000000000000000e+00
1.217000000000000000e+03,1.653532608695652106e+00,9.879781725242641199e-01,9.485652540227373919e-02,1.000000000000000000e+00
1.218000000000000000e+03,1.654891304347826164e+00,1.023171562656513656e+00,1.105577827941904429e-01,1.000000000000000000e+00
1.219000000000000000e+03,1.656250000000000000e+00,1.025866321088656274e+00,1.138386459556547520e-01,1.000000000000000000e+00
1.220000000000000000e+03,1.657608695652173836e+00,1.061225306007445246e+00,1.453293483970430622e-01,1.000000000000000000e+00
1.221000000000000000e+03,1.658967391304347894e+00,1.033125410537846900e+00,1.421266423784999233e-01,1.000000000000000000e+00
1.222000000000000000e+03,1.660326086956521729e+00,8.444948547784666415e-01,1.084674278741331044e-01,1.000000000000000000e+00
1.223000000000000000e+03,1.661684782608695565e+00,1.023180178196216428e+00,1.232827244349923579e-01,1.000000000000000000e+00
1.224000000000000000e+03,1.663043478260869623e+00,9.773829157430182768e-01,1.048178905257499266e-01,1.000000000000000000e+00
1.225000000000000000e+03,1.664402173913043459e+00,8.935441713319918211e-01,9.480806304634174786e-02,1.000000000000000000e+00
1.226000000000000000e+03,1.665760869565217295e+00,9.639027830029331945e-01,1.188587904047918864e-01,1.000000000000000000e+00
1.227000000000000000e+03,1.667119565217391353e+00,8.628720433029224424e-01,1.201161845295806302e-01,1.000000000000000000e+00
1.228000000000000000e+03,1.668478260869565188e+00,1.029751835051454734e+00,1.161117846360348455e-01,1.000000000000000000e+00
1.229000000000000000e+03,1.669836956521739024e+00,7.208182664632933889e-01,1.132627912902427481e-01,1.000000000000000000e+00
1.230000000000000000e+03,1.671195652173913082e+00,1.043591262255322061e+00,1.320519584727685436e-01,1.000000000000000000e+00
1.231000000000000000e+03,1.672554347826086918e+00,9.778794418732006388e-01,1.191228458045620886e-01,1.000000000000000000e+00
1.232000000000000000e+03,1.673913043478260976e+00,9.295873942874258722e-01,1.090655354735098892e-01,1.000000000000000000e+00
1.233000000000000000e+03,1.675271739130434812e+00,1.054444864183234909e+00,1.357936667723861068e-01,1.000000000000000000e+00
1.234000000000000000e+03,1.676630434782608647e+00,9.217173216374742184e-01,1.020493295491639446e-01,1.000000000000000000e+00
1.235000000000000000e+03,1.677989130434782705e+00,7.698953048861283399e-01,9.987114042970592076e-02,1.000000000000000000e+00
1.236000000000000000e+03,1.679347826086956541e+00,1.062055584492418880e+00,1.314309555124432705e-01,1.000000000000000000e+00
1.237000000000000000e+03,1.680706521739130377e+00,1.038909528683696459e+00,1.375454969188523169e-01,1.000000000000000000e+00
1.238000000000000000e+03,1.682065217391304435e+00,1.192978638584763385e+00,1.321237361339072103e-01,1.000000000000000000e+00
1.239000000000000000e+03,1.683423913043478271e+00,9.816895605279412074e-01,1.123507988498148452e-01,1.000000000000000000e+00
1.240000000000000000e+03,1.684782608695652106e+00,8.179084740506920026e-01,1.259077027423329831e-01,1.000000000000000000e+00
1.241000000000000000e+03,1.686141304347826164e+00,9.350514435833914284e-01,1.062296706496571042e-01,1.000000000000000000e+00
1.242000000000000000e+03,1.687500000000000000e+00,1.088115701012641878e+00,1.220622027389749592e-01,1.000000000000000000e+00
1.243000000000000000e+03,1.688858695652173836e+00,1.162774607192497145e+00,1.331756076127304789e-01,1.000000000000000000e+00
1.244000000000000000e+03,1.690217391304347894e+00,1.144679721741139078e+00,1.721049504662840179e-01,1.000000000000000000e+00
1.245000000000000000e+03,1.691576086956521729e+00,9.854092255266342359e-01,1.032250605679985028e-01,1.000000000000000000e+00
1.246000000000000000e+03,1.692934782608695565e+00,1.068778648618431637e+00,1.308450408910724339e-01,1.000000000000000000e+00
1.247000000000000000e+03,1.694293478260869623e+00,9.521782046525810728e-01,1.195286525758292862e-01,1.000000000000000000e+00
1.248000000000000000e+03,1.695652173913043459e+00,9.929769386233728845e-01,1.087604893678657952e-01,1.000000000000000000e+00
1.249000000000000000e+03,1.697010869565217295e+00,9.222978427748604879e-01,9.001889801107272604e-02,1.000000000000000000e+00
1.250000000000000000e+03,1.698369565217391353e+00,1.050304769044837716e+00,1.181789461151334930e-01,1.000000000000000000e+00
1.251000000000000000e+03,1.699728260869565188e+00,8.700453196323586491e-01,9.834956721687955483e-02,1.000000000000000000e+00
1.252000000000000000e+03,1.701086956521739024e+00,8.309091300738801200e-01,1.161422413183881980e-01,1.000000000000000000e+00
1.253000000000000000e+03,1.702445652173913082e+00,9.991100313464467142e-01,1.316110542063035349e-01,1.000000000000000000e+00
1.254000000000000000e+03,1.703804347826086918e+00,1.079973544071330283e+00,1.333689056361344327e-01,1.000000000000000000e+00
1.255000000000000000e+03,1.705163043478260976e+00,9.885319587767381622e-01,9.852437490393645136e-02,1.000000000000000000e+00
1.256000000000000000e+03,1.706521739130434812e+00,9.906956848869531429e-01,1.374014034072545687e-01,1.000000000000000000e+00
1.257000000000000000e+03,1.707880434782608647e+00,1.011165628537132433e+00,1.269212366080914312e-01,1.000000000000000000e+00
1.258000000000000000e+03,1.709239130434782705e+00,9.084638995500979863e-01,1.201854541889378486e-01,1.000000000000000000e+00
1.259000000000000000e+03,1.710597826086956541e+00,9.145431046616536719e-01,1.021844867817252589e-01,1.000000000000000000e+00
1.260000000000000000e+03,1.711956521739130377e+00,1.035104971005789576e+00,1.397036078639107837e-01,1.000000000000000000e+00
1.261000000000000000e+03,1.713315217391304435e+00,1.089905565982817848e+00,1.632146822197279856e-01,1.000000000000000000e+00
1.262000000000000000e+03,1.714673913043478271e+00,8.929119943218749578e-01,1.109502401086830820e-01,1.000000000000000000e+00
1.263000000000000000e+03,1.716032608695652106e+00,9.349765073642513080e-01,1.079689475055001791e-01,1.000000000000000000e+00
1.264000000000000000e+03,1.717391304347826164e+00,8.062678197290281679e-01,1.048492072807332004e-01,1.000000000000000000e+00
1.265000000000000000e+03,1.718750000000000000e+00,1.037698459812461893e+00,1.451666853236307786e-01,1.000000000000000000e+00
1.266000000000000000e+03,1.720108695652173836e+00,9.670896069628474034e-01,1.381209700235248583e-01,1.000000000000000000e+00
1.267000000000000000e+03,1.721467391304347894e+00,1.130041512762307354e+00,1.642785470899131295e-01,1.000000000000000000e+00
1.268000000000000000e+03,1.722826086956521729e+00,9.231654414492932448e-01,1.348122305631966056e-01,1.000000000000000000e+00
1.269000000000000000e+03,1.724184782608695565e+00,9.142645708423573492e-01,9.253290784427606330e-02,1.000000000000000000e+00
1.270000000000000000e+03,1.725543478260869623e+00,9.032581009082831791e-01,1.005206219715360366e-01,1.000000000000000000e+00
1.271000000000000000e+03,1.726902173913043459e+00,7.349589399090389330e-01,9.168477956041724830e-02,1.000000000000000000e+00
1.272000000000000000e+03,1.728260869565217295e+00,9.761205811223244710e-01,1.141610579700764877e-01,1.000000000000000000e+00
1.273000000000000000e+03,1.729619565217391353e+00,7.146054340227178114e-01,9.539948279728785452e-02,1.000000000000000000e+00
1.274000000000000000e+03,1.730978260869565188e+00,1.086378826111599638e+00,1.490118071342740325e-01,1.000000000000000000e+00
1.275000000000000000e+03,1.732336956521739024e+00,1.060578178458391641e+00,1.097666437166197051e-01,1.000000000000000000e+00
1.276000000000000000e+03,1.733695652173913082e+00,9.921622254224637949e-01,1.122774028074144115e-01,1.000000000000000000e+00
1.277000000000000000e+03,1.735054347826086918e+00,1.098387072066268511e+00,1.307277275918962145e-01,1.000000000000000000e+00
1.278000000000000000e+03,1.736413043478260976e+00,9.396204421888891822e-01,1.165133076708652210e-01,1.000000000000000000e+00
1.279000000000000000e+03,1.737771739130434812e+00,1.026076143533506402e+00,1.330008578108473061e-01,1.000000000000000000e+00
1.280000000000000000e+03,1.739130434782608647e+00,1.070745747774238588e+00,1.487120605606666313e-01,1.000000000000000000e+00
1.281000000000000000e+03,1.740489130434782705e+00,9.945673772069886232e-01,1.212487830353517482e-01,1.000000000000000000e+00
1.282000000000000000e+03,1.741847826086956541e+00,8.514892474751694085e-01,1.074623917545671908e-01,1.000000000000000000e+00
1.283000000000000000e+03,1.743206521739130377e+00,7.621508137467397637e-01,9.092414494259851154e-02,1.000000000000000000e+00
1.284000000000000000e+03,1.744565217391304435e+00,1.069260982858772246e+00,1.690113149272091664e-01,1.000000000000000000e+00
1.285000000000000000e+03,1.745923913043478271e+00,8.789350896384330314e-01,1.176441244439276335e-01,1.000000000000000000e+00
1.286000000000000000e+03,1.747282608695652106e+00,8.773821612163774653e-01,9.877176536117664163e-02,1.000000000000000000e+00
1.287000000000000000e+03,1.748641304347826164e+00,9.952430169040685781e-01,1.190348896218146185e-01,1.000000000000000000e+00
1.288000000000000000e+03,1.750000000000000000e+00,1.212747939418408860e+00,1.627571673902766247e-01,1.000000000000000000e+00
1.289000000000000000e+03,1.751358695652173836e+00,9.597504027696893703e-01,1.244934256719256449e-01,1.000000000000000000e+00
1.290000000000000000e+03,1.752717391304347894e+00,1.013019012198016933e+00,1.306832771718279274e-01,1.000000000000000000e+00
1.291000000000000000e+03,1.754076086956521729e+00,9.304300379168081170e-01,1.021994072325206754e-01,1.000000000000000000e+00
1.292000000000000000e+03,1.755434782608695565e+00,7.035982683991671705e-01,8.388907150893844256e-02,1.000000000000000000e+00
1.293000000000000000e+03,1.756793478260869623e+00,9.364185281046711884e-01,1.160144296719533563e-01,1.000000000000000000e+00
1.294000000000000000e+03,1.758152173913043459e+00,7.719189797543890563e-01,7.685166608366431062e-02,1.000000000000000000e+00
1.295000000000000000e+03,1.759510869565217295e+00,9.014690110380985111e-01,1.231271617827888742e-01,1.000000000000000000e+00
1.296000000000000000e+03,1.760869565217391353e+00,1.041418001683167782e+00,1.078163572172026186e-01,1.000000000000000000e+00
1.297000000000000000e+03,1.762228260869565188e+00,9.000052558010922521e-01,1.079578243099017232e-01,1.000000000000000000e+00
1.298000000000000000e+03,1.763586956521739024e+00,1.097442144895582450e+00,1.235053814855100046e-01,1.000000000000000000e+00
1.299000000000000000e+03,1.764945652173913082e+00,8.726480708219552795e-01,1.203066982917210814e-01,1.000000000000000000e+00
1.300000000000000000e+03,1.766304347826086918e+00,1.023323832088383289e+00,1.582358687324706692e-01,1.000000000000000000e+00
1.301000000000000000e+03,1.767663043478260976e+00,9.920998858671085108e-01,1.152139725591792979e-01,1.000000000000000000e+00
1.302000000000000000e+03,1.769021739130434812e+00,9.387885773713819937e-01,1.274606778506212068e-01,1.000000000000000000e+00
1.303000000000000000e+03,1.770380434782608647e+00,8.770121307232078278e-01,1.305733524314276750e-01,1.000000000000000000e+00
1.304000000000000000e+03,1.771739130434782705e+00,8.517427767642864467e-01,9.448117448014894948e-02,1.000000000000000000e+00
1.305000000000000000e+03,1.773097826086956541e+00,9.399102818379838631e-01,1.091245799470566546e-01,1.000000000000000000e+00
1.306000000000000000e+03,1.774456521739130377e+00,8.211168656321143899e-01,1.106254922936871082e-01,1.000000000000000000e+00
1.307000000000000000e+03,1.775815217391304435e+00,9.954564239395280456e-01,1.415777389337490588e-01,1.000000000000000000e+00
1.308000000000000000e+03,1.777173913043478271e+00,8.965404043098387232e-01,9.688086838167203618e-02,1.000000000000000000e+00
1.309000000000000000e+03,1.778532608695652106e+00,8.017278896750769102e-01,1.073636359252986006e-01,1.000000000000000000e+00
1.310000000000000000e+03,1.779891304347826164e+00,8.237647449061293869e-01,9.935280713797436936e-02,1.000000000000000000e+00
1.311000000000000000e+03,1.781250000000000000e+00,9.294806266334491029e-01,9.848473749598481153e-02,1.000000000000000000e+00
1.312000000000000000e+03,1.782608695652173836e+00,1.119560329261023224e+00,1.382653487967277217e-01,1.000000000000000000e+00
1.313000000000000000e+03,1.783967391304347894e+00,1.072480872281751374e+00,1.712942334628359542e-01,1.000000000000000000e+00
1.314000000000000000e+03,1.785326086956521729e+00,1.023676193153428837e+00,1.188312562924196958e-01,1.000000000000000000e+00
1.315000000000000000e+03,1.786684782608695565e+00,9.883928792063253477e-01,1.072064136697660208e-01,1.000000000000000000e+00
1.316000000000000000e+03,1.788043478260869623e+00,9.480047621956316783e-01,9.221997717932041427e-02,1.000000000000000000e+00
1.317000000000000000e+03,1.789402173913043459e+00,1.059020652115382433e+00,1.183801224779855998e-01,1.000000000000000000e+00
1.318000000000000000e+03,1.790760869565217295e+00,8.253515415400348720e-01,9.074403693845087271e-02,1.000000000000000000e+00
1.319000000000000000e+03,1.792119565217391353e+00,8.778810159509046196e-01,1.009442230084943576e-01,1.000000000000000000e+00
1.320000000000000000e+03,1.793478260869565188e+00,1.009368164966319092e+00,1.326381068972992128e-01,1.000000000000000000e+00
1.321000000000000000e+03,1.794836956521739024e+00,8.394142010822612798e-01,9.145267074635456128e-02,1.000000000000000000e+00
1.322000000000000000e+03,1.796195652173913082e+00,7.879622966656110172e-01,8.739361625753275242e-02,1.000000000000000000e+00
1.323000000000000000e+03,1.797554347826086918e+00,1.038264119578058864e+00,8.938762965994691279e-02,1.000000000000000000e+00
1.324000000000000000e+03,1.798913043478260976e+00,9.828318607942266860e-01,1.572303813703387620e-01,1.000000000000000000e+00
1.325000000000000000e+03,1.800271739130434812e+00,1.022802797973481947e+00,1.413767647381402870e-01,1.000000000000000000e+00
1.326000000000000000e+03,1.801630434782608647e+00,1.000095251544611541e+00,1.301675844167050622e-01,1.000000000000000000e+00
1.327000000000000000e+03,1.802989130434782705e+00,1.226001711531685023e+00,1.390982564733563576e-01,1.000000000000000000e+00
1.328000000000000000e+03,1.804347826086956541e+00,8.728736959871158385e-01,1.034845338238204460e-01,1.000000000000000000e+00
1.329000000000000000e+03,1.805706521739130377e+00,1.121572261337903109e+00,1.431195938832714731e-01,1.000000000000000000e+00
1.330000000000000000e+03,1.807065217391304435e+00,9.779106977138011247e-01,1.335551207214354108e-01,1.000000000000000000e+00
1.331000000000000000e+03,1.808423913043478271e+00,9.933652107129861131e-01,1.261809862030298102e-01,1.000000000000000000e+00
1.332000000000000000e+03,1.809782608695652106e+00,8.014274157310242730e-01,9.234245047512479321e-02,1.000000000000000000e+00
1.333000000000000000e+03,1.811141304347826164e+00,1.000763731861646910e+00,9.349887661696824892e-02,1.000000000000000000e+00
1.334000000000000000e+03,1.812500000000000000e+00,9.276864162370931366e-01,1.080671558156991174e-01,1.000000000000000000e+00
1.335000000000000000e+03,1.813858695652173836e+00,7.580769499574241399e-01,9.185033268817102692e-02,1.000000000000000000e+00
1.336000000000000000e+03,1.815217391304347894e+00,1.084201896748311800e+00,1.259483554644933445e-01,1.000000000000000000e+00
1.337000000000000000e+03,1.816576086956521729e+00,9.617000537152278206e-01,1.075683312169895128e-01,1.000000000000000000e+00
1.338000000000000000e+03,1.817934782608695565e+00,1.043941862787646224e+00,1.023904936491781409e-01,1.000000000000000000e+00
1.339000000000000000e+03,1.819293478260869623e+00,8.265359826858550418e-01,1.121053055467429865e-01,1.000000000000000000e+00
1.340000000000000000e+03,1.820652173913043459e+00,1.090451147437936585e+00,1.243234038459759688e-01,1.000000000000000000e+00
1.341000000000000000e+03,1.822010869565217295e+00,9.588061682800725904e-01,9.390726592814481466e-02,1.000000000000000000e+00
1.342000000000000000e+03,1.823369565217391353e+00,9.329207978671590906e-01,1.238420806398247281e-01,1.000000000000000000e+00
1.343000000000000000e+03,1.824728260869565188e+00,1.008252473809326810e+00,1.251102047127793382e-01,1.000000000000000000e+00
1.344000000000000000e+03,1.826086956521739024e+00,9.396458914123142492e-01,1.088650335840577882e-01,1.000000000000000000e+00
1.345000000000000000e+03,1.827445652173913082e+00,1.117123717550860373e+00,1.333610690531447651e-01,1.000000000000000000e+00
1.346000000000000000e+03,1.828804347826086918e+00,9.132072665121887534e-01,1.240824422143862737e-01,1.000000000000000000e+00
1.347000000000000000e+03,1.830163043478260976e+00,1.072603845680621060e+00,1.350408196036555764e-01,1.000000000000000000e+00
1.348000000000000000e+03,1.831521739130434812e+00,1.150027607504423566e+00,1.426546898501979965e-01,1.000000000000000000e+00
1.349000000000000000e+03,1.832880434782608647e+00,1.017443845984416839e+00,1.232758773150544884e-01,1.000000000000000000e+00
1.350000000000000000e+03,1.834239130434782705e+00,8.977315166058471574e-01,8.807366451513186367e-02,1.000000000000000000e+00
1.351000000000000000e+03,1.835597826086956541e+00,1.113381886095809126e+00,1.481905573040706303e-01,1.000000000000000000e+00
1.352000000000000000e+03,1.836956521739130377e+00,7.976501207891645295e-01,8.638935723839130665e-02,1.000000000000000000e+00
1.353000000000000000e+03,1.838315217391304435e+00,9.832464728502208207e-01,9.569926534232515991e-02,1.000000000000000000e+00
1.354000000000000000e+03,1.839673913043478271e+00,1.004463608698473065e+00,1.437202903611912719e-01,1.000000000000000000e+00
1.355000000000000000e+03,1.841032608695652106e+00,1.038208284528905567e+00,1.244643543317345002e-01,1.000000000000000000e+00
1.356000000000000000e+03,1.842391304347826164e+00,9.709721971707933053e-01,1.316945960064299093e-01,1.000000000000000000e+00
1.357000000000000000e+03,1.843750000000000000e+00,9.148315628728667104e-01,1.182183424394393917e-01,1.000000000000000000e+00
1.358000000000000000e+03,1.845108695652173836e+00,1.240280800446000198e+00,1.998953014507195702e-01,1.000000000000000000e+00
1.359000000000000000e+03,1.846467391304347894e+00,1.055178148618392875e+00,1.234034516180855107e-01,1.000000000000000000e+00
1.360000000000000000e+03,1.847826086956521729e+00,9.232599691669473030e-01,1.139667923124406540e-01,1.000000000000000000e+00
1.361000000000000000e+03,1.849184782608695565e+00,9.760984112189862172e-01,1.266694868336899205e-01,1.000000000000000000e+00
1.362000000000000000e+03,1.850543478260869623e+00,8.138874764847876531e-01,8.688303262327011500e-02,1.000000000000000000e+00
1.363000000000000000e+03,1.851902173913043459e+00,9.611352744055794428e-01,1.214486454956341527e-01,1.000000000000000000e+00
1.364000000000000000e+03,1.853260869565217295e+00,9.362059594806962926e-01,1.004111715022208279e-01,1.000000000000000000e+00
1.365000000000000000e+03,1.854619565217391353e+00,8.081696272986790275e-01,1.086790486627590979e-01,1.000000000000000000e+00
1.366000000000000000e+03,1.855978260869565188e+00,7.809919648623552257e-01,8.402430329085877614e-02,1.000000000000000000e+00
1.367000000000000000e+03,1.857336956521739024e+00,9.079553975557910217e-01,9.593494767268029300e-02,1.000000000000000000e+00
1.368000000000000000e+03,1.858695652173913082e+00,1.018768726681921422e+00,1.149478056326414394e-01,1.000000000000000000e+00
1.369000000000000000e+03,1.860054347826086918e+00,8.512676033838368905e-01,1.183506280681129036e-01,1.000000000000000000e+00
1.370000000000000000e+03,1.861413043478260976e+00,7.794387503316291266e-01,9.215042047557411853e-02,1.000000000000000000e+00
1.371000000000000000e+03,1.862771739130434812e+00,8.742448573870639228e-01,1.047189779374796265e-01,1.000000000000000000e+00
1.372000000000000000e+03,1.864130434782608647e+00,1.088091167208941057e+00,1.467726721341914564e-01,1.000000000000000000e+00
1.373000000000000000e+03,1.865489130434782705e+00,9.292755843198141630e-01,9.353302685709202757e-02,1.000000000000000000e+00
1.374000000000000000e+03,1.866847826086956541e+00,1.044773822323933565e+00,1.250654049831583237e-01,1.000000000000000000e+00
1.375000000000000000e+03,1.868206521739130377e+00,8.314593408758182980e-01,1.125491532571361447e-01,1.000000000000000000e+00
1.376000000000000000e+03,1.869565217391304435e+00,8.807942718798135173e-01,8.209816714889529854e-02,1.000000000000000000e+00
1.377000000000000000e+03,1.870923913043478271e+00,9.841504037206523225e-01,1.233799864339446828e-01,1.000000000000000000e+00
1.378000000000000000e+03,1.872282608695652106e+00,1.000488793747672522e+00,1.277700459279304535e-01,1.000000000000000000e+00
1.379000000000000000e+03,1.873641304347826164e+00,9.698512919232094021e-01,1.101929956398100957e-01,1.000000000000000000e+00
1.380000000000000000e+03,1.875000000000000000e+00,1.135013661109980365e+00,1.294331317294650507e-01,1.000000000000000000e+00
1.381000000000000000e+03,1.876358695652173836e+00,8.641853890029072005e-01,1.031521274208138106e-01,1.000000000000000000e+00
1.382000000000000000e+03,1.877717391304347894e+00,9.525281332523917177e-01,1.107655741228972812e-01,1.000000000000000000e+00
1.383000000000000000e+03,1.879076086956521729e+00,7.873364306866297291e-01,1.017121118780599659e-01,1.000000000000000000e+00
1.384000000000000000e+03,1.880434782608695565e+00,8.086461402019858857e-01,9.441763092279283065e-02,1.000000000000000000e+00
1.385000000000000000e+03,1.881793478260869623e+00,9.974043194477916208e-01,1.091625129452049037e-01,1.000000000000000000e+00
1.386000000000000000e+03,1.883152173913043459e+00,1.001391406601867873e+00,1.353067674457349712e-01,1.000000000000000000e+00
1.387000000000000000e+03,1.884510869565217295e+00,8.320763149259188252e-01,1.181257365329915626e-01,1.000000000000000000e+00
1.388000000000000000e+03,1.885869565217391353e+00,9.403850672319667980e-01,9.961560451346564149e-02,1.000000000000000000e+00
1.389000000000000000e+03,1.887228260869565188e+00,9.828050249151891737e-01,1.060222253087348271e-01,1.000000000000000000e+00
1.390000000000000000e+03,1.888586956521739024e+00,1.045392307030975632e+00,1.214485433171259010e-01,1.000000000000000000e+00
1.391000000000000000e+03,1.889945652173913082e+00,9.461174646347235706e-01,1.372615905361300181e-01,1.000000000000000000e+00
1.392000000000000000e+03,1.891304347826086918e+00,1.063458699475214431e+00,1.333156164354875051e-01,1.000000000000000000e+00
1.393000000000000000e+03,1.892663043478260976e+00,1.041512032994290626e+00,1.290735766588194666e-01,1.000000000000000000e+00
1.394000000000000000e+03,1.894021739130434812e+00,1.035900750675610604e+00,1.134714386628639937e-01,1.000000000000000000e+00
1.395000000000000000e+03,1.895380434782608647e+00,1.109243113664851954e+00,1.173921313242938941e-01,1.000000000000000000e+00
1.396000000000000000e+03,1.896739130434782705e+00,9.023608354000357545e-01,9.824626778216599687e-02,1.000000000000000000e+00
1.397000000000000000e+03,1.898097826086956541e+00,9.974278457950758181e-01,1.163313443898283950e-01,1.000000000000000000e+00
1.398000000000000000e+03,1.899456521739130377e+00,9.917548016166893854e-01,1.291606383584510687e-01,1.000000000000000000e+00
1.399000000000000000e+03,1.900815217391304435e+00,8.550677968638416004e-01,1.109175936978109289e-01,1.000000000000000000e+00
1.400000000000000000e+03,1.902173913043478271e+00,1.094621933850818296e+00,1.264086275014870420e-01,1.000000000000000000e+00
1.401000000000000000e+03,1.903532608695652106e+00,1.064564441224026714e+00,1.385860541184454897e-01,1.000000000000000000e+00
1.402000000000000000e+03,1.904891304347826164e+00,1.011044766088861513e+00,1.322550402191739194e-01,1.000000000000000000e+00
1.403000000000000000e+03,1.906250000000000000e+00,1.011562182463811910e+00,1.172515153500958834e-01,1.000000000000000000e+00
1.404000000000000000e+03,1.907608695652173836e+00,1.107486284684020772e+00,1.453898961223946962e-01,1.000000000000000000e+00
1.405000000000000000e+03,1.908967391304347894e+00,1.010919299412683214e+00,1.295372846431428748e-01,1.000000000000000000e+00
1.406000000000000000e+03,1.910326086956521729e+00,1.039774044546083021e+00,1.189687717340108808e-01,1.000000000000000000e+00
1.407000000000000000e+03,1.911684782608695565e+00,1.023671710057465489e+00,1.056330982975720034e-01,1.000000000000000000e+00
1.408000000000000000e+03,1.913043478260869623e+00,1.081579294207751341e+00,1.188045830518618257e-01,1.000000000000000000e+00
1.409000000000000000e+03,1.914402173913043459e+00,8.592684025553003480e-01,1.313058562587594569e-01,1.000000000000000000e+00
1.410000000000000000e+03,1.915760869565217295e+00,1.167012406333904462e+00,1.160695238209418778e-01,1.000000000000000000e+00
1.411000000000000000e+03,1.917119565217391353e+00,1.091766260216849194e+00,1.396038451146407178e-01,1.000000000000000000e+00
1.412000000000000000e+03,1.918478260869565188e+00,1.176224659255203919e+00,1.106403306382294921e-01,1.000000000000000000e+00
1.413000000000000000e+03,1.919836956521739024e+00,8.946731555733972163e-01,1.297657646864181780e-01,1.000000000000000000e+00
1.414000000000000000e+03,1.921195652173913082e+00,1.073233292756912149e+00,1.168151367377596311e-01,1.000000000000000000e+00
1.415000000000000000e+03,1.922554347826086918e+00,9.371268749411798549e-01,1.327484266651534628e-01,1.000000000000000000e+00
1.416000000000000000e+03,1.923913043478260976e+00,1.049875248428274066e+00,9.191093142738414323e-02,1.000000000000000000e+00
1.417000000000000000e+03,1.925271739130434812e+00,9.730272264230698243e-01,1.097472215604253232e-01,1.000000000000000000e+00
1.418000000000000000e+03,1.926630434782608647e+00,9.259349665399673190e-01,1.240576588300511124e-01,1.000000000000000000e+00
1.419000000000000000e+03,1.927989130434782705e+00,8.138427551717803965e-01,9.632107050758285938e-02,1.000000000000000000e+00
1.420000000000000000e+03,1.929347826086956541e+00,7.208242471488229830e-01,8.353068681442078758e-02,1.000000000000000000e+00
1.421000000000000000e+03,1.930706521739130377e+00,9.898211204540116048e-01,1.269741787420453627e-01,1.000000000000000000e+00
1.422000000000000000e+03,1.932065217391304435e+00,1.224058408143944510e+00,1.750771008041254184e-01,1.000000000000000000e+00
1.423000000000000000e+03,1.933423913043478271e+00,1.142887964429182945e+00,1.169678662223054139e-01,1.000000000000000000e+00
1.424000000000000000e+03,1.934782608695652106e+00,8.587731496544006582e-01,9.299642235833446846e-02,1.000000000000000000e+00
1.425000000000000000e+03,1.936141304347826164e+00,1.062699955419368791e+00,1.095809089004277787e-01,1.000000000000000000e+00
1.426000000000000000e+03,1.937500000000000000e+00,1.055402064913809168e+00,1.258033494581843603e-01,1.000000000000000000e+00
1.427000000000000000e+03,1.938858695652173836e+00,1.101005053288431235e+00,1.216580257471655546e-01,1.000000000000000000e+00
1.428000000000000000e+03,1.940217391304347894e+00,9.282627091640004435e-01,1.061128734598000695e-01,1.000000000000000000e+00
1.429000000000000000e+03,1.941576086956521729e+00,9.512152737547677761e-01,1.051924675458632275e-01,1.000000000000000000e+00
1.430000000000000000e+03,1.942934782608695565e+00,1.003495438056353439e+00,1.331886782784730827e-01,1.000000000000000000e+00
1.431000000000000000e+03,1.944293478260869623e+00,7.699555542177908274e-01,7.615457421914456626e-02,1.000000000000000000e+00
1.432000000000000000e+03,1.945652173913043459e+00,8.749275187455128888e-01,1.180167031112619030e-01,1.000000000000000000e+00
1.433000000000000000e+03,1.947010869565217295e+00,1.138071592822495814e+00,1.353270735754154019e-01,1.000000000000000000e+00
1.434000000000000000e+03,1.948369565217391353e+00,9.434916225411751345e-01,1.307076542476312275e-01,1.000000000000000000e+00
1.435000000000000000e+03,1.949728260869565188e+00,9.545198595995645352e-01,1.488795853923799428e-01,1.000000000000000000e+00
1.436000000000000000e+03,1.951086956521739024e+00,9.613716961191483001e-01,1.269012825577072734e-01,1.000000000000000000e+00
1.437000000000000000e+03,1.952445652173913082e+00,8.809419521288160970e-01,9.581350252466878936e-02,1.000000000000000000e+00
1.438000000000000000e+03,1.953804347826086918e+00,9.698551061251914351e-01,1.179712506681916268e-01,1.000000000000000000e+00
1.439000000000000000e+03,1.955163043478260976e+00,9.583128687679167701e-01,1.186671988745397893e-01,1.000000000000000000e+00
1.440000000000000000e+03,1.956521739130434812e+00,9.591107784613585041e-01,1.046800959249437474e-01,1.000000000000000000e+00
1.441000000000000000e+03,1.957880434782608647e+00,8.750990006832799484e-01,1.005769042010337955e-01,1.000000000000000000e+00
1.442000000000000000e+03,1.959239130434782705e+00,9.088808478116112699e-01,1.142443077142790558e-01,1.000000000000000000e+00
1.443000000000000000e+03,1.960597826086956541e+00,9.908773617216496410e-01,1.191519422771869507e-01,1.000000000000000000e+00
1.444000000000000000e+03,1.961956521739130377e+00,9.628608296828357060e-01,1.256999019962556641e-01,1.000000000000000000e+00
1.445000000000000000e+03,1.963315217391304435e+00,9.966410671905420182e-01,1.176079248746619427e-01,1.000000000000000000e+00
1.446000000000000000e+03,1.964673913043478271e+00,1.140741391070389854e+00,1.520839337539615921e-01,1.000000000000000000e+00
1.447000000000000000e+03,1.966032608695652106e+00,1.011369338715382371e+00,1.488352098161930259e-01,1.000000000000000000e+00
1.448000000000000000e+03,1.967391304347826164e+00,9.762418162079289363e-01,1.137693593469566167e-01,1.000000000000000000e+00
1.449000000000000000e+03,1.968750000000000000e+00,1.022737326898035093e+00,1.425964473156219603e-01,1.000000000000000000e+00
1.450000000000000000e+03,1.970108695652173836e+00,9.809851658902183358e-01,1.299041059872179660e-01,1.000000000000000000e+00
1.451000000000000000e+03,1.971467391304347894e+00,1.029071545810440691e+00,1.121512099700572723e-01,1.000000000000000000e+00
1.452000000000000000e+03,1.972826086956521729e+00,9.839716050422386839e-01,1.091987924611956678e-01,1.000000000000000000e+00
1.453000000000000000e+03,1.974184782608695565e+00,1.005364080775658087e+00,1.372910931501036824e-01,1.000000000000000000e+00
1.454000000000000000e+03,1.975543478260869623e+00,8.170992226835799288e-01,8.984512524553613100e-02,1.000000000000000000e+00
1.455000000000000000e+03,1.976902173913043459e+00,9.290938555044648828e-01,1.079197121970137674e-01,1.000000000000000000e+00
1.456000000000000000e+03,1.978260869565217295e+00,9.026487403589668057e-01,8.833133657576526521e-02,1.000000000000000000e+00
1.457000000000000000e+03,1.979619565217391353e+00,1.060780084781170363e+00,1.264933781752458630e-01,1.000000000000000000e+00
1.458000000000000000e+03,1.980978260869565188e+00,7.062630764783636161e-01,7.352978286194801483e-02,1.000000000000000000e+00
1.459000000000000000e+03,1.982336956521739024e+00,7.797348634454840388e-01,1.022132022025670217e-01,1.000000000000000000e+00
1.460000000000000000e+03,1.983695652173913082e+00,1.004697465326717110e+00,1.234398984811283378e-01,1.000000000000000000e+00
1.461000000000000000e+03,1.985054347826086918e+00,1.112887085723469616e+00,1.528742583618277473e-01,1.000000000000000000e+00
1.462000000000000000e+03,1.986413043478260976e+00,1.062704823580288505e+00,1.157565112819362446e-01,1.000000000000000000e+00
1.463000000000000000e+03,1.987771739130434812e+00,1.109451257227709098e+00,1.783963454697448936e-01,1.000000000000000000e+00
1.464000000000000000e+03,1.989130434782608647e+00,9.283901253956570176e-01,1.137415437263162576e-01,1.000000000000000000e+00
1.465000000000000000e+03,1.990489130434782705e+00,1.058217710753718732e+00,1.484968667874439208e-01,1.000000000000000000e+00
1.466000000000000000e+03,1.991847826086956541e+00,9.510876044389711126e-01,1.112633632532491479e-01,1.000000000000000000e+00
1.467000000000000000e+03,1.993206521739130377e+00,7.347546515863306871e-01,9.687114911058516964e-02,1.000000000000000000e+00
1.468000000000000000e+03,1.994565217391304435e+00,1.145852341827135579e+00,1.222169440410310753e-01,1.000000000000000000e+00
1.469000000000000000e+03,1.995923913043478271e+00,1.115850573165766191e+00,1.410999001799322083e-01,1.000000000000000000e+00
1.470000000000000000e+03,1.997282608695652106e+00,9.247517089782599786e-01,1.219317778004568725e-01,1.000000000000000000e+00
1.471000000000000000e+03,1.998641304347826164e+00,7.056955725874509699e-01,9.766861716300044571e-02,1.000000000000000000e+00
1.472000000000000000e+03,2.000000000000000000e+00,9.508487767159399251e-01,1.078975506798788425e-01,1.000000000000000000e+00
